{
    "min_time": 0.0,
    "max_time": 0.1099996566772461,
    "all_time": 0.015644771814346314,
    "min_round": 5,
    "max_round": 8700,
    "all_rounds": 2542599,
    "more_winner": 0,
    "winner": [
        21,
        5,
        9,
        22,
        24,
        30,
        14,
        11,
        13,
        3,
        10,
        9,
        9,
        12,
        38,
        10,
        23,
        11,
        23,
        18,
        13,
        20,
        15,
        12,
        8,
        19,
        5,
        38,
        19,
        41,
        5,
        20,
        32,
        14,
        5,
        17,
        5,
        14,
        3,
        40,
        43,
        31,
        21,
        30,
        16,
        32,
        21,
        39,
        2,
        7,
        32,
        13,
        22,
        17,
        6,
        41,
        19,
        29,
        34,
        21,
        20,
        27,
        6,
        37,
        27,
        19,
        44,
        8,
        20,
        7,
        16,
        34,
        6,
        20,
        40,
        9,
        29,
        11,
        3,
        12,
        32,
        31,
        27,
        2,
        7,
        39,
        13,
        26,
        42,
        3,
        32,
        14,
        44,
        6,
        12,
        13,
        16,
        11,
        25,
        17,
        23,
        30,
        21,
        44,
        43,
        19,
        23,
        27,
        11,
        41,
        3,
        34,
        37,
        11,
        26,
        11,
        32,
        19,
        36,
        6,
        5,
        7,
        2,
        17,
        38,
        17,
        8,
        18,
        6,
        2,
        20,
        1,
        39,
        40,
        7,
        13,
        16,
        19,
        27,
        1,
        16,
        7,
        5,
        16,
        40,
        7,
        11,
        20,
        38,
        28,
        41,
        18,
        32,
        9,
        37,
        14,
        7,
        42,
        37,
        40,
        12,
        32,
        41,
        4,
        12,
        10,
        42,
        23,
        44,
        37,
        4,
        9,
        19,
        32,
        40,
        17,
        9,
        8,
        15,
        40,
        26,
        17,
        9,
        24,
        32,
        28,
        28,
        5,
        12,
        37,
        6,
        37,
        30,
        20,
        13,
        7,
        1,
        1,
        16,
        37,
        31,
        15,
        6,
        3,
        18,
        24,
        39,
        18,
        1,
        10,
        12,
        16,
        3,
        30,
        24,
        8,
        34,
        16,
        10,
        39,
        9,
        30,
        3,
        39,
        6,
        14,
        20,
        11,
        15,
        6,
        1,
        11,
        25,
        6,
        15,
        24,
        12,
        3,
        1,
        11,
        5,
        2,
        33,
        33,
        1,
        20,
        16,
        34,
        10,
        22,
        12,
        4,
        1,
        23,
        38,
        21,
        11,
        2,
        15,
        6,
        32,
        4,
        14,
        3,
        41,
        15,
        22,
        14,
        15,
        36,
        33,
        30,
        3,
        31,
        9,
        7,
        1,
        2,
        23,
        29,
        10,
        8,
        3,
        7,
        33,
        13,
        16,
        4,
        2,
        3,
        40,
        6,
        42,
        23,
        44,
        44,
        31,
        10,
        42,
        5,
        14,
        42,
        18,
        33,
        19,
        20,
        8,
        7,
        9,
        10,
        34,
        6,
        16,
        13,
        1,
        26,
        16,
        20,
        9,
        14,
        38,
        13,
        7,
        17,
        13,
        21,
        18,
        10,
        2,
        44,
        29,
        23,
        13,
        23,
        1,
        36,
        26,
        10,
        43,
        11,
        6,
        10,
        11,
        38,
        26,
        36,
        1,
        12,
        3,
        12,
        17,
        3,
        24,
        7,
        37,
        1,
        3,
        12,
        1,
        16,
        32,
        9,
        23,
        5,
        10,
        5,
        13,
        37,
        20,
        22,
        15,
        32,
        27,
        30,
        7,
        35,
        32,
        39,
        11,
        26,
        31,
        22,
        7,
        26,
        21,
        28,
        36,
        4,
        20,
        25,
        9,
        5,
        19,
        21,
        15,
        43,
        11,
        31,
        19,
        20,
        25,
        26,
        10,
        24,
        10,
        7,
        32,
        15,
        2,
        6,
        5,
        27,
        37,
        19,
        33,
        29,
        14,
        14,
        18,
        20,
        8,
        29,
        20,
        5,
        28,
        27,
        16,
        41,
        8,
        27,
        35,
        5,
        3,
        1,
        36,
        33,
        6,
        20,
        22,
        4,
        10,
        44,
        25,
        6,
        39,
        33,
        32,
        36,
        25,
        10,
        38,
        13,
        5,
        10,
        8,
        23,
        41,
        8,
        9,
        5,
        5,
        11,
        8,
        12,
        5,
        37,
        38,
        22,
        40,
        5,
        32,
        1,
        7,
        14,
        22,
        17,
        22,
        6,
        35,
        6,
        21,
        21,
        11,
        32,
        3,
        3,
        33,
        11,
        23,
        7,
        10,
        22,
        2,
        1,
        37,
        6,
        12,
        15,
        6,
        31,
        1,
        29,
        3,
        10,
        34,
        43,
        2,
        20,
        1,
        33,
        32,
        18,
        19,
        25,
        30,
        19,
        18,
        7,
        21,
        6,
        17,
        17,
        43,
        34,
        12,
        7,
        4,
        30,
        2,
        7,
        5,
        43,
        33,
        36,
        37,
        39,
        19,
        23,
        27,
        1,
        13,
        5,
        8,
        16,
        20,
        1,
        30,
        10,
        14,
        42,
        16,
        32,
        11,
        34,
        21,
        18,
        18,
        20,
        8,
        37,
        14,
        18,
        37,
        37,
        24,
        32,
        13,
        11,
        3,
        31,
        7,
        34,
        14,
        5,
        41,
        21,
        23,
        10,
        14,
        5,
        2,
        13,
        2,
        19,
        5,
        25,
        13,
        25,
        8,
        32,
        26,
        31,
        11,
        43,
        2,
        30,
        22,
        25,
        11,
        1,
        41,
        25,
        2,
        27,
        3,
        26,
        14,
        35,
        15,
        1,
        30,
        26,
