{
    "min_time": 0.0,
    "max_time": 0.07899880409240723,
    "all_time": 0.017095706939697267,
    "min_round": 5,
    "max_round": 12840,
    "all_rounds": 3795917,
    "more_winner": 1,
    "winner": [
        15,
        45,
        29,
        34,
        6,
        11,
        12,
        29,
        29,
        18,
        32,
        33,
        38,
        27,
        53,
        8,
        5,
        9,
        5,
        5,
        24,
        43,
        3,
        9,
        22,
        39,
        50,
        27,
        19,
        3,
        13,
        14,
        57,
        13,
        46,
        50,
        10,
        10,
        50,
        22,
        41,
        10,
        28,
        11,
        45,
        23,
        47,
        1,
        56,
        11,
        9,
        26,
        26,
        13,
        25,
        21,
        11,
        63,
        37,
        20,
        64,
        26,
        23,
        19,
        37,
        25,
        4,
        14,
        50,
        3,
        5,
        29,
        11,
        30,
        11,
        44,
        12,
        6,
        38,
        11,
        11,
        47,
        43,
        25,
        16,
        59,
        2,
        11,
        31,
        6,
        7,
        36,
        23,
        35,
        22,
        31,
        29,
        26,
        5,
        29,
        31,
        3,
        12,
        60,
        16,
        4,
        47,
        7,
        54,
        25,
        43,
        34,
        6,
        12,
        2,
        27,
        38,
        28,
        14,
        7,
        10,
        14,
        47,
        2,
        33,
        36,
        18,
        55,
        27,
        55,
        5,
        12,
        7,
        15,
        10,
        22,
        4,
        28,
        8,
        57,
        42,
        64,
        30,
        51,
        9,
        54,
        35,
        43,
        49,
        9,
        17,
        40,
        31,
        10,
        44,
        37,
        5,
        56,
        38,
        3,
        22,
        52,
        10,
        29,
        36,
        15,
        16,
        6,
        26,
        29,
        36,
        10,
        1,
        26,
        37,
        55,
        19,
        2,
        32,
        3,
        28,
        37,
        33,
        31,
        41,
        13,
        42,
        6,
        56,
        46,
        32,
        22,
        12,
        12,
        49,
        28,
        63,
        32,
        11,
        52,
        17,
        54,
        55,
        32,
        12,
        8,
        4,
        59,
        2,
        13,
        19,
        56,
        23,
        18,
        5,
        14,
        7,
        52,
        62,
        1,
        33,
        40,
        5,
        32,
        50,
        23,
        27,
        18,
        54,
        43,
        27,
        6,
        53,
        1,
        14,
        63,
        21,
        12,
        41,
        6,
        6,
        7,
        41,
        36,
        9,
        1,
        54,
        45,
        26,
        41,
        14,
        36,
        42,
        4,
        2,
        24,
        50,
        20,
        3,
        24,
        5,
        64,
        48,
        43,
        17,
        7,
        35,
        16,
        15,
        51,
        24,
        22,
        37,
        32,
        29,
        62,
        7,
        9,
        1,
        10,
        13,
        26,
        13,
        23,
        30,
        13,
        14,
        52,
        14,
        44,
        4,
        5,
        21,
        29,
        44,
        18,
        6,
        5,
        25,
        62,
        8,
        10,
        2,
        42,
        2,
        34,
        33,
        7,
        24,
        25,
        45,
        23,
        14,
        2,
        19,
        39,
        2,
        10,
        8,
        50,
        58,
        58,
        15,
        8,
        27,
        11,
        8,
        2,
        57,
        8,
        47,
        22,
        19,
        54,
        6,
        28,
        10,
        22,
        45,
        63,
        11,
        41,
        13,
        34,
        32,
        50,
        7,
        22,
        20,
        61,
        2,
        6,
        14,
        40,
        53,
        6,
        63,
        23,
        16,
        15,
        28,
        1,
        11,
        29,
        3,
        38,
        30,
        8,
        6,
        1,
        46,
        31,
        52,
        35,
        31,
        25,
        13,
        39,
        15,
        5,
        15,
        18,
        21,
        63,
        9,
        40,
        59,
        7,
        7,
        32,
        20,
        12,
        14,
        4,
        27,
        44,
        28,
        26,
        12,
        51,
        39,
        26,
        10,
        31,
        21,
        24,
        31,
        1,
        7,
        23,
        55,
        49,
        57,
        1,
        6,
        20,
        28,
        2,
        10,
        53,
        19,
        11,
        46,
        29,
        11,
        46,
        10,
        20,
        28,
        46,
        50,
        24,
        33,
        54,
        44,
        25,
        13,
        28,
        6,
        1,
        62,
        26,
        38,
        8,
        36,
        12,
        14,
        13,
        29,
        1,
        56,
        28,
        54,
        4,
        48,
        15,
        15,
        47,
        5,
        30,
        41,
        6,
        7,
        18,
        28,
        33,
        36,
        37,
        10,
        57,
        19,
        40,
        14,
        58,
        39,
        8,
        21,
        62,
        10,
        11,
        63,
        17,
        29,
        15,
        15,
        35,
        61,
        32,
        18,
        57,
        19,
        64,
        57,
        44,
        6,
        5,
        25,
        3,
        13,
        6,
        61,
        60,
        13,
        1,
        3,
        10,
        3,
        28,
        35,
        64,
        23,
        41,
        27,
        1,
        8,
        2,
        12,
        64,
        35,
        34,
        3,
        31,
        13,
        12,
        16,
        2,
        5,
        59,
        9,
        17,
        46,
        32,
        6,
        45,
        36,
        27,
        21,
        2,
        11,
        17,
        31,
        42,
        16,
        5,
        7,
        53,
        24,
        25,
        14,
        29,
        2,
        37,
        36,
        27,
        14,
        31,
        20,
        34,
        37,
        9,
        39,
        21,
        10,
        19,
        56,
        2,
        14,
        47,
        18,
        11,
        39,
        41,
        12,
        46,
        6,
        3,
        59,
        37,
        3,
        28,
        6,
        10,
        25,
        53,
        48,
        1,
        35,
        17,
        37,
        13,
        34,
        30,
        17,
        37,
        8,
        3,
        12,
        4,
        12,
        33,
        21,
        21,
        63,
        11,
        20,
        64,
        21,
        32,
        6,
