{
    "min_time": 0.0,
    "max_time": 0.0930013656616211,
    "all_time": 0.005504996538162232,
    "min_round": 28,
    "max_round": 2500,
    "all_rounds": 681586,
    "more_winner": 0,
    "winner": [
        3,
        4,
        2,
        2,
        2,
        1,
        1,
        2,
        1,
        3,
        2,
        1,
        1,
        4,
        1,
        1,
        4,
        2,
        4,
        4,
        2,
        3,
        1,
        2,
        2,
        1,
        3,
        1,
        1,
        1,
        4,
        4,
        2,
        4,
        4,
        1,
        2,
        2,
        1,
        3,
        1,
        2,
        3,
        1,
        2,
        1,
        3,
        3,
        2,
        2,
        2,
        1,
        1,
        1,
        4,
        3,
        1,
        2,
        1,
        3,
        2,
        4,
        2,
        2,
        3,
        1,
        2,
        2,
        3,
        2,
        4,
        4,
        3,
        1,
        3,
        2,
        1,
        1,
        2,
        1,
        4,
        3,
        1,
        1,
        4,
        4,
        2,
        3,
        3,
        4,
        4,
        1,
        4,
        3,
        3,
        4,
        3,
        1,
        3,
        2,
        3,
        4,
        4,
        1,
        4,
        2,
        3,
        2,
        1,
        1,
        2,
        4,
        3,
        1,
        2,
        1,
        3,
        3,
        4,
        2,
        1,
        3,
        2,
        1,
        2,
        1,
        1,
        4,
        2,
        2,
        4,
        2,
        3,
        2,
        3,
        4,
        1,
        1,
        1,
        3,
        2,
        4,
        1,
        4,
        1,
        1,
        1,
        1,
        4,
        4,
        4,
        4,
        1,
        2,
        1,
        2,
        2,
        1,
        4,
        4,
        4,
        2,
        3,
        4,
        3,
        1,
        4,
        2,
        3,
        4,
        4,
        2,
        1,
        3,
        4,
        2,
        4,
        4,
        1,
        2,
        4,
        4,
        4,
        1,
        2,
        3,
        1,
        2,
        1,
        3,
        4,
        1,
        2,
        3,
        3,
        1,
        1,
        4,
        1,
        3,
        2,
        3,
        2,
        4,
        1,
        1,
        1,
        4,
        2,
        2,
        4,
        2,
        3,
        1,
        2,
        2,
        3,
        2,
        2,
        1,
        1,
        1,
        2,
        4,
        2,
        1,
        2,
        4,
        4,
        2,
        1,
        2,
        3,
        4,
        1,
        3,
        2,
        3,
        1,
        4,
        1,
        3,
        3,
        3,
        1,
        3,
        3,
        3,
        1,
        2,
        1,
        4,
        1,
        1,
        1,
        2,
        1,
        4,
        4,
        1,
        3,
        3,
        3,
        3,
        4,
        1,
        4,
        1,
        1,
        4,
        1,
        1,
        1,
        1,
        4,
        2,
        1,
        1,
        4,
        1,
        1,
        2,
        2,
        2,
        2,
        4,
        1,
        3,
        1,
        2,
        4,
        2,
        1,
        2,
        4,
        1,
        3,
        2,
        2,
        2,
        2,
        2,
        2,
        1,
        1,
        4,
        2,
        4,
        1,
        3,
        4,
        1,
        4,
        4,
        3,
        1,
        3,
        4,
        4,
        4,
        1,
        2,
        1,
        2,
        1,
        1,
        1,
        2,
        3,
        2,
        2,
        1,
        2,
        2,
        3,
        2,
        1,
        4,
        4,
        3,
        3,
        2,
        4,
        3,
        2,
        2,
        4,
        3,
        4,
        2,
        1,
        3,
        2,
        4,
        2,
        4,
        4,
        3,
        1,
        1,
        4,
        4,
        2,
        3,
        1,
        2,
        1,
        1,
        3,
        2,
        1,
        1,
        2,
        2,
        4,
        4,
        1,
        1,
        4,
        2,
        1,
        1,
        2,
        1,
        2,
        1,
        4,
        2,
        3,
        2,
        3,
        4,
        2,
        4,
        3,
        4,
        1,
        3,
        1,
        2,
        2,
        1,
        4,
        1,
        2,
        2,
        3,
        1,
        3,
        1,
        3,
        2,
        2,
        1,
        4,
        1,
        2,
        4,
        4,
        4,
        2,
        2,
        3,
        1,
        2,
        2,
        2,
        2,
        3,
        4,
        2,
        1,
        1,
        4,
        3,
        1,
        3,
        3,
        3,
        1,
        1,
        3,
        1,
        4,
        1,
        2,
        4,
        1,
        2,
        3,
        1,
        2,
        2,
        2,
        2,
        4,
        3,
        2,
        2,
        4,
        3,
        4,
        3,
        1,
        3,
        1,
        3,
        3,
        1,
        4,
        1,
        3,
        1,
        1,
        4,
        1,
        3,
        1,
        1,
        1,
        3,
        4,
        1,
        2,
        1,
        1,
        1,
        2,
        1,
        1,
        1,
        3,
        1,
        2,
        2,
        2,
        4,
        4,
        2,
        3,
        2,
        4,
        3,
        1,
        2,
        1,
        4,
        2,
        4,
        2,
        2,
        4,
        2,
        1,
        1,
        1,
        3,
        1,
        3,
        2,
        3,
        3,
        4,
        2,
        1,
        3,
        4,
        3,
        2,
        3,
        3,
        2,
        1,
        3,
        3,
        3,
        3,
        3,
        2,
        1,
        2,
        4,
        1,
        2,
        4,
        4,
        4,
        3,
        3,
        2,
        3,
        4,
        1,
        2,
        2,
        2,
        2,
        2,
        4,
        1,
        4,
        2,
        2,
        3,
        4,
        3,
        2,
        1,
        4,
        2,
        1,
        2,
        3,
        2,
        3,
        2,
        1,
        3,
        1,
        2,
        4,
        1,
        3,
        1,
        2,
        4,
        1,
        3,
        1,
        2,
        1,
        1,
        1,
        1,
        1,
        1,
        1,
        4,
        1,
        1,
        2,
        1,
        2,
        1,
        2,
        3,
        4,
        4,
        1,
        4,
        2,
        1,
        2,
        1,
        1,
        4,
        2,
        2,
        3,
        3,
        4,
        2,
        4,
        4,
        3,
        4,
        2,
        1,
        1,
        3,
        4,
        1,
        2,
        1,
        4,
        1,
        3,
        4,
        1,
        3,
        2,
        4,
        1,
        1,
        1,
        2,
        2,
        4,
