{
    "min_time": 0.0019991397857666016,
    "max_time": 0.18000102043151855,
    "all_time": 0.025672976016998292,
    "min_round": 209,
    "max_round": 10600,
    "all_rounds": 3441382,
    "more_winner": 0,
    "winner": [
        19,
        16,
        26,
        9,
        24,
        6,
        7,
        18,
        2,
        5,
        9,
        17,
        38,
        17,
        30,
        3,
        29,
        37,
        30,
        40,
        1,
        28,
        39,
        6,
        3,
        9,
        33,
        2,
        6,
        8,
        2,
        29,
        25,
        2,
        16,
        7,
        1,
        1,
        1,
        6,
        6,
        16,
        8,
        8,
        15,
        2,
        5,
        9,
        7,
        39,
        22,
        25,
        17,
        4,
        26,
        6,
        9,
        8,
        15,
        34,
        3,
        28,
        10,
        22,
        7,
        2,
        16,
        2,
        14,
        2,
        10,
        10,
        5,
        2,
        2,
        19,
        21,
        1,
        34,
        7,
        18,
        28,
        30,
        23,
        38,
        1,
        10,
        22,
        26,
        26,
        37,
        16,
        28,
        9,
        39,
        11,
        9,
        41,
        17,
        1,
        23,
        5,
        6,
        10,
        12,
        23,
        35,
        36,
        21,
        13,
        2,
        32,
        16,
        35,
        41,
        35,
        25,
        1,
        28,
        5,
        20,
        16,
        5,
        35,
        3,
        42,
        22,
        1,
        32,
        11,
        37,
        3,
        16,
        17,
        19,
        19,
        17,
        33,
        9,
        1,
        12,
        13,
        13,
        6,
        16,
        1,
        19,
        1,
        33,
        8,
        25,
        10,
        28,
        2,
        13,
        41,
        1,
        5,
        38,
        9,
        9,
        40,
        38,
        10,
        11,
        38,
        22,
        7,
        10,
        29,
        11,
        23,
        7,
        15,
        34,
        8,
        11,
        24,
        8,
        11,
        30,
        34,
        15,
        34,
        8,
        7,
        2,
        13,
        3,
        7,
        34,
        2,
        29,
        27,
        19,
        4,
        3,
        24,
        5,
        23,
        27,
        4,
        28,
        18,
        22,
        3,
        9,
        1,
        1,
        2,
        22,
        8,
        7,
        3,
        16,
        12,
        10,
        10,
        7,
        14,
        7,
        6,
        7,
        10,
        6,
        13,
        6,
        38,
        17,
        14,
        27,
        9,
        2,
        6,
        34,
        15,
        2,
        39,
        26,
        3,
        25,
        21,
        14,
        33,
        17,
        1,
        41,
        13,
        3,
        36,
        22,
        28,
        4,
        3,
        1,
        18,
        4,
        17,
        32,
        39,
        13,
        21,
        40,
        7,
        37,
        29,
        11,
        35,
        31,
        9,
        12,
        13,
        17,
        1,
        19,
        6,
        18,
        5,
        4,
        35,
        1,
        2,
        29,
        14,
        22,
        33,
        19,
        2,
        28,
        10,
        1,
        21,
        20,
        16,
        7,
        3,
        23,
        12,
        11,
        20,
        12,
        11,
        17,
        8,
        5,
        42,
        13,
        1,
        4,
        24,
        3,
        22,
        20,
        27,
        3,
        11,
        7,
        40,
        27,
        3,
        5,
        20,
        33,
        16,
        2,
        2,
        5,
        15,
        4,
        15,
        5,
        36,
        3,
        25,
        34,
        7,
        14,
        3,
        10,
        1,
        2,
        6,
        2,
        11,
        5,
        12,
        6,
        12,
        30,
        21,
        32,
        1,
        16,
        24,
        1,
        23,
        31,
        20,
        4,
        3,
        4,
        7,
        1,
        11,
        7,
        1,
        22,
        15,
        36,
        5,
        13,
        22,
        12,
        22,
        12,
        38,
        21,
        8,
        5,
        35,
        42,
        25,
        7,
        1,
        6,
        11,
        10,
        3,
        20,
        1,
        6,
        26,
        10,
        15,
        4,
        8,
        19,
        26,
        2,
        10,
        8,
        13,
        13,
        23,
        32,
        32,
        3,
        7,
        32,
        7,
        27,
        14,
        23,
        4,
        41,
        3,
        37,
        21,
        22,
        1,
        16,
        20,
        38,
        5,
        6,
        38,
        5,
        14,
        5,
        15,
        7,
        17,
        5,
        10,
        7,
        5,
        22,
        2,
        8,
        5,
        17,
        6,
        22,
        3,
        40,
        3,
        20,
        2,
        29,
        15,
        7,
        36,
        19,
        2,
        3,
        2,
        31,
        5,
        20,
        12,
        6,
        18,
        41,
        39,
        1,
        7,
        11,
        8,
        26,
        20,
        15,
        23,
        19,
        20,
        25,
        20,
        12,
        12,
        24,
        20,
        28,
        13,
        10,
        29,
        7,
        25,
        2,
        7,
        18,
        19,
        3,
        2,
        7,
        22,
        4,
        17,
        20,
        26,
        6,
        9,
        9,
        5,
        16,
        38,
        27,
        1,
        11,
        1,
        11,
        24,
        2,
        11,
        12,
        9,
        41,
        8,
        2,
        7,
        6,
        7,
        19,
        34,
        6,
        4,
        8,
        12,
        25,
        20,
        15,
        6,
        16,
        38,
        39,
        17,
        11,
        8,
        4,
        12,
        33,
        12,
        3,
        24,
        11,
        1,
        25,
        9,
        20,
        17,
        3,
        25,
        18,
        1,
        15,
        12,
        3,
        7,
        31,
        12,
        40,
        14,
        5,
        19,
        1,
        3,
        41,
        1,
        5,
        8,
        28,
        14,
        13,
        7,
        2,
        26,
        19,
        4,
        17,
        15,
        28,
        20,
        18,
        34,
        4,
        7,
        26,
        22,
        24,
        11,
        31,
        9,
        6,
        1,
        14,
        18,
        24,
        2,
        9,
        10,
        6,
        39,
        4,
        7,
        18,
        40,
        34,
        35,
        35,
        1,
        15,
        1,
        18,
        29,
        13,
        28,
        6,
        34,
