{
    "min_time": 0.0,
    "max_time": 0.053000450134277344,
    "all_time": 0.01581844973564148,
    "min_round": 5,
    "max_round": 11461,
    "all_rounds": 3056682,
    "more_winner": 0,
    "winner": [
        5,
        28,
        28,
        11,
        43,
        16,
        42,
        20,
        20,
        4,
        14,
        11,
        21,
        21,
        19,
        1,
        1,
        37,
        40,
        23,
        6,
        2,
        31,
        9,
        27,
        11,
        9,
        1,
        28,
        37,
        9,
        14,
        3,
        1,
        28,
        10,
        21,
        41,
        44,
        27,
        2,
        44,
        14,
        29,
        45,
        13,
        28,
        31,
        43,
        11,
        3,
        23,
        20,
        34,
        31,
        1,
        26,
        39,
        16,
        2,
        13,
        4,
        1,
        1,
        2,
        18,
        27,
        4,
        4,
        18,
        11,
        32,
        45,
        1,
        31,
        9,
        3,
        44,
        28,
        50,
        34,
        7,
        1,
        31,
        20,
        2,
        16,
        17,
        5,
        12,
        30,
        20,
        16,
        50,
        43,
        4,
        53,
        16,
        44,
        5,
        3,
        39,
        48,
        5,
        12,
        20,
        4,
        2,
        8,
        27,
        9,
        10,
        31,
        20,
        6,
        17,
        19,
        20,
        7,
        26,
        48,
        1,
        22,
        25,
        20,
        10,
        33,
        2,
        29,
        19,
        41,
        24,
        46,
        16,
        10,
        45,
        6,
        32,
        4,
        4,
        48,
        37,
        14,
        8,
        15,
        14,
        9,
        11,
        42,
        49,
        10,
        3,
        41,
        17,
        4,
        8,
        3,
        24,
        21,
        28,
        35,
        45,
        26,
        53,
        41,
        8,
        49,
        7,
        13,
        41,
        2,
        20,
        41,
        47,
        4,
        52,
        3,
        23,
        18,
        34,
        10,
        2,
        13,
        42,
        4,
        7,
        29,
        32,
        1,
        42,
        4,
        12,
        34,
        39,
        5,
        11,
        1,
        36,
        22,
        15,
        9,
        10,
        46,
        45,
        17,
        33,
        23,
        5,
        22,
        29,
        31,
        40,
        31,
        38,
        13,
        42,
        5,
        14,
        7,
        3,
        25,
        33,
        37,
        23,
        29,
        42,
        18,
        16,
        26,
        53,
        22,
        42,
        5,
        24,
        8,
        4,
        37,
        9,
        26,
        23,
        9,
        4,
        23,
        42,
        29,
        53,
        28,
        10,
        49,
        25,
        7,
        1,
        41,
        18,
        39,
        37,
        1,
        46,
        44,
        12,
        53,
        14,
        1,
        10,
        34,
        1,
        54,
        33,
        54,
        1,
        10,
        16,
        3,
        13,
        3,
        9,
        33,
        35,
        5,
        46,
        52,
        9,
        29,
        11,
        4,
        8,
        17,
        38,
        20,
        11,
        4,
        41,
        7,
        45,
        50,
        24,
        13,
        33,
        13,
        7,
        21,
        17,
        45,
        44,
        39,
        39,
        27,
        54,
        42,
        22,
        3,
        28,
        16,
        34,
        14,
        18,
        13,
        13,
        15,
        20,
        42,
        15,
        2,
        38,
        9,
        3,
        45,
        23,
        6,
        31,
        28,
        14,
        30,
        47,
        5,
        37,
        30,
        2,
        8,
        31,
        13,
        29,
        41,
        11,
        15,
        17,
        15,
        30,
        23,
        25,
        35,
        1,
        19,
        45,
        5,
        11,
        4,
        28,
        3,
        16,
        3,
        25,
        48,
        40,
        31,
        24,
        5,
        10,
        37,
        53,
        10,
        39,
        31,
        29,
        34,
        27,
        29,
        18,
        19,
        5,
        34,
        21,
        9,
        44,
        25,
        26,
        40,
        1,
        33,
        44,
        40,
        23,
        27,
        49,
        19,
        1,
        5,
        15,
        36,
        44,
        9,
        1,
        22,
        38,
        46,
        34,
        2,
        16,
        45,
        28,
        22,
        28,
        2,
        1,
        10,
        1,
        23,
        38,
        3,
        47,
        24,
        35,
        29,
        4,
        6,
        34,
        16,
        35,
        27,
        32,
        13,
        37,
        11,
        47,
        48,
        19,
        13,
        22,
        23,
        7,
        35,
        6,
        51,
        40,
        15,
        27,
        5,
        37,
        3,
        1,
        22,
        10,
        21,
        11,
        15,
        38,
        21,
        33,
        36,
        54,
        54,
        11,
        15,
        36,
        20,
        19,
        7,
        2,
        50,
        21,
        22,
        21,
        37,
        27,
        18,
        8,
        27,
        6,
        22,
        17,
        23,
        23,
        14,
        14,
        23,
        15,
        7,
        25,
        16,
        22,
        16,
        27,
        5,
        33,
        30,
        12,
        13,
        14,
        31,
        52,
        13,
        21,
        54,
        42,
        5,
        5,
        1,
        18,
        7,
        2,
        13,
        42,
        42,
        2,
        16,
        19,
        17,
        6,
        3,
        15,
        9,
        18,
        5,
        35,
        42,
        44,
        7,
        15,
        1,
        8,
        54,
        17,
        13,
        9,
        3,
        28,
        31,
        52,
        37,
        5,
        28,
        12,
        10,
        11,
        2,
        11,
        2,
        13,
        36,
        24,
        34,
        49,
        49,
        13,
        11,
        4,
        12,
        19,
        17,
        37,
        15,
        34,
        49,
        32,
        41,
        12,
        35,
        12,
        17,
        43,
        46,
        41,
        53,
        44,
        22,
        27,
        9,
        53,
        44,
        42,
        19,
        22,
        16,
        49,
        45,
        3,
        9,
        53,
        4,
        7,
        1,
        7,
        6,
        23,
        15,
        20,
        8,
        14,
        4,
        26,
        23,
        19,
        43,
        12,
        21,
        6,
        48,
        19,
        6,
        8,
        23,
