{
    "min_time": 0.0,
    "max_time": 0.06499814987182617,
    "all_time": 0.015956526041030882,
    "min_round": 5,
    "max_round": 12500,
    "all_rounds": 3131288,
    "more_winner": 0,
    "winner": [
        31,
        29,
        19,
        8,
        13,
        35,
        15,
        7,
        4,
        2,
        39,
        3,
        20,
        2,
        40,
        28,
        48,
        15,
        6,
        12,
        47,
        6,
        32,
        40,
        49,
        17,
        41,
        31,
        14,
        25,
        44,
        38,
        10,
        30,
        1,
        6,
        20,
        13,
        46,
        22,
        4,
        31,
        7,
        7,
        24,
        45,
        12,
        17,
        8,
        30,
        6,
        23,
        2,
        16,
        20,
        49,
        6,
        33,
        53,
        7,
        29,
        26,
        5,
        11,
        24,
        1,
        51,
        23,
        1,
        1,
        28,
        40,
        31,
        8,
        2,
        19,
        16,
        40,
        30,
        41,
        3,
        49,
        3,
        49,
        15,
        11,
        17,
        39,
        9,
        1,
        26,
        28,
        38,
        40,
        2,
        19,
        21,
        25,
        8,
        32,
        36,
        20,
        3,
        33,
        2,
        3,
        25,
        1,
        8,
        35,
        19,
        12,
        24,
        13,
        51,
        41,
        2,
        12,
        13,
        53,
        29,
        26,
        21,
        14,
        8,
        1,
        13,
        19,
        10,
        3,
        8,
        5,
        12,
        32,
        27,
        2,
        12,
        47,
        6,
        20,
        24,
        20,
        11,
        23,
        7,
        13,
        28,
        1,
        10,
        35,
        4,
        6,
        4,
        16,
        31,
        51,
        43,
        13,
        1,
        13,
        2,
        54,
        49,
        6,
        32,
        15,
        1,
        3,
        34,
        6,
        54,
        38,
        36,
        2,
        12,
        5,
        54,
        8,
        18,
        16,
        25,
        5,
        11,
        6,
        9,
        36,
        36,
        33,
        27,
        40,
        6,
        47,
        54,
        9,
        55,
        33,
        21,
        15,
        31,
        44,
        54,
        4,
        18,
        26,
        11,
        32,
        44,
        27,
        9,
        55,
        21,
        36,
        36,
        42,
        33,
        29,
        44,
        42,
        10,
        11,
        5,
        52,
        33,
        37,
        13,
        50,
        30,
        7,
        13,
        44,
        34,
        1,
        46,
        49,
        5,
        50,
        36,
        31,
        27,
        30,
        43,
        3,
        40,
        13,
        19,
        37,
        26,
        32,
        2,
        32,
        3,
        15,
        3,
        27,
        13,
        17,
        11,
        15,
        29,
        41,
        13,
        53,
        39,
        21,
        22,
        23,
        26,
        17,
        10,
        24,
        13,
        17,
        9,
        30,
        40,
        6,
        28,
        28,
        39,
        51,
        44,
        1,
        25,
        45,
        23,
        10,
        24,
        18,
        2,
        55,
        30,
        13,
        9,
        4,
        15,
        34,
        30,
        15,
        15,
        6,
        37,
        4,
        52,
        35,
        23,
        9,
        17,
        37,
        23,
        13,
        10,
        3,
        39,
        52,
        15,
        35,
        46,
        32,
        7,
        39,
        46,
        29,
        4,
        14,
        27,
        16,
        9,
        6,
        44,
        1,
        26,
        9,
        48,
        36,
        30,
        34,
        24,
        15,
        21,
        28,
        3,
        18,
        39,
        10,
        2,
        4,
        6,
        2,
        8,
        12,
        1,
        10,
        33,
        11,
        1,
        24,
        51,
        38,
        31,
        8,
        13,
        11,
        25,
        54,
        2,
        49,
        53,
        20,
        4,
        34,
        54,
        3,
        1,
        45,
        15,
        1,
        1,
        29,
        29,
        37,
        31,
        43,
        1,
        24,
        15,
        29,
        49,
        29,
        3,
        29,
        5,
        21,
        48,
        21,
        11,
        33,
        55,
        42,
        26,
        32,
        1,
        4,
        41,
        40,
        7,
        41,
        14,
        8,
        31,
        40,
        5,
        10,
        5,
        55,
        19,
        22,
        6,
        32,
        28,
        17,
        39,
        27,
        34,
        4,
        31,
        43,
        54,
        40,
        4,
        32,
        37,
        28,
        53,
        9,
        7,
        41,
        15,
        23,
        6,
        48,
        26,
        20,
        4,
        1,
        33,
        21,
        43,
        32,
        2,
        10,
        8,
        37,
        14,
        30,
        11,
        24,
        21,
        4,
        1,
        17,
        1,
        4,
        11,
        18,
        6,
        38,
        31,
        20,
        6,
        5,
        2,
        2,
        5,
        13,
        13,
        21,
        20,
        22,
        53,
        2,
        22,
        7,
        25,
        11,
        36,
        12,
        26,
        28,
        19,
        12,
        31,
        7,
        2,
        25,
        17,
        47,
        55,
        12,
        17,
        40,
        46,
        5,
        38,
        42,
        11,
        47,
        16,
        1,
        52,
        8,
        40,
        1,
        48,
        47,
        22,
        14,
        5,
        35,
        21,
        9,
        37,
        2,
        42,
        48,
        19,
        48,
        11,
        31,
        53,
        30,
        3,
        14,
        44,
        9,
        18,
        48,
        14,
        13,
        49,
        14,
        25,
        31,
        37,
        28,
        34,
        3,
        21,
        23,
        29,
        5,
        10,
        37,
        4,
        40,
        1,
        25,
        29,
        17,
        25,
        21,
        44,
        12,
        8,
        39,
        12,
        16,
        6,
        11,
        25,
        1,
        25,
        5,
        14,
        19,
        4,
        13,
        18,
        34,
        36,
        5,
        1,
        16,
        1,
        2,
        21,
        9,
        25,
        6,
        28,
        20,
        28,
        13,
        40,
        4,
        19,
        13,
        26,
        31,
        15,
        12,
        33,
        40,
        11,
        52,
        39,
        7,
        4,
        34,
        27,
        20,
        7,
