{
    "min_time": 0.0,
    "max_time": 0.08100080490112305,
    "all_time": 0.017130027532577516,
    "min_round": 5,
    "max_round": 14372,
    "all_rounds": 4034317,
    "more_winner": 0,
    "winner": [
        13,
        52,
        26,
        35,
        50,
        6,
        15,
        26,
        7,
        40,
        4,
        4,
        51,
        21,
        13,
        18,
        45,
        66,
        3,
        27,
        58,
        39,
        69,
        68,
        49,
        47,
        45,
        55,
        22,
        4,
        64,
        30,
        69,
        32,
        51,
        34,
        24,
        16,
        5,
        61,
        8,
        6,
        1,
        28,
        11,
        1,
        67,
        21,
        24,
        40,
        65,
        36,
        5,
        1,
        66,
        28,
        43,
        8,
        65,
        14,
        62,
        16,
        14,
        18,
        22,
        18,
        22,
        44,
        29,
        23,
        40,
        15,
        37,
        1,
        31,
        17,
        21,
        27,
        15,
        37,
        13,
        61,
        37,
        27,
        31,
        1,
        44,
        65,
        33,
        21,
        22,
        33,
        52,
        58,
        55,
        21,
        58,
        12,
        25,
        9,
        37,
        51,
        59,
        24,
        1,
        15,
        31,
        19,
        5,
        19,
        25,
        20,
        55,
        23,
        42,
        28,
        15,
        6,
        14,
        41,
        4,
        40,
        55,
        45,
        8,
        34,
        6,
        3,
        5,
        8,
        15,
        48,
        11,
        64,
        6,
        17,
        51,
        22,
        50,
        29,
        2,
        2,
        3,
        52,
        48,
        24,
        7,
        9,
        48,
        15,
        1,
        12,
        13,
        4,
        33,
        55,
        66,
        40,
        38,
        6,
        60,
        35,
        26,
        21,
        10,
        16,
        46,
        4,
        64,
        9,
        32,
        61,
        19,
        26,
        28,
        64,
        36,
        35,
        33,
        18,
        38,
        69,
        29,
        12,
        64,
        25,
        35,
        40,
        16,
        66,
        9,
        40,
        3,
        45,
        15,
        42,
        47,
        20,
        41,
        11,
        55,
        40,
        1,
        58,
        3,
        3,
        14,
        6,
        3,
        20,
        21,
        57,
        38,
        49,
        51,
        22,
        6,
        13,
        12,
        32,
        2,
        36,
        11,
        5,
        23,
        2,
        43,
        1,
        4,
        1,
        28,
        3,
        1,
        47,
        13,
        62,
        2,
        8,
        1,
        1,
        4,
        16,
        50,
        2,
        2,
        20,
        18,
        31,
        13,
        4,
        32,
        47,
        7,
        24,
        25,
        15,
        17,
        24,
        29,
        36,
        20,
        53,
        20,
        16,
        15,
        43,
        19,
        68,
        18,
        17,
        45,
        15,
        14,
        26,
        30,
        4,
        15,
        26,
        13,
        22,
        37,
        2,
        16,
        57,
        23,
        61,
        65,
        4,
        19,
        20,
        4,
        3,
        50,
        3,
        7,
        18,
        55,
        63,
        4,
        48,
        44,
        51,
        12,
        10,
        19,
        55,
        64,
        47,
        2,
        51,
        62,
        5,
        1,
        6,
        4,
        58,
        1,
        3,
        25,
        1,
        25,
        9,
        4,
        11,
        65,
        55,
        3,
        3,
        30,
        10,
        18,
        5,
        39,
        31,
        19,
        2,
        3,
        26,
        37,
        1,
        2,
        16,
        5,
        33,
        18,
        8,
        24,
        5,
        40,
        13,
        31,
        2,
        41,
        1,
        60,
        18,
        64,
        24,
        15,
        50,
        1,
        5,
        1,
        8,
        2,
        6,
        1,
        36,
        54,
        20,
        8,
        7,
        22,
        27,
        24,
        32,
        8,
        49,
        30,
        15,
        51,
        67,
        67,
        36,
        23,
        16,
        8,
        15,
        17,
        11,
        15,
        48,
        5,
        6,
        31,
        24,
        66,
        51,
        47,
        22,
        33,
        65,
        12,
        19,
        43,
        33,
        17,
        61,
        5,
        12,
        1,
        2,
        7,
        13,
        37,
        28,
        6,
        40,
        40,
        17,
        34,
        47,
        6,
        42,
        16,
        1,
        43,
        57,
        66,
        54,
        6,
        8,
        14,
        30,
        46,
        19,
        3,
        38,
        15,
        1,
        66,
        66,
        15,
        8,
        29,
        26,
        14,
        50,
        12,
        45,
        63,
        12,
        47,
        47,
        68,
        57,
        51,
        15,
        31,
        39,
        11,
        27,
        16,
        4,
        38,
        23,
        13,
        11,
        13,
        24,
        63,
        17,
        44,
        17,
        13,
        13,
        7,
        4,
        3,
        69,
        6,
        6,
        3,
        41,
        2,
        8,
        9,
        11,
        36,
        2,
        43,
        41,
        18,
        21,
        11,
        65,
        59,
        45,
        18,
        27,
        30,
        9,
        37,
        17,
        23,
        4,
        27,
        8,
        40,
        52,
        68,
        38,
        65,
        30,
        27,
        41,
        19,
        17,
        6,
        33,
        33,
        30,
        8,
        1,
        49,
        20,
        65,
        16,
        17,
        21,
        25,
        4,
        26,
        5,
        20,
        1,
        29,
        13,
        8,
        5,
        26,
        17,
        4,
        31,
        29,
        38,
        21,
        2,
        30,
        12,
        27,
        39,
        9,
        4,
        3,
        36,
        18,
        47,
        10,
        5,
        1,
        36,
        21,
        2,
        49,
        4,
        5,
        18,
        23,
        28,
        18,
        65,
        38,
        29,
        14,
        51,
        69,
        10,
        64,
        1,
        19,
        15,
        38,
        18,
        11,
        66,
        1,
        2,
        50,
        42,
        34,
        18,
        69,
        14,
        8,
        8,
        14,
        7,
        1,
        16,
        17,
        1,
        15,
        42,
        56,
        48,
        4,
        51,
        58,
        8,
        50,
