{
    "min_time": 0.0,
    "max_time": 0.06099963188171387,
    "all_time": 0.018334027767181398,
    "min_round": 5,
    "max_round": 14901,
    "all_rounds": 4415245,
    "more_winner": 0,
    "winner": [
        38,
        29,
        5,
        43,
        28,
        8,
        18,
        61,
        54,
        36,
        46,
        21,
        39,
        2,
        31,
        57,
        12,
        25,
        34,
        5,
        9,
        30,
        48,
        58,
        2,
        54,
        35,
        12,
        1,
        66,
        2,
        10,
        5,
        38,
        14,
        15,
        53,
        34,
        12,
        66,
        17,
        31,
        21,
        55,
        8,
        9,
        18,
        17,
        30,
        5,
        14,
        14,
        40,
        21,
        34,
        50,
        23,
        72,
        33,
        4,
        7,
        68,
        52,
        4,
        40,
        46,
        35,
        12,
        19,
        38,
        20,
        6,
        68,
        1,
        22,
        11,
        57,
        56,
        59,
        7,
        50,
        47,
        35,
        51,
        69,
        11,
        10,
        45,
        69,
        21,
        17,
        8,
        57,
        6,
        48,
        33,
        34,
        41,
        28,
        31,
        23,
        10,
        29,
        36,
        6,
        22,
        40,
        24,
        4,
        45,
        52,
        13,
        26,
        68,
        55,
        54,
        15,
        41,
        39,
        5,
        27,
        5,
        3,
        20,
        66,
        37,
        33,
        2,
        48,
        3,
        22,
        60,
        59,
        13,
        36,
        4,
        21,
        7,
        24,
        7,
        11,
        4,
        29,
        27,
        15,
        6,
        31,
        33,
        27,
        10,
        5,
        26,
        33,
        68,
        22,
        19,
        25,
        60,
        44,
        29,
        23,
        60,
        41,
        20,
        38,
        46,
        3,
        56,
        2,
        47,
        1,
        21,
        30,
        33,
        8,
        58,
        5,
        9,
        29,
        19,
        24,
        13,
        61,
        16,
        9,
        21,
        32,
        53,
        2,
        16,
        47,
        26,
        22,
        66,
        36,
        12,
        34,
        62,
        6,
        27,
        67,
        38,
        54,
        2,
        4,
        32,
        38,
        8,
        23,
        44,
        44,
        26,
        30,
        13,
        8,
        7,
        11,
        19,
        15,
        48,
        28,
        59,
        29,
        19,
        55,
        49,
        11,
        9,
        2,
        15,
        5,
        3,
        35,
        6,
        5,
        19,
        1,
        42,
        1,
        3,
        5,
        54,
        13,
        9,
        40,
        3,
        72,
        34,
        10,
        42,
        8,
        27,
        25,
        2,
        36,
        40,
        66,
        42,
        24,
        22,
        40,
        70,
        28,
        19,
        16,
        31,
        33,
        16,
        6,
        17,
        34,
        52,
        59,
        33,
        65,
        3,
        13,
        54,
        39,
        47,
        37,
        38,
        5,
        18,
        7,
        5,
        6,
        49,
        17,
        21,
        7,
        8,
        24,
        29,
        10,
        5,
        18,
        26,
        62,
        30,
        17,
        61,
        26,
        33,
        56,
        54,
        51,
        9,
        15,
        18,
        33,
        52,
        31,
        68,
        1,
        20,
        23,
        35,
        26,
        19,
        12,
        3,
        27,
        39,
        5,
        7,
        15,
        26,
        22,
        23,
        58,
        44,
        6,
        27,
        60,
        27,
        32,
        69,
        33,
        51,
        62,
        8,
        53,
        48,
        67,
        38,
        63,
        8,
        68,
        23,
        10,
        18,
        14,
        21,
        11,
        1,
        24,
        48,
        7,
        15,
        8,
        31,
        5,
        5,
        8,
        3,
        36,
        3,
        39,
        1,
        3,
        19,
        33,
        1,
        22,
        6,
        39,
        18,
        7,
        49,
        32,
        11,
        10,
        43,
        7,
        23,
        26,
        26,
        33,
        12,
        40,
        30,
        47,
        23,
        48,
        46,
        35,
        53,
        20,
        15,
        5,
        59,
        12,
        25,
        26,
        23,
        11,
        33,
        38,
        9,
        3,
        4,
        32,
        24,
        4,
        29,
        51,
        71,
        61,
        1,
        16,
        22,
        34,
        18,
        7,
        11,
        33,
        13,
        32,
        4,
        24,
        49,
        21,
        42,
        46,
        69,
        59,
        56,
        31,
        54,
        19,
        53,
        13,
        22,
        24,
        42,
        8,
        17,
        31,
        7,
        27,
        68,
        7,
        36,
        70,
        5,
        63,
        21,
        13,
        52,
        3,
        61,
        2,
        1,
        53,
        1,
        5,
        54,
        5,
        16,
        56,
        22,
        52,
        64,
        70,
        25,
        27,
        19,
        24,
        34,
        18,
        34,
        32,
        20,
        9,
        62,
        1,
        50,
        23,
        26,
        9,
        21,
        23,
        43,
        69,
        6,
        10,
        55,
        13,
        36,
        42,
        3,
        20,
        60,
        33,
        7,
        56,
        31,
        26,
        29,
        38,
        38,
        61,
        14,
        10,
        30,
        7,
        19,
        12,
        51,
        51,
        35,
        30,
        60,
        2,
        37,
        16,
        38,
        14,
        30,
        15,
        28,
        51,
        9,
        45,
        54,
        8,
        35,
        62,
        42,
        55,
        5,
        15,
        35,
        66,
        48,
        53,
        12,
        18,
        22,
        48,
        72,
        70,
        28,
        62,
        20,
        12,
        27,
        19,
        24,
        49,
        23,
        41,
        34,
        61,
        1,
        30,
        26,
        65,
        35,
        34,
        25,
        47,
        34,
        31,
        45,
        68,
        34,
        66,
        24,
        23,
        3,
        36,
        70,
        36,
        37,
        2,
        9,
        7,
        1,
        63,
        24,
        64,
        35,
        65,
        34,
        26,
        5,
        1,
        60,
        1,
        1,
        10,
        4,
        11,
        7,
        36,
        6,
        32,
