{
    "min_time": 0.0,
    "max_time": 0.07400012016296387,
    "all_time": 0.018778098583221436,
    "min_round": 5,
    "max_round": 14300,
    "all_rounds": 4240588,
    "more_winner": 0,
    "winner": [
        19,
        56,
        61,
        65,
        6,
        8,
        32,
        26,
        49,
        68,
        8,
        46,
        32,
        1,
        12,
        3,
        4,
        26,
        22,
        6,
        7,
        48,
        13,
        14,
        44,
        60,
        66,
        42,
        8,
        33,
        17,
        41,
        1,
        54,
        57,
        45,
        5,
        21,
        35,
        20,
        49,
        20,
        7,
        1,
        47,
        6,
        25,
        18,
        53,
        35,
        31,
        15,
        50,
        16,
        29,
        59,
        15,
        23,
        47,
        4,
        38,
        4,
        47,
        40,
        19,
        61,
        46,
        29,
        54,
        1,
        52,
        59,
        20,
        21,
        37,
        23,
        20,
        66,
        5,
        27,
        70,
        8,
        24,
        46,
        31,
        21,
        1,
        17,
        19,
        45,
        60,
        70,
        14,
        20,
        1,
        8,
        4,
        30,
        53,
        34,
        2,
        2,
        42,
        17,
        50,
        1,
        5,
        26,
        63,
        10,
        39,
        52,
        1,
        32,
        24,
        52,
        25,
        60,
        9,
        23,
        18,
        28,
        11,
        27,
        11,
        66,
        26,
        53,
        5,
        16,
        6,
        59,
        17,
        26,
        43,
        50,
        31,
        9,
        65,
        30,
        9,
        10,
        4,
        12,
        62,
        40,
        9,
        3,
        62,
        21,
        17,
        29,
        40,
        32,
        32,
        29,
        38,
        28,
        9,
        9,
        23,
        32,
        18,
        26,
        17,
        1,
        29,
        63,
        44,
        7,
        7,
        25,
        30,
        12,
        53,
        37,
        37,
        35,
        21,
        66,
        21,
        11,
        17,
        30,
        33,
        7,
        24,
        25,
        13,
        39,
        14,
        36,
        67,
        38,
        13,
        36,
        21,
        69,
        57,
        24,
        31,
        1,
        67,
        17,
        51,
        12,
        60,
        47,
        61,
        67,
        5,
        43,
        3,
        11,
        27,
        1,
        19,
        6,
        30,
        20,
        4,
        17,
        54,
        2,
        19,
        1,
        22,
        29,
        7,
        30,
        44,
        48,
        55,
        8,
        37,
        39,
        11,
        3,
        14,
        13,
        18,
        30,
        46,
        36,
        26,
        62,
        10,
        29,
        19,
        32,
        51,
        62,
        40,
        62,
        24,
        62,
        52,
        8,
        33,
        24,
        9,
        29,
        23,
        25,
        44,
        1,
        7,
        16,
        29,
        19,
        57,
        17,
        28,
        1,
        33,
        1,
        2,
        7,
        3,
        60,
        45,
        50,
        14,
        2,
        58,
        2,
        26,
        10,
        37,
        39,
        1,
        5,
        27,
        19,
        4,
        24,
        7,
        14,
        31,
        42,
        5,
        13,
        62,
        57,
        39,
        51,
        15,
        56,
        70,
        3,
        25,
        4,
        34,
        32,
        6,
        22,
        9,
        33,
        8,
        9,
        16,
        10,
        55,
        3,
        2,
        3,
        65,
        40,
        54,
        4,
        66,
        36,
        43,
        37,
        66,
        5,
        1,
        20,
        5,
        67,
        31,
        62,
        14,
        48,
        69,
        22,
        70,
        12,
        5,
        15,
        35,
        20,
        7,
        19,
        2,
        34,
        2,
        23,
        30,
        54,
        15,
        58,
        51,
        4,
        14,
        27,
        10,
        36,
        17,
        15,
        5,
        13,
        12,
        33,
        24,
        47,
        23,
        66,
        56,
        28,
        65,
        24,
        27,
        34,
        48,
        22,
        8,
        34,
        62,
        34,
        56,
        27,
        25,
        7,
        33,
        47,
        51,
        63,
        28,
        45,
        6,
        27,
        58,
        42,
        39,
        28,
        10,
        69,
        16,
        18,
        15,
        40,
        37,
        65,
        12,
        57,
        16,
        31,
        13,
        3,
        41,
        22,
        4,
        27,
        9,
        42,
        39,
        56,
        47,
        45,
        13,
        4,
        8,
        17,
        10,
        39,
        17,
        68,
        34,
        56,
        25,
        56,
        6,
        42,
        15,
        29,
        31,
        2,
        4,
        36,
        50,
        45,
        2,
        16,
        36,
        11,
        35,
        27,
        13,
        17,
        42,
        53,
        12,
        23,
        33,
        32,
        18,
        11,
        31,
        29,
        32,
        41,
        8,
        21,
        53,
        63,
        24,
        47,
        12,
        64,
        35,
        70,
        2,
        61,
        55,
        29,
        28,
        27,
        69,
        58,
        16,
        21,
        32,
        23,
        37,
        22,
        1,
        33,
        8,
        21,
        49,
        57,
        41,
        7,
        57,
        40,
        2,
        50,
        67,
        1,
        13,
        38,
        9,
        23,
        24,
        7,
        21,
        26,
        36,
        47,
        19,
        46,
        8,
        4,
        29,
        46,
        48,
        18,
        35,
        65,
        11,
        1,
        26,
        5,
        3,
        22,
        29,
        12,
        5,
        67,
        29,
        57,
        33,
        10,
        36,
        43,
        57,
        58,
        49,
        12,
        33,
        48,
        51,
        39,
        26,
        21,
        21,
        5,
        12,
        40,
        13,
        16,
        46,
        35,
        43,
        13,
        38,
        23,
        29,
        16,
        47,
        14,
        52,
        55,
        3,
        9,
        12,
        51,
        24,
        22,
        7,
        2,
        18,
        48,
        53,
        56,
        4,
        25,
        12,
        41,
        40,
        65,
        11,
        8,
        45,
        31,
        14,
        10,
        1,
        25,
        24,
        12,
        24,
        18,
        66,
        42,
        47,
        41,
