{
    "min_time": 0.0009999275207519531,
    "max_time": 0.06899619102478027,
    "all_time": 0.01082590413093567,
    "min_round": 131,
    "max_round": 6700,
    "all_rounds": 1959368,
    "more_winner": 0,
    "winner": [
        21,
        15,
        19,
        12,
        13,
        14,
        15,
        4,
        3,
        7,
        12,
        1,
        9,
        3,
        9,
        9,
        15,
        9,
        12,
        14,
        7,
        7,
        7,
        12,
        8,
        5,
        4,
        5,
        18,
        1,
        18,
        11,
        5,
        4,
        17,
        4,
        16,
        3,
        3,
        12,
        1,
        5,
        17,
        9,
        1,
        7,
        15,
        9,
        2,
        17,
        10,
        6,
        5,
        12,
        5,
        14,
        6,
        12,
        15,
        13,
        1,
        4,
        14,
        8,
        8,
        12,
        16,
        5,
        2,
        18,
        17,
        6,
        11,
        8,
        1,
        8,
        17,
        2,
        12,
        18,
        6,
        3,
        7,
        4,
        5,
        2,
        2,
        14,
        6,
        15,
        2,
        8,
        16,
        17,
        8,
        20,
        15,
        1,
        8,
        5,
        1,
        14,
        12,
        1,
        15,
        3,
        9,
        11,
        12,
        10,
        8,
        5,
        3,
        14,
        9,
        15,
        14,
        2,
        14,
        9,
        7,
        6,
        7,
        10,
        13,
        3,
        8,
        3,
        20,
        3,
        8,
        9,
        10,
        15,
        2,
        1,
        4,
        7,
        1,
        10,
        5,
        1,
        6,
        2,
        4,
        17,
        21,
        6,
        5,
        2,
        10,
        2,
        12,
        8,
        8,
        10,
        3,
        9,
        17,
        9,
        7,
        18,
        6,
        2,
        3,
        9,
        16,
        12,
        17,
        14,
        15,
        14,
        1,
        17,
        1,
        9,
        5,
        1,
        2,
        14,
        17,
        7,
        4,
        7,
        13,
        1,
        2,
        1,
        11,
        2,
        1,
        1,
        9,
        8,
        1,
        5,
        9,
        15,
        16,
        5,
        4,
        8,
        11,
        7,
        7,
        17,
        5,
        19,
        9,
        17,
        1,
        19,
        16,
        8,
        2,
        21,
        1,
        14,
        11,
        2,
        12,
        20,
        11,
        2,
        2,
        12,
        21,
        16,
        3,
        16,
        5,
        14,
        2,
        6,
        13,
        21,
        3,
        5,
        9,
        5,
        12,
        7,
        2,
        18,
        7,
        1,
        13,
        12,
        6,
        20,
        20,
        13,
        20,
        5,
        2,
        14,
        1,
        4,
        15,
        2,
        2,
        4,
        1,
        11,
        2,
        3,
        4,
        2,
        7,
        8,
        1,
        17,
        4,
        4,
        6,
        13,
        13,
        15,
        6,
        6,
        17,
        12,
        12,
        1,
        17,
        3,
        17,
        14,
        2,
        2,
        10,
        13,
        9,
        2,
        5,
        3,
        5,
        7,
        10,
        9,
        9,
        6,
        14,
        8,
        3,
        10,
        8,
        14,
        2,
        9,
        11,
        8,
        8,
        7,
        2,
        3,
        15,
        8,
        5,
        15,
        14,
        15,
        15,
        20,
        6,
        15,
        4,
        16,
        21,
        20,
        4,
        12,
        15,
        8,
        10,
        18,
        10,
        7,
        14,
        3,
        5,
        14,
        14,
        13,
        3,
        13,
        18,
        19,
        1,
        7,
        10,
        7,
        15,
        13,
        1,
        8,
        11,
        20,
        10,
        7,
        6,
        10,
        18,
        15,
        16,
        2,
        2,
        4,
        3,
        7,
        3,
        12,
        19,
        1,
        3,
        13,
        9,
        1,
        19,
        3,
        4,
        11,
        15,
        15,
        10,
        2,
        5,
        8,
        7,
        3,
        3,
        3,
        8,
        2,
        8,
        15,
        12,
        11,
        10,
        6,
        16,
        6,
        7,
        21,
        8,
        9,
        4,
        10,
        2,
        4,
        3,
        5,
        5,
        15,
        9,
        4,
        12,
        13,
        5,
        13,
        4,
        18,
        17,
        3,
        19,
        19,
        2,
        16,
        9,
        1,
        15,
        7,
        2,
        10,
        2,
        12,
        21,
        2,
        3,
        3,
        1,
        1,
        1,
        11,
        2,
        14,
        19,
        16,
        12,
        6,
        4,
        3,
        13,
        8,
        10,
        4,
        5,
        19,
        1,
        10,
        6,
        5,
        2,
        2,
        2,
        3,
        1,
        15,
        2,
        8,
        1,
        19,
        18,
        13,
        6,
        2,
        4,
        11,
        19,
        6,
        8,
        2,
        3,
        13,
        2,
        8,
        17,
        2,
        3,
        19,
        6,
        1,
        3,
        6,
        9,
        4,
        4,
        8,
        10,
        20,
        4,
        2,
        12,
        6,
        19,
        15,
        4,
        11,
        4,
        13,
        20,
        1,
        14,
        4,
        11,
        5,
        1,
        4,
        6,
        21,
        21,
        4,
        2,
        15,
        5,
        18,
        7,
        18,
        16,
        7,
        14,
        10,
        11,
        4,
        1,
        1,
        3,
        21,
        8,
        15,
        3,
        15,
        12,
        5,
        11,
        1,
        8,
        12,
        20,
        20,
        1,
        21,
        9,
        6,
        4,
        2,
        3,
        2,
        5,
        14,
        3,
        2,
        3,
        7,
        7,
        14,
        6,
        9,
        6,
        19,
        1,
        5,
        1,
        8,
        1,
        4,
        9,
        7,
        10,
        21,
        19,
        6,
        5,
        2,
        7,
        2,
        3,
        4,
        18,
        4,
        2,
        15,
        4,
        4,
        12,
        2,
        18,
        12,
        1,
        4,
        3,
        15,
        10,
        18,
        21,
        8,
        7,
        11,
        2,
        12,
        1,
        6,
        2,
        17,
        3,
        6,
        14,
        1,
        18,
        11,
        5,
        2,
        9,
        2,
        18,
        5,
