{
    "min_time": 0.0,
    "max_time": 0.07799983024597168,
    "all_time": 0.011419145345687866,
    "min_round": 60,
    "max_round": 7400,
    "all_rounds": 1914175,
    "more_winner": 0,
    "winner": [
        3,
        7,
        11,
        12,
        8,
        18,
        10,
        3,
        14,
        2,
        6,
        11,
        25,
        21,
        17,
        10,
        4,
        25,
        4,
        1,
        10,
        6,
        20,
        6,
        11,
        11,
        2,
        8,
        1,
        6,
        8,
        5,
        8,
        12,
        5,
        17,
        6,
        7,
        9,
        22,
        10,
        5,
        6,
        7,
        21,
        2,
        20,
        9,
        23,
        5,
        9,
        7,
        13,
        1,
        11,
        9,
        15,
        17,
        1,
        10,
        3,
        5,
        2,
        21,
        2,
        10,
        20,
        11,
        5,
        14,
        16,
        6,
        6,
        6,
        17,
        15,
        2,
        14,
        3,
        9,
        5,
        13,
        7,
        1,
        17,
        8,
        8,
        13,
        17,
        3,
        2,
        25,
        6,
        25,
        5,
        6,
        3,
        6,
        10,
        15,
        13,
        21,
        13,
        2,
        1,
        8,
        15,
        14,
        21,
        18,
        25,
        20,
        12,
        7,
        1,
        11,
        12,
        7,
        6,
        7,
        12,
        7,
        4,
        10,
        18,
        21,
        6,
        10,
        12,
        4,
        3,
        9,
        18,
        13,
        20,
        3,
        15,
        2,
        9,
        10,
        21,
        11,
        8,
        20,
        14,
        24,
        1,
        1,
        18,
        7,
        13,
        20,
        9,
        2,
        12,
        25,
        2,
        24,
        2,
        1,
        4,
        2,
        1,
        11,
        19,
        10,
        1,
        2,
        23,
        1,
        25,
        3,
        21,
        23,
        3,
        14,
        20,
        7,
        22,
        20,
        9,
        9,
        6,
        25,
        13,
        4,
        21,
        2,
        2,
        1,
        6,
        16,
        2,
        7,
        1,
        1,
        7,
        2,
        2,
        1,
        10,
        17,
        12,
        3,
        5,
        21,
        24,
        7,
        12,
        18,
        22,
        9,
        7,
        17,
        19,
        9,
        10,
        6,
        23,
        24,
        16,
        1,
        22,
        3,
        12,
        9,
        1,
        14,
        2,
        2,
        13,
        14,
        16,
        2,
        21,
        18,
        9,
        15,
        1,
        2,
        10,
        11,
        11,
        3,
        15,
        21,
        10,
        21,
        14,
        2,
        10,
        12,
        6,
        2,
        25,
        16,
        7,
        1,
        1,
        4,
        21,
        20,
        1,
        16,
        5,
        12,
        7,
        4,
        1,
        2,
        10,
        2,
        6,
        18,
        6,
        9,
        16,
        4,
        16,
        6,
        20,
        21,
        7,
        11,
        2,
        1,
        21,
        25,
        8,
        1,
        6,
        7,
        1,
        1,
        10,
        13,
        1,
        5,
        22,
        1,
        11,
        16,
        10,
        7,
        2,
        9,
        2,
        12,
        5,
        25,
        1,
        14,
        8,
        1,
        7,
        25,
        20,
        4,
        6,
        12,
        18,
        19,
        2,
        11,
        4,
        5,
        22,
        1,
        4,
        5,
        12,
        2,
        16,
        5,
        13,
        4,
        19,
        10,
        10,
        4,
        1,
        2,
        7,
        8,
        6,
        24,
        24,
        16,
        17,
        12,
        13,
        3,
        11,
        16,
        8,
        25,
        16,
        6,
        4,
        11,
        14,
        22,
        5,
        5,
        5,
        1,
        6,
        13,
        7,
        1,
        21,
        7,
        9,
        12,
        1,
        21,
        1,
        9,
        13,
        24,
        11,
        4,
        16,
        9,
        3,
        1,
        9,
        6,
        2,
        1,
        9,
        13,
        5,
        13,
        9,
        3,
        8,
        1,
        23,
        19,
        6,
        7,
        10,
        21,
        21,
        1,
        6,
        15,
        17,
        3,
        22,
        4,
        1,
        13,
        9,
        4,
        8,
        20,
        2,
        3,
        8,
        2,
        6,
        14,
        12,
        3,
        8,
        16,
        2,
        25,
        12,
        3,
        10,
        7,
        24,
        2,
        6,
        2,
        4,
        9,
        8,
        23,
        8,
        12,
        11,
        6,
        15,
        3,
        7,
        18,
        21,
        8,
        12,
        1,
        13,
        17,
        13,
        10,
        10,
        10,
        16,
        4,
        10,
        8,
        14,
        3,
        5,
        5,
        9,
        10,
        13,
        1,
        1,
        3,
        7,
        4,
        15,
        6,
        23,
        9,
        14,
        15,
        6,
        7,
        16,
        9,
        20,
        3,
        14,
        8,
        11,
        6,
        6,
        1,
        23,
        17,
        21,
        10,
        25,
        2,
        14,
        25,
        15,
        10,
        10,
        5,
        14,
        2,
        4,
        1,
        17,
        15,
        2,
        10,
        2,
        19,
        7,
        20,
        6,
        9,
        9,
        14,
        24,
        6,
        8,
        1,
        2,
        1,
        14,
        9,
        1,
        12,
        3,
        4,
        5,
        3,
        2,
        20,
        7,
        3,
        13,
        4,
        10,
        12,
        1,
        3,
        6,
        9,
        15,
        3,
        1,
        11,
        23,
        14,
        7,
        13,
        1,
        14,
        2,
        9,
        1,
        11,
        19,
        12,
        16,
        14,
        14,
        11,
        3,
        5,
        15,
        6,
        5,
        19,
        3,
        23,
        24,
        23,
        1,
        2,
        4,
        19,
        18,
        25,
        11,
        14,
        16,
        8,
        1,
        8,
        2,
        19,
        6,
        4,
        8,
        11,
        16,
        9,
        25,
        15,
        4,
        13,
        3,
        1,
        10,
        13,
        20,
        10,
        1,
        13,
        19,
        13,
        1,
        15,
        5,
        6,
        17,
        17,
        7,
        13,
        14,
        15,
        10,
