{
    "min_time": 0.0,
    "max_time": 0.039999961853027344,
    "all_time": 0.007974948167800904,
    "min_round": 5,
    "max_round": 6201,
    "all_rounds": 1513194,
    "more_winner": 0,
    "winner": [
        7,
        10,
        14,
        5,
        1,
        7,
        12,
        25,
        11,
        20,
        23,
        19,
        22,
        11,
        16,
        2,
        16,
        20,
        1,
        23,
        5,
        9,
        13,
        13,
        28,
        19,
        16,
        1,
        1,
        3,
        18,
        3,
        27,
        6,
        14,
        1,
        13,
        2,
        19,
        4,
        3,
        1,
        15,
        26,
        16,
        5,
        3,
        15,
        20,
        14,
        16,
        3,
        19,
        16,
        9,
        18,
        29,
        19,
        3,
        29,
        9,
        19,
        16,
        29,
        28,
        18,
        3,
        24,
        24,
        25,
        2,
        15,
        20,
        21,
        1,
        6,
        2,
        14,
        1,
        18,
        8,
        22,
        5,
        24,
        12,
        10,
        11,
        6,
        2,
        18,
        22,
        24,
        16,
        5,
        15,
        13,
        23,
        29,
        16,
        14,
        20,
        8,
        20,
        17,
        15,
        22,
        18,
        11,
        11,
        4,
        1,
        2,
        18,
        8,
        11,
        12,
        10,
        22,
        21,
        24,
        27,
        29,
        4,
        5,
        15,
        19,
        8,
        13,
        26,
        7,
        1,
        29,
        29,
        29,
        21,
        27,
        5,
        24,
        3,
        2,
        6,
        16,
        29,
        1,
        16,
        12,
        9,
        11,
        5,
        10,
        23,
        1,
        13,
        4,
        1,
        26,
        1,
        29,
        4,
        11,
        6,
        25,
        14,
        5,
        15,
        19,
        9,
        9,
        2,
        24,
        26,
        17,
        29,
        23,
        2,
        6,
        7,
        2,
        3,
        21,
        6,
        23,
        9,
        2,
        6,
        16,
        18,
        10,
        2,
        27,
        11,
        7,
        28,
        12,
        19,
        2,
        11,
        20,
        4,
        27,
        8,
        14,
        1,
        16,
        26,
        2,
        13,
        25,
        29,
        13,
        19,
        23,
        22,
        19,
        9,
        5,
        18,
        7,
        8,
        11,
        15,
        20,
        18,
        5,
        3,
        29,
        13,
        3,
        1,
        12,
        25,
        26,
        4,
        13,
        23,
        12,
        10,
        8,
        5,
        6,
        13,
        9,
        2,
        9,
        25,
        3,
        6,
        11,
        1,
        9,
        13,
        6,
        2,
        1,
        15,
        10,
        19,
        2,
        3,
        24,
        4,
        2,
        28,
        23,
        16,
        22,
        11,
        1,
        9,
        11,
        13,
        20,
        29,
        16,
        2,
        21,
        9,
        14,
        20,
        27,
        6,
        28,
        27,
        18,
        16,
        4,
        27,
        17,
        22,
        4,
        2,
        5,
        7,
        12,
        26,
        9,
        2,
        11,
        16,
        16,
        15,
        29,
        7,
        19,
        6,
        6,
        21,
        6,
        16,
        12,
        21,
        4,
        11,
        20,
        3,
        16,
        10,
        6,
        17,
        3,
        17,
        5,
        19,
        6,
        28,
        1,
        16,
        10,
        17,
        3,
        13,
        10,
        17,
        20,
        10,
        5,
        9,
        11,
        5,
        15,
        8,
        29,
        2,
        3,
        24,
        7,
        17,
        9,
        8,
        25,
        4,
        29,
        8,
        24,
        2,
        22,
        28,
        10,
        19,
        2,
        22,
        14,
        21,
        29,
        8,
        12,
        16,
        17,
        29,
        9,
        22,
        6,
        16,
        4,
        15,
        7,
        15,
        15,
        22,
        11,
        15,
        4,
        5,
        13,
        17,
        7,
        1,
        18,
        4,
        18,
        9,
        12,
        13,
        14,
        3,
        1,
        11,
        8,
        8,
        17,
        28,
        16,
        12,
        14,
        16,
        19,
        10,
        2,
        10,
        8,
        11,
        3,
        26,
        8,
        18,
        11,
        4,
        20,
        29,
        6,
        20,
        1,
        6,
        10,
        11,
        15,
        10,
        2,
        23,
        19,
        2,
        17,
        4,
        11,
        3,
        7,
        10,
        26,
        4,
        8,
        5,
        17,
        10,
        10,
        24,
        8,
        8,
        1,
        6,
        10,
        8,
        3,
        7,
        26,
        9,
        22,
        15,
        10,
        13,
        1,
        7,
        6,
        25,
        2,
        3,
        26,
        1,
        5,
        3,
        15,
        24,
        16,
        9,
        18,
        19,
        25,
        13,
        25,
        1,
        4,
        21,
        7,
        5,
        7,
        3,
        6,
        15,
        26,
        6,
        27,
        25,
        26,
        1,
        1,
        3,
        12,
        12,
        22,
        11,
        19,
        14,
        5,
        6,
        9,
        20,
        9,
        17,
        17,
        24,
        23,
        7,
        25,
        10,
        5,
        11,
        14,
        11,
        1,
        23,
        16,
        2,
        26,
        19,
        20,
        7,
        3,
        11,
        12,
        15,
        16,
        11,
        23,
        29,
        13,
        28,
        1,
        13,
        21,
        17,
        28,
        7,
        6,
        10,
        11,
        20,
        25,
        1,
        5,
        8,
        7,
        14,
        5,
        28,
        16,
        16,
        21,
        13,
        21,
        4,
        28,
        14,
        6,
        19,
        22,
        6,
        13,
        11,
        5,
        5,
        27,
        2,
        10,
        27,
        12,
        27,
        22,
        7,
        8,
        23,
        19,
        9,
        23,
        10,
        18,
        25,
        3,
        20,
        17,
        10,
        22,
        24,
        26,
        7,
        2,
        2,
        18,
        25,
        15,
        2,
        8,
        7,
        10,
        9,
        23,
        6,
        29,
        8,
        7,
        17,
        6,
        15,
        9,
        21,
        21,
        16,
        16,
        10,
