{
    "min_time": 0.0,
    "max_time": 0.10703229904174805,
    "all_time": 0.0179565212726593,
    "min_round": 5,
    "max_round": 8900,
    "all_rounds": 2346650,
    "more_winner": 0,
    "winner": [
        9,
        21,
        3,
        6,
        31,
        40,
        6,
        27,
        2,
        33,
        3,
        27,
        10,
        11,
        7,
        5,
        23,
        19,
        7,
        23,
        27,
        7,
        9,
        10,
        1,
        34,
        7,
        32,
        1,
        29,
        9,
        1,
        17,
        38,
        4,
        1,
        14,
        8,
        18,
        29,
        14,
        6,
        25,
        38,
        40,
        6,
        24,
        28,
        16,
        1,
        4,
        2,
        22,
        1,
        31,
        16,
        3,
        6,
        6,
        16,
        14,
        3,
        38,
        5,
        39,
        31,
        28,
        30,
        27,
        27,
        9,
        11,
        3,
        5,
        3,
        14,
        11,
        6,
        16,
        12,
        37,
        1,
        10,
        2,
        25,
        31,
        10,
        1,
        15,
        18,
        8,
        30,
        40,
        21,
        29,
        6,
        2,
        19,
        2,
        29,
        32,
        13,
        29,
        14,
        3,
        12,
        18,
        4,
        27,
        6,
        6,
        36,
        25,
        40,
        9,
        21,
        11,
        26,
        25,
        33,
        13,
        22,
        25,
        27,
        31,
        17,
        5,
        4,
        14,
        5,
        12,
        7,
        4,
        4,
        36,
        6,
        9,
        23,
        35,
        31,
        39,
        40,
        5,
        3,
        33,
        22,
        19,
        24,
        19,
        13,
        12,
        13,
        10,
        14,
        30,
        23,
        8,
        2,
        37,
        3,
        3,
        5,
        20,
        29,
        3,
        13,
        19,
        11,
        31,
        22,
        23,
        6,
        25,
        31,
        2,
        30,
        14,
        33,
        8,
        6,
        13,
        22,
        32,
        33,
        31,
        23,
        40,
        20,
        35,
        7,
        27,
        20,
        35,
        16,
        40,
        7,
        35,
        30,
        14,
        5,
        5,
        16,
        34,
        34,
        8,
        6,
        18,
        27,
        10,
        20,
        8,
        5,
        39,
        2,
        28,
        29,
        38,
        32,
        13,
        23,
        10,
        4,
        2,
        2,
        4,
        4,
        18,
        2,
        12,
        7,
        3,
        26,
        13,
        28,
        8,
        9,
        4,
        17,
        19,
        27,
        6,
        14,
        28,
        40,
        34,
        31,
        9,
        16,
        11,
        3,
        9,
        1,
        33,
        2,
        38,
        8,
        13,
        5,
        17,
        6,
        9,
        31,
        4,
        18,
        38,
        5,
        18,
        20,
        18,
        19,
        37,
        7,
        3,
        12,
        28,
        17,
        18,
        36,
        4,
        8,
        4,
        16,
        23,
        34,
        2,
        10,
        40,
        2,
        31,
        8,
        28,
        4,
        16,
        28,
        33,
        36,
        4,
        7,
        32,
        37,
        6,
        7,
        9,
        29,
        8,
        26,
        16,
        1,
        17,
        33,
        12,
        28,
        22,
        10,
        39,
        12,
        30,
        10,
        32,
        16,
        15,
        27,
        15,
        2,
        1,
        26,
        22,
        3,
        1,
        30,
        20,
        19,
        18,
        33,
        21,
        12,
        12,
        12,
        10,
        10,
        9,
        39,
        8,
        22,
        21,
        2,
        1,
        8,
        37,
        10,
        9,
        33,
        26,
        29,
        30,
        13,
        3,
        2,
        3,
        29,
        17,
        19,
        11,
        39,
        16,
        9,
        34,
        10,
        10,
        11,
        2,
        33,
        15,
        4,
        1,
        12,
        3,
        8,
        32,
        31,
        24,
        6,
        3,
        24,
        26,
        1,
        39,
        17,
        20,
        13,
        27,
        37,
        28,
        11,
        19,
        7,
        37,
        34,
        4,
        11,
        21,
        18,
        12,
        19,
        32,
        4,
        27,
        5,
        20,
        18,
        2,
        32,
        4,
        8,
        4,
        11,
        28,
        18,
        12,
        35,
        34,
        11,
        4,
        32,
        33,
        9,
        25,
        4,
        16,
        40,
        8,
        19,
        15,
        10,
        18,
        9,
        7,
        23,
        8,
        19,
        33,
        4,
        1,
        6,
        20,
        10,
        18,
        34,
        8,
        24,
        5,
        6,
        23,
        21,
        4,
        7,
        6,
        25,
        14,
        32,
        23,
        3,
        2,
        39,
        40,
        32,
        1,
        25,
        22,
        25,
        4,
        24,
        12,
        11,
        13,
        8,
        17,
        12,
        27,
        1,
        17,
        40,
        28,
        6,
        25,
        37,
        32,
        22,
        12,
        10,
        15,
        7,
        2,
        4,
        2,
        1,
        24,
        23,
        11,
        11,
        40,
        4,
        19,
        27,
        28,
        3,
        7,
        29,
        38,
        8,
        20,
        27,
        2,
        11,
        1,
        9,
        6,
        1,
        5,
        26,
        18,
        2,
        26,
        27,
        13,
        26,
        3,
        14,
        24,
        16,
        6,
        30,
        13,
        1,
        36,
        20,
        29,
        26,
        4,
        1,
        16,
        8,
        9,
        16,
        6,
        37,
        11,
        15,
        20,
        24,
        17,
        21,
        4,
        11,
        25,
        2,
        26,
        6,
        7,
        17,
        14,
        22,
        3,
        19,
        36,
        11,
        9,
        9,
        17,
        23,
        8,
        4,
        14,
        24,
        30,
        17,
        1,
        8,
        18,
        20,
        14,
        13,
        38,
        36,
        27,
        5,
        6,
        22,
        23,
        21,
        2,
        15,
        36,
        20,
        10,
        1,
        24,
        1,
        6,
        6,
        14,
        26,
        34,
        9,
        6,
        33,
        20,
        13,
        15,
        10,
        1,
        24,
        2,
        30,
        27,
