{
    "min_time": 0.0,
    "max_time": 0.0840001106262207,
    "all_time": 0.014897511720657348,
    "min_round": 5,
    "max_round": 9710,
    "all_rounds": 2657102,
    "more_winner": 0,
    "winner": [
        43,
        30,
        32,
        38,
        7,
        7,
        2,
        26,
        4,
        8,
        21,
        12,
        24,
        22,
        14,
        36,
        5,
        25,
        17,
        46,
        45,
        5,
        38,
        36,
        25,
        7,
        38,
        4,
        8,
        1,
        32,
        19,
        20,
        26,
        30,
        43,
        10,
        19,
        29,
        24,
        16,
        18,
        16,
        4,
        3,
        22,
        25,
        2,
        29,
        29,
        17,
        5,
        7,
        47,
        23,
        12,
        31,
        22,
        4,
        25,
        8,
        5,
        9,
        32,
        8,
        35,
        31,
        40,
        15,
        33,
        34,
        4,
        24,
        24,
        34,
        42,
        6,
        1,
        22,
        22,
        16,
        4,
        40,
        36,
        35,
        36,
        18,
        35,
        44,
        11,
        2,
        23,
        4,
        16,
        43,
        15,
        6,
        16,
        5,
        6,
        2,
        19,
        1,
        22,
        29,
        25,
        33,
        14,
        27,
        18,
        1,
        8,
        13,
        39,
        18,
        23,
        22,
        24,
        4,
        47,
        14,
        4,
        8,
        7,
        22,
        15,
        3,
        22,
        29,
        2,
        41,
        42,
        18,
        6,
        24,
        27,
        30,
        27,
        13,
        2,
        41,
        21,
        14,
        43,
        27,
        21,
        45,
        42,
        42,
        6,
        42,
        18,
        19,
        46,
        10,
        11,
        9,
        12,
        13,
        5,
        20,
        11,
        45,
        8,
        3,
        26,
        44,
        21,
        37,
        14,
        20,
        15,
        3,
        18,
        5,
        3,
        18,
        41,
        5,
        1,
        22,
        13,
        19,
        9,
        30,
        26,
        16,
        40,
        5,
        32,
        5,
        31,
        37,
        25,
        2,
        47,
        1,
        46,
        9,
        45,
        6,
        8,
        7,
        18,
        35,
        30,
        31,
        36,
        8,
        18,
        2,
        9,
        47,
        4,
        9,
        42,
        29,
        7,
        25,
        20,
        1,
        47,
        30,
        36,
        30,
        6,
        8,
        3,
        29,
        9,
        30,
        24,
        27,
        5,
        25,
        31,
        40,
        7,
        11,
        34,
        17,
        5,
        20,
        11,
        19,
        39,
        13,
        15,
        17,
        8,
        27,
        1,
        41,
        18,
        26,
        10,
        14,
        3,
        34,
        6,
        1,
        13,
        42,
        2,
        20,
        27,
        25,
        36,
        7,
        14,
        4,
        13,
        1,
        21,
        15,
        45,
        43,
        13,
        32,
        8,
        31,
        9,
        6,
        20,
        9,
        32,
        11,
        1,
        13,
        43,
        7,
        14,
        17,
        29,
        11,
        15,
        10,
        18,
        16,
        41,
        10,
        15,
        35,
        10,
        7,
        9,
        13,
        36,
        27,
        13,
        5,
        16,
        1,
        5,
        17,
        2,
        20,
        39,
        15,
        30,
        15,
        2,
        3,
        7,
        24,
        13,
        42,
        3,
        17,
        16,
        10,
        2,
        18,
        10,
        22,
        44,
        7,
        11,
        31,
        25,
        23,
        2,
        5,
        30,
        35,
        12,
        6,
        13,
        2,
        41,
        19,
        1,
        7,
        3,
        22,
        20,
        35,
        4,
        16,
        35,
        39,
        35,
        6,
        10,
        30,
        20,
        5,
        32,
        7,
        10,
        39,
        5,
        4,
        3,
        41,
        5,
        3,
        11,
        3,
        39,
        3,
        24,
        5,
        1,
        8,
        32,
        6,
        5,
        20,
        31,
        43,
        42,
        17,
        2,
        16,
        15,
        6,
        19,
        16,
        1,
        8,
        14,
        28,
        29,
        5,
        3,
        4,
        21,
        27,
        4,
        19,
        14,
        9,
        34,
        12,
        4,
        3,
        16,
        11,
        18,
        15,
        34,
        19,
        20,
        4,
        25,
        22,
        6,
        12,
        25,
        3,
        5,
        43,
        16,
        13,
        19,
        14,
        9,
        16,
        12,
        7,
        2,
        16,
        21,
        9,
        4,
        23,
        37,
        37,
        39,
        4,
        39,
        42,
        19,
        14,
        2,
        20,
        18,
        46,
        4,
        9,
        1,
        15,
        7,
        41,
        28,
        34,
        19,
        27,
        10,
        2,
        27,
        16,
        30,
        36,
        28,
        24,
        13,
        7,
        43,
        9,
        19,
        40,
        1,
        13,
        20,
        14,
        12,
        19,
        34,
        37,
        15,
        37,
        2,
        43,
        32,
        31,
        2,
        12,
        26,
        27,
        29,
        20,
        9,
        24,
        1,
        12,
        6,
        6,
        3,
        8,
        39,
        5,
        27,
        45,
        11,
        13,
        37,
        29,
        36,
        7,
        8,
        13,
        7,
        22,
        11,
        24,
        7,
        12,
        40,
        4,
        30,
        25,
        30,
        16,
        3,
        16,
        9,
        6,
        7,
        46,
        29,
        9,
        39,
        35,
        22,
        8,
        8,
        18,
        14,
        45,
        27,
        25,
        16,
        30,
        13,
        42,
        7,
        11,
        16,
        19,
        37,
        31,
        31,
        21,
        2,
        13,
        11,
        37,
        12,
        32,
        10,
        20,
        19,
        20,
        9,
        2,
        24,
        12,
        25,
        2,
        19,
        10,
        3,
        34,
        27,
        34,
        7,
        40,
        18,
        35,
        18,
        7,
        45,
        30,
        17,
        39,
        29,
        9,
        7,
        14,
        43,
        16,
        23,
        47,
        6,
        27,
        15,
        33,
        12,
        47,
        22,
        11,
