{
    "min_time": 0.0009968280792236328,
    "max_time": 0.09099888801574707,
    "all_time": 0.024994025230407713,
    "min_round": 5,
    "max_round": 20039,
    "all_rounds": 5667635,
    "more_winner": 0,
    "winner": [
        27,
        71,
        10,
        36,
        35,
        11,
        40,
        55,
        60,
        8,
        5,
        37,
        6,
        16,
        42,
        13,
        23,
        10,
        33,
        10,
        82,
        36,
        74,
        4,
        53,
        32,
        23,
        29,
        18,
        76,
        64,
        58,
        41,
        51,
        65,
        2,
        42,
        1,
        52,
        16,
        18,
        18,
        86,
        60,
        38,
        83,
        64,
        23,
        2,
        54,
        21,
        58,
        34,
        39,
        26,
        74,
        3,
        48,
        28,
        40,
        8,
        41,
        10,
        3,
        67,
        34,
        40,
        48,
        72,
        38,
        33,
        83,
        82,
        8,
        79,
        48,
        61,
        76,
        58,
        41,
        67,
        60,
        1,
        48,
        51,
        24,
        46,
        77,
        36,
        16,
        22,
        7,
        20,
        41,
        5,
        45,
        21,
        34,
        37,
        49,
        44,
        70,
        92,
        55,
        9,
        68,
        13,
        10,
        23,
        16,
        40,
        86,
        71,
        94,
        15,
        24,
        89,
        8,
        29,
        29,
        39,
        61,
        46,
        6,
        20,
        20,
        79,
        8,
        24,
        54,
        41,
        18,
        1,
        44,
        72,
        72,
        28,
        22,
        44,
        39,
        53,
        18,
        80,
        41,
        12,
        67,
        2,
        9,
        27,
        4,
        1,
        50,
        5,
        73,
        55,
        62,
        1,
        88,
        54,
        85,
        11,
        94,
        5,
        78,
        30,
        49,
        3,
        12,
        26,
        69,
        7,
        70,
        71,
        29,
        57,
        39,
        3,
        27,
        56,
        63,
        26,
        52,
        27,
        90,
        74,
        40,
        17,
        33,
        23,
        23,
        69,
        77,
        78,
        32,
        62,
        92,
        4,
        2,
        50,
        86,
        14,
        55,
        38,
        73,
        42,
        81,
        28,
        58,
        70,
        35,
        79,
        6,
        78,
        66,
        22,
        23,
        12,
        4,
        9,
        48,
        37,
        40,
        26,
        8,
        65,
        69,
        34,
        57,
        59,
        27,
        47,
        10,
        40,
        17,
        25,
        71,
        26,
        1,
        63,
        50,
        49,
        24,
        87,
        26,
        18,
        41,
        3,
        70,
        30,
        81,
        13,
        51,
        22,
        59,
        30,
        93,
        2,
        3,
        4,
        61,
        40,
        93,
        71,
        3,
        35,
        41,
        34,
        1,
        57,
        34,
        24,
        5,
        6,
        25,
        35,
        37,
        87,
        18,
        19,
        14,
        22,
        93,
        25,
        93,
        70,
        40,
        38,
        57,
        56,
        45,
        31,
        26,
        49,
        82,
        28,
        43,
        51,
        4,
        63,
        88,
        41,
        55,
        23,
        18,
        14,
        7,
        72,
        20,
        22,
        67,
        85,
        4,
        35,
        34,
        78,
        56,
        10,
        9,
        16,
        10,
        71,
        22,
        6,
        27,
        17,
        42,
        21,
        12,
        46,
        7,
        19,
        7,
        42,
        30,
        23,
        14,
        69,
        30,
        79,
        33,
        43,
        1,
        67,
        35,
        18,
        67,
        20,
        49,
        55,
        18,
        44,
        7,
        48,
        26,
        82,
        40,
        13,
        42,
        15,
        35,
        16,
        38,
        21,
        61,
        2,
        7,
        61,
        27,
        8,
        6,
        26,
        29,
        8,
        8,
        78,
        3,
        7,
        16,
        31,
        55,
        17,
        19,
        3,
        21,
        53,
        31,
        62,
        88,
        44,
        27,
        27,
        70,
        42,
        30,
        50,
        29,
        26,
        56,
        29,
        42,
        7,
        23,
        68,
        68,
        23,
        15,
        38,
        41,
        19,
        9,
        8,
        24,
        6,
        57,
        19,
        42,
        20,
        24,
        12,
        3,
        52,
        32,
        8,
        11,
        12,
        45,
        5,
        54,
        39,
        11,
        19,
        86,
        22,
        14,
        54,
        61,
        94,
        65,
        49,
        27,
        16,
        34,
        71,
        31,
        67,
        24,
        8,
        29,
        34,
        32,
        37,
        68,
        38,
        83,
        1,
        1,
        62,
        60,
        8,
        34,
        75,
        1,
        53,
        28,
        22,
        59,
        21,
        23,
        50,
        4,
        21,
        1,
        53,
        47,
        49,
        2,
        1,
        10,
        10,
        49,
        1,
        20,
        84,
        35,
        23,
        44,
        32,
        9,
        17,
        87,
        65,
        7,
        33,
        27,
        3,
        83,
        45,
        15,
        82,
        45,
        80,
        41,
        17,
        4,
        15,
        88,
        55,
        80,
        83,
        51,
        16,
        6,
        33,
        11,
        65,
        39,
        53,
        77,
        4,
        5,
        2,
        11,
        60,
        72,
        15,
        61,
        19,
        40,
        49,
        61,
        2,
        49,
        66,
        80,
        21,
        47,
        3,
        31,
        26,
        27,
        84,
        46,
        59,
        62,
        92,
        54,
        30,
        86,
        4,
        53,
        23,
        44,
        93,
        59,
        7,
        87,
        26,
        87,
        67,
        34,
        27,
        77,
        13,
        41,
        8,
        19,
        1,
        15,
        60,
        13,
        3,
        20,
        66,
        32,
        3,
        13,
        55,
        69,
        35,
        55,
        30,
        47,
        34,
        2,
        73,
        42,
        60,
        26,
        13,
        35,
        38,
        61,
        43,
        24,
        29,
        44,
        2,
        17,
        56,
        22,
        50,
        15,
        76,
        13,
