{
    "min_time": 0.0009975433349609375,
    "max_time": 0.08799910545349121,
    "all_time": 0.026586025714874267,
    "min_round": 5,
    "max_round": 20185,
    "all_rounds": 5719459,
    "more_winner": 1,
    "winner": [
        53,
        13,
        8,
        28,
        51,
        26,
        2,
        15,
        31,
        75,
        28,
        34,
        79,
        61,
        56,
        22,
        22,
        71,
        72,
        32,
        36,
        69,
        17,
        21,
        6,
        54,
        29,
        68,
        10,
        20,
        5,
        60,
        67,
        36,
        1,
        7,
        25,
        72,
        48,
        5,
        31,
        55,
        15,
        22,
        11,
        37,
        33,
        3,
        14,
        16,
        18,
        9,
        56,
        62,
        49,
        80,
        20,
        28,
        34,
        40,
        46,
        59,
        54,
        3,
        56,
        18,
        1,
        22,
        78,
        24,
        20,
        25,
        78,
        30,
        31,
        42,
        19,
        29,
        74,
        14,
        81,
        79,
        12,
        7,
        36,
        9,
        85,
        21,
        8,
        76,
        76,
        6,
        83,
        10,
        4,
        36,
        11,
        36,
        26,
        13,
        27,
        86,
        23,
        5,
        41,
        46,
        56,
        89,
        42,
        78,
        32,
        20,
        50,
        53,
        15,
        3,
        29,
        34,
        42,
        14,
        53,
        46,
        19,
        1,
        20,
        6,
        55,
        46,
        64,
        17,
        2,
        2,
        40,
        28,
        4,
        1,
        36,
        58,
        67,
        2,
        31,
        12,
        4,
        88,
        70,
        78,
        37,
        23,
        68,
        13,
        26,
        79,
        42,
        17,
        52,
        10,
        61,
        34,
        21,
        1,
        76,
        47,
        60,
        15,
        4,
        23,
        82,
        40,
        42,
        13,
        3,
        52,
        31,
        31,
        76,
        1,
        49,
        12,
        6,
        59,
        15,
        31,
        42,
        22,
        5,
        80,
        32,
        4,
        1,
        53,
        14,
        65,
        19,
        77,
        68,
        49,
        68,
        10,
        21,
        72,
        41,
        41,
        33,
        93,
        3,
        38,
        86,
        63,
        41,
        8,
        24,
        79,
        53,
        2,
        42,
        71,
        72,
        45,
        13,
        34,
        62,
        42,
        14,
        74,
        33,
        31,
        54,
        17,
        20,
        19,
        69,
        12,
        40,
        47,
        25,
        62,
        84,
        82,
        13,
        12,
        81,
        19,
        15,
        6,
        43,
        73,
        37,
        42,
        48,
        6,
        47,
        94,
        46,
        16,
        54,
        3,
        3,
        94,
        24,
        40,
        17,
        49,
        8,
        40,
        4,
        47,
        10,
        79,
        34,
        2,
        24,
        64,
        82,
        33,
        88,
        16,
        17,
        28,
        3,
        49,
        11,
        62,
        44,
        14,
        50,
        93,
        15,
        84,
        74,
        62,
        25,
        12,
        42,
        74,
        46,
        13,
        36,
        29,
        50,
        11,
        1,
        84,
        74,
        55,
        6,
        87,
        68,
        37,
        28,
        57,
        53,
        95,
        23,
        8,
        1,
        40,
        27,
        80,
        62,
        68,
        51,
        56,
        28,
        6,
        30,
        66,
        6,
        5,
        52,
        44,
        67,
        2,
        41,
        21,
        63,
        35,
        50,
        43,
        19,
        59,
        65,
        7,
        71,
        12,
        39,
        50,
        44,
        1,
        10,
        29,
        82,
        40,
        41,
        14,
        38,
        16,
        56,
        83,
        23,
        36,
        39,
        16,
        11,
        42,
        34,
        71,
        69,
        28,
        34,
        38,
        76,
        41,
        46,
        4,
        57,
        16,
        46,
        64,
        46,
        44,
        33,
        5,
        47,
        64,
        93,
        11,
        3,
        17,
        23,
        2,
        11,
        29,
        26,
        5,
        88,
        35,
        30,
        97,
        33,
        20,
        23,
        39,
        71,
        23,
        27,
        30,
        71,
        10,
        6,
        46,
        58,
        13,
        66,
        10,
        24,
        34,
        20,
        5,
        4,
        72,
        35,
        9,
        31,
        24,
        31,
        9,
        3,
        17,
        46,
        11,
        60,
        30,
        16,
        44,
        48,
        3,
        11,
        64,
        77,
        19,
        95,
        27,
        25,
        12,
        84,
        47,
        22,
        27,
        13,
        93,
        35,
        26,
        32,
        19,
        42,
        36,
        33,
        39,
        6,
        1,
        62,
        6,
        94,
        13,
        69,
        73,
        79,
        71,
        80,
        1,
        39,
        44,
        20,
        82,
        81,
        45,
        51,
        22,
        50,
        51,
        8,
        41,
        88,
        81,
        53,
        56,
        16,
        55,
        88,
        2,
        40,
        33,
        42,
        19,
        61,
        39,
        89,
        20,
        23,
        25,
        81,
        33,
        45,
        6,
        9,
        3,
        7,
        73,
        19,
        54,
        16,
        65,
        87,
        13,
        19,
        16,
        18,
        8,
        42,
        2,
        22,
        27,
        73,
        37,
        9,
        90,
        30,
        58,
        15,
        71,
        35,
        35,
        21,
        77,
        17,
        13,
        32,
        56,
        36,
        41,
        31,
        6,
        26,
        38,
        57,
        32,
        38,
        69,
        1,
        35,
        2,
        13,
        12,
        9,
        52,
        45,
        3,
        71,
        82,
        56,
        24,
        38,
        12,
        35,
        17,
        78,
        74,
        25,
        86,
        56,
        78,
        9,
        19,
        42,
        15,
        39,
        65,
        31,
        82,
        25,
        25,
        11,
        31,
        39,
        25,
        47,
        47,
        8,
        66,
        91,
        8,
        61,
        3,
        88,
        22,
        17,
        31,
        3,
        4,
        27,
        11,
        40,
        20,
        22,
