{
    "min_time": 0.0,
    "max_time": 0.06600141525268555,
    "all_time": 0.018276050329208374,
    "min_round": 5,
    "max_round": 14958,
    "all_rounds": 4384819,
    "more_winner": 0,
    "winner": [
        27,
        12,
        17,
        6,
        4,
        47,
        59,
        38,
        19,
        28,
        3,
        54,
        52,
        20,
        51,
        27,
        19,
        26,
        46,
        14,
        29,
        15,
        2,
        1,
        17,
        3,
        66,
        50,
        49,
        69,
        43,
        29,
        4,
        9,
        69,
        40,
        3,
        3,
        5,
        27,
        51,
        54,
        14,
        14,
        65,
        15,
        64,
        37,
        64,
        18,
        68,
        54,
        20,
        36,
        3,
        60,
        44,
        45,
        5,
        70,
        35,
        17,
        14,
        42,
        22,
        13,
        3,
        60,
        32,
        7,
        6,
        53,
        69,
        9,
        24,
        16,
        42,
        60,
        32,
        8,
        29,
        31,
        6,
        43,
        3,
        55,
        27,
        53,
        33,
        14,
        24,
        42,
        1,
        30,
        20,
        13,
        31,
        35,
        65,
        65,
        7,
        10,
        40,
        35,
        12,
        17,
        14,
        2,
        45,
        53,
        10,
        18,
        21,
        1,
        56,
        46,
        5,
        34,
        1,
        34,
        2,
        54,
        43,
        44,
        27,
        73,
        11,
        26,
        16,
        16,
        56,
        14,
        22,
        9,
        21,
        32,
        16,
        31,
        24,
        5,
        26,
        19,
        36,
        56,
        65,
        2,
        36,
        71,
        53,
        46,
        52,
        30,
        28,
        1,
        6,
        1,
        63,
        67,
        10,
        3,
        8,
        45,
        50,
        33,
        36,
        52,
        44,
        68,
        70,
        12,
        35,
        50,
        65,
        45,
        3,
        65,
        22,
        44,
        22,
        3,
        13,
        15,
        7,
        57,
        5,
        19,
        1,
        22,
        13,
        11,
        17,
        23,
        8,
        20,
        15,
        48,
        30,
        25,
        4,
        28,
        24,
        13,
        71,
        5,
        31,
        8,
        18,
        8,
        32,
        37,
        29,
        64,
        44,
        54,
        18,
        23,
        73,
        3,
        21,
        24,
        40,
        13,
        28,
        42,
        28,
        59,
        52,
        40,
        51,
        18,
        31,
        4,
        33,
        15,
        19,
        28,
        26,
        10,
        65,
        16,
        28,
        18,
        25,
        14,
        62,
        7,
        68,
        37,
        56,
        22,
        50,
        29,
        30,
        49,
        31,
        73,
        31,
        10,
        26,
        61,
        25,
        18,
        39,
        55,
        46,
        9,
        15,
        16,
        23,
        13,
        27,
        62,
        52,
        6,
        42,
        52,
        28,
        34,
        55,
        55,
        16,
        47,
        25,
        27,
        1,
        7,
        54,
        41,
        1,
        52,
        36,
        13,
        8,
        10,
        20,
        1,
        22,
        12,
        37,
        13,
        22,
        53,
        16,
        21,
        54,
        19,
        43,
        41,
        7,
        4,
        35,
        10,
        15,
        26,
        37,
        23,
        22,
        13,
        35,
        36,
        3,
        14,
        12,
        33,
        49,
        32,
        71,
        1,
        57,
        15,
        32,
        24,
        5,
        19,
        4,
        14,
        57,
        5,
        70,
        16,
        5,
        47,
        68,
        7,
        7,
        12,
        2,
        1,
        16,
        20,
        18,
        18,
        21,
        27,
        33,
        29,
        12,
        38,
        2,
        36,
        18,
        26,
        32,
        8,
        30,
        59,
        1,
        4,
        22,
        16,
        30,
        21,
        31,
        9,
        28,
        11,
        25,
        5,
        59,
        52,
        42,
        20,
        37,
        32,
        12,
        33,
        42,
        70,
        45,
        1,
        14,
        56,
        5,
        57,
        11,
        14,
        36,
        17,
        32,
        37,
        25,
        25,
        46,
        20,
        30,
        23,
        50,
        54,
        37,
        57,
        53,
        51,
        27,
        36,
        1,
        17,
        32,
        67,
        59,
        1,
        24,
        31,
        67,
        53,
        70,
        34,
        57,
        34,
        4,
        33,
        8,
        21,
        25,
        44,
        42,
        3,
        17,
        14,
        66,
        34,
        40,
        36,
        37,
        4,
        17,
        49,
        16,
        2,
        51,
        69,
        18,
        7,
        59,
        30,
        10,
        55,
        57,
        10,
        57,
        4,
        20,
        22,
        66,
        41,
        68,
        62,
        57,
        23,
        18,
        56,
        30,
        63,
        52,
        37,
        13,
        37,
        13,
        2,
        20,
        8,
        64,
        28,
        16,
        26,
        14,
        15,
        34,
        19,
        8,
        28,
        46,
        17,
        38,
        20,
        67,
        12,
        5,
        58,
        26,
        26,
        56,
        13,
        1,
        42,
        10,
        36,
        6,
        12,
        22,
        46,
        26,
        41,
        2,
        57,
        45,
        60,
        9,
        35,
        5,
        29,
        37,
        41,
        2,
        5,
        25,
        3,
        34,
        25,
        49,
        63,
        15,
        43,
        3,
        1,
        56,
        64,
        3,
        18,
        24,
        44,
        11,
        58,
        26,
        36,
        32,
        3,
        26,
        13,
        45,
        15,
        8,
        54,
        52,
        15,
        35,
        18,
        25,
        51,
        31,
        8,
        1,
        4,
        7,
        42,
        45,
        18,
        31,
        55,
        64,
        8,
        10,
        36,
        36,
        3,
        11,
        38,
        10,
        46,
        12,
        5,
        32,
        32,
        5,
        20,
        31,
        22,
        38,
        18,
        17,
        69,
        16,
        5,
        61,
        58,
        21,
        34,
        42,
        43,
        23,
        54,
        39,
        71,
        12,
        8,
        63,
        9,
        60,
