{
    "min_time": 0.0,
    "max_time": 0.13699960708618164,
    "all_time": 0.021524539470672607,
    "min_round": 5,
    "max_round": 16000,
    "all_rounds": 4834350,
    "more_winner": 0,
    "winner": [
        24,
        79,
        74,
        17,
        66,
        41,
        30,
        9,
        50,
        2,
        1,
        21,
        12,
        25,
        80,
        68,
        61,
        1,
        60,
        1,
        18,
        15,
        10,
        27,
        41,
        51,
        71,
        39,
        74,
        42,
        50,
        48,
        1,
        8,
        38,
        36,
        59,
        43,
        4,
        30,
        8,
        7,
        9,
        42,
        55,
        39,
        3,
        23,
        54,
        59,
        1,
        58,
        5,
        9,
        49,
        24,
        36,
        81,
        31,
        8,
        28,
        66,
        23,
        21,
        16,
        4,
        65,
        55,
        70,
        2,
        32,
        2,
        33,
        52,
        61,
        21,
        59,
        71,
        28,
        40,
        21,
        36,
        27,
        26,
        44,
        5,
        20,
        20,
        47,
        52,
        6,
        51,
        19,
        20,
        58,
        41,
        17,
        4,
        35,
        61,
        23,
        2,
        8,
        14,
        21,
        15,
        25,
        6,
        38,
        26,
        22,
        12,
        5,
        14,
        57,
        70,
        68,
        32,
        11,
        5,
        43,
        54,
        35,
        31,
        18,
        28,
        38,
        29,
        39,
        17,
        21,
        72,
        10,
        18,
        42,
        48,
        21,
        38,
        64,
        16,
        26,
        55,
        5,
        30,
        5,
        64,
        68,
        39,
        59,
        17,
        28,
        18,
        70,
        2,
        50,
        60,
        36,
        71,
        54,
        18,
        25,
        9,
        15,
        20,
        75,
        9,
        27,
        26,
        28,
        67,
        15,
        59,
        75,
        79,
        16,
        60,
        10,
        8,
        10,
        43,
        22,
        29,
        13,
        65,
        12,
        28,
        21,
        49,
        38,
        26,
        1,
        12,
        2,
        15,
        25,
        12,
        44,
        36,
        32,
        65,
        11,
        61,
        1,
        17,
        27,
        2,
        3,
        9,
        62,
        6,
        61,
        39,
        32,
        14,
        33,
        18,
        38,
        8,
        34,
        80,
        8,
        2,
        17,
        17,
        46,
        41,
        22,
        65,
        40,
        65,
        23,
        51,
        43,
        6,
        11,
        25,
        13,
        18,
        2,
        76,
        81,
        47,
        70,
        1,
        71,
        3,
        62,
        62,
        7,
        65,
        67,
        7,
        53,
        28,
        13,
        17,
        63,
        3,
        52,
        79,
        34,
        4,
        33,
        32,
        69,
        19,
        30,
        73,
        56,
        43,
        20,
        23,
        16,
        9,
        74,
        47,
        44,
        7,
        76,
        7,
        61,
        35,
        39,
        33,
        53,
        35,
        13,
        3,
        43,
        71,
        7,
        48,
        54,
        27,
        45,
        16,
        23,
        23,
        49,
        60,
        57,
        3,
        4,
        33,
        72,
        76,
        11,
        3,
        8,
        18,
        19,
        48,
        49,
        7,
        1,
        10,
        55,
        7,
        21,
        47,
        19,
        8,
        29,
        18,
        3,
        16,
        10,
        3,
        18,
        8,
        44,
        62,
        27,
        41,
        9,
        50,
        29,
        28,
        34,
        45,
        12,
        21,
        62,
        72,
        29,
        20,
        15,
        2,
        23,
        21,
        42,
        32,
        31,
        40,
        20,
        6,
        45,
        63,
        50,
        25,
        54,
        52,
        17,
        34,
        15,
        34,
        5,
        31,
        23,
        38,
        19,
        34,
        71,
        39,
        23,
        15,
        12,
        2,
        1,
        51,
        42,
        43,
        46,
        12,
        28,
        35,
        43,
        40,
        8,
        81,
        7,
        14,
        8,
        68,
        71,
        15,
        51,
        34,
        32,
        29,
        51,
        51,
        72,
        79,
        9,
        34,
        69,
        48,
        24,
        9,
        56,
        16,
        2,
        12,
        38,
        1,
        41,
        45,
        33,
        36,
        48,
        6,
        5,
        64,
        29,
        16,
        1,
        36,
        71,
        16,
        31,
        45,
        61,
        8,
        79,
        9,
        36,
        10,
        16,
        36,
        4,
        20,
        24,
        34,
        10,
        18,
        25,
        3,
        48,
        31,
        41,
        7,
        10,
        3,
        45,
        23,
        17,
        4,
        76,
        63,
        25,
        10,
        8,
        14,
        23,
        22,
        20,
        73,
        32,
        12,
        12,
        65,
        34,
        67,
        14,
        6,
        70,
        28,
        5,
        11,
        18,
        54,
        22,
        81,
        4,
        27,
        44,
        44,
        30,
        27,
        17,
        2,
        26,
        63,
        31,
        33,
        10,
        40,
        3,
        6,
        29,
        31,
        39,
        43,
        4,
        5,
        19,
        6,
        16,
        65,
        35,
        8,
        16,
        3,
        10,
        39,
        78,
        3,
        70,
        57,
        43,
        9,
        1,
        4,
        40,
        10,
        48,
        7,
        23,
        29,
        4,
        36,
        11,
        47,
        59,
        57,
        50,
        5,
        40,
        27,
        4,
        1,
        12,
        1,
        23,
        52,
        16,
        70,
        41,
        2,
        16,
        40,
        4,
        5,
        78,
        7,
        15,
        8,
        78,
        55,
        4,
        35,
        6,
        4,
        18,
        70,
        64,
        15,
        56,
        9,
        13,
        49,
        28,
        29,
        23,
        11,
        11,
        27,
        14,
        11,
        51,
        59,
        22,
        15,
        59,
        5,
        29,
        4,
        28,
        31,
        62,
        17,
        20,
        61,
        55,
        1,
        7,
        25,
        54,
        21,
        3,
        25,
        19,
        10,
        40,
        30,
        4,
        1,
