{
    "min_time": 0.000997781753540039,
    "max_time": 0.08399796485900879,
    "all_time": 0.02326853370666504,
    "min_round": 5,
    "max_round": 21900,
    "all_rounds": 5581626,
    "more_winner": 2,
    "winner": [
        60,
        79,
        13,
        54,
        25,
        33,
        60,
        8,
        20,
        64,
        81,
        42,
        11,
        5,
        55,
        8,
        46,
        2,
        24,
        88,
        66,
        48,
        32,
        86,
        11,
        35,
        23,
        58,
        25,
        10,
        38,
        88,
        44,
        60,
        51,
        55,
        8,
        41,
        23,
        10,
        18,
        15,
        60,
        48,
        4,
        82,
        33,
        18,
        47,
        60,
        1,
        24,
        82,
        23,
        69,
        17,
        2,
        1,
        46,
        17,
        22,
        6,
        13,
        3,
        37,
        68,
        38,
        11,
        18,
        18,
        56,
        25,
        4,
        28,
        23,
        29,
        17,
        18,
        1,
        81,
        32,
        9,
        10,
        26,
        24,
        8,
        21,
        77,
        34,
        14,
        21,
        16,
        64,
        4,
        3,
        41,
        3,
        11,
        21,
        42,
        16,
        9,
        86,
        30,
        30,
        34,
        44,
        42,
        20,
        57,
        79,
        18,
        19,
        20,
        79,
        8,
        71,
        27,
        53,
        30,
        3,
        51,
        53,
        78,
        17,
        48,
        82,
        67,
        19,
        82,
        86,
        66,
        19,
        23,
        23,
        15,
        3,
        2,
        33,
        64,
        36,
        37,
        29,
        3,
        4,
        19,
        9,
        7,
        20,
        26,
        17,
        10,
        17,
        80,
        24,
        1,
        42,
        22,
        28,
        23,
        1,
        11,
        17,
        3,
        32,
        77,
        47,
        82,
        69,
        91,
        34,
        7,
        38,
        25,
        38,
        28,
        21,
        2,
        8,
        34,
        26,
        72,
        79,
        4,
        51,
        25,
        22,
        50,
        4,
        24,
        20,
        26,
        31,
        29,
        32,
        13,
        7,
        30,
        82,
        69,
        29,
        40,
        29,
        68,
        26,
        69,
        46,
        46,
        42,
        78,
        13,
        39,
        4,
        23,
        51,
        77,
        88,
        58,
        6,
        13,
        71,
        6,
        2,
        43,
        20,
        29,
        46,
        37,
        46,
        36,
        57,
        72,
        16,
        14,
        13,
        10,
        37,
        55,
        27,
        55,
        32,
        25,
        79,
        8,
        56,
        79,
        44,
        12,
        25,
        20,
        27,
        7,
        57,
        55,
        45,
        70,
        4,
        35,
        5,
        40,
        14,
        62,
        87,
        89,
        22,
        7,
        6,
        7,
        45,
        21,
        51,
        23,
        64,
        82,
        64,
        13,
        22,
        80,
        19,
        31,
        31,
        3,
        38,
        15,
        87,
        15,
        79,
        47,
        49,
        10,
        13,
        20,
        19,
        2,
        63,
        31,
        46,
        38,
        29,
        1,
        2,
        81,
        34,
        3,
        4,
        87,
        13,
        9,
        45,
        55,
        27,
        39,
        17,
        89,
        22,
        33,
        21,
        46,
        27,
        2,
        80,
        42,
        35,
        20,
        15,
        21,
        20,
        17,
        30,
        35,
        12,
        39,
        3,
        60,
        21,
        22,
        45,
        81,
        23,
        4,
        4,
        88,
        35,
        15,
        35,
        11,
        87,
        51,
        31,
        38,
        5,
        38,
        49,
        15,
        32,
        22,
        76,
        16,
        14,
        8,
        74,
        20,
        8,
        49,
        9,
        18,
        77,
        6,
        12,
        63,
        1,
        67,
        1,
        1,
        23,
        43,
        29,
        41,
        4,
        90,
        58,
        52,
        55,
        6,
        20,
        4,
        33,
        62,
        14,
        22,
        9,
        47,
        51,
        51,
        44,
        71,
        61,
        7,
        22,
        89,
        46,
        2,
        59,
        1,
        17,
        25,
        21,
        2,
        1,
        61,
        60,
        3,
        91,
        65,
        79,
        1,
        61,
        11,
        89,
        13,
        43,
        73,
        72,
        4,
        32,
        62,
        90,
        4,
        26,
        8,
        25,
        59,
        43,
        26,
        27,
        88,
        50,
        55,
        40,
        18,
        53,
        40,
        1,
        40,
        59,
        11,
        27,
        12,
        34,
        63,
        78,
        76,
        62,
        8,
        65,
        3,
        35,
        14,
        50,
        60,
        32,
        74,
        77,
        15,
        2,
        20,
        83,
        59,
        46,
        6,
        37,
        74,
        53,
        38,
        9,
        24,
        23,
        19,
        48,
        67,
        21,
        1,
        72,
        43,
        26,
        13,
        34,
        82,
        42,
        7,
        30,
        9,
        65,
        27,
        70,
        7,
        18,
        57,
        71,
        51,
        34,
        65,
        34,
        26,
        4,
        19,
        54,
        75,
        14,
        4,
        11,
        7,
        34,
        27,
        65,
        37,
        56,
        18,
        55,
        5,
        42,
        64,
        22,
        21,
        41,
        54,
        42,
        32,
        47,
        15,
        1,
        7,
        45,
        11,
        3,
        6,
        21,
        17,
        18,
        74,
        71,
        21,
        6,
        68,
        5,
        87,
        71,
        23,
        32,
        10,
        43,
        26,
        30,
        39,
        23,
        11,
        42,
        44,
        8,
        26,
        1,
        24,
        40,
        80,
        7,
        14,
        9,
        83,
        79,
        8,
        10,
        87,
        70,
        31,
        34,
        82,
        4,
        15,
        51,
        14,
        26,
        73,
        74,
        13,
        40,
        18,
        43,
        80,
        21,
        89,
        15,
        62,
        8,
        22,
        75,
        46,
        16,
        10,
        35,
        3,
        69,
        15,
        26,
        22,
        65,
