{
    "min_time": 0.0,
    "max_time": 0.0749976634979248,
    "all_time": 0.009817165136337281,
    "min_round": 5,
    "max_round": 7400,
    "all_rounds": 1678676,
    "more_winner": 0,
    "winner": [
        8,
        20,
        28,
        6,
        2,
        13,
        5,
        16,
        2,
        18,
        13,
        29,
        22,
        23,
        17,
        11,
        14,
        1,
        29,
        9,
        21,
        10,
        21,
        20,
        5,
        16,
        18,
        6,
        24,
        25,
        1,
        12,
        12,
        2,
        8,
        2,
        18,
        7,
        9,
        16,
        1,
        11,
        22,
        4,
        15,
        4,
        8,
        2,
        25,
        7,
        4,
        8,
        18,
        19,
        7,
        25,
        7,
        6,
        27,
        17,
        6,
        17,
        13,
        14,
        2,
        12,
        2,
        14,
        5,
        5,
        13,
        29,
        27,
        1,
        24,
        13,
        9,
        21,
        7,
        9,
        15,
        16,
        16,
        24,
        16,
        3,
        29,
        14,
        14,
        3,
        2,
        1,
        27,
        13,
        13,
        8,
        8,
        28,
        26,
        2,
        19,
        9,
        2,
        19,
        15,
        2,
        8,
        11,
        25,
        10,
        28,
        8,
        22,
        8,
        14,
        5,
        27,
        11,
        12,
        15,
        6,
        1,
        19,
        22,
        9,
        22,
        13,
        6,
        11,
        5,
        28,
        9,
        8,
        28,
        26,
        8,
        6,
        20,
        1,
        6,
        24,
        22,
        9,
        10,
        15,
        1,
        9,
        30,
        6,
        20,
        30,
        16,
        8,
        24,
        6,
        26,
        7,
        29,
        7,
        7,
        19,
        12,
        18,
        20,
        2,
        14,
        9,
        25,
        15,
        19,
        26,
        2,
        26,
        12,
        12,
        1,
        16,
        7,
        27,
        3,
        16,
        8,
        9,
        18,
        28,
        23,
        28,
        24,
        13,
        9,
        27,
        18,
        2,
        8,
        15,
        2,
        23,
        20,
        8,
        10,
        10,
        23,
        28,
        30,
        13,
        6,
        12,
        8,
        19,
        13,
        22,
        24,
        21,
        1,
        18,
        21,
        7,
        10,
        7,
        14,
        17,
        13,
        22,
        25,
        12,
        15,
        5,
        6,
        4,
        29,
        13,
        13,
        6,
        21,
        15,
        21,
        17,
        21,
        23,
        28,
        4,
        21,
        6,
        7,
        4,
        4,
        5,
        23,
        16,
        15,
        15,
        30,
        28,
        4,
        23,
        29,
        11,
        11,
        28,
        6,
        1,
        4,
        4,
        4,
        19,
        17,
        15,
        20,
        9,
        19,
        28,
        11,
        21,
        19,
        7,
        29,
        19,
        7,
        18,
        28,
        6,
        26,
        4,
        19,
        6,
        17,
        1,
        10,
        18,
        11,
        3,
        3,
        3,
        25,
        1,
        27,
        10,
        6,
        12,
        8,
        22,
        5,
        22,
        10,
        7,
        10,
        4,
        19,
        10,
        19,
        11,
        5,
        1,
        9,
        4,
        1,
        6,
        4,
        27,
        12,
        6,
        16,
        18,
        12,
        27,
        21,
        8,
        19,
        18,
        4,
        16,
        12,
        1,
        18,
        2,
        18,
        14,
        6,
        9,
        10,
        10,
        22,
        5,
        6,
        6,
        17,
        12,
        8,
        5,
        20,
        11,
        3,
        20,
        15,
        30,
        8,
        16,
        17,
        6,
        4,
        5,
        1,
        10,
        14,
        20,
        11,
        25,
        11,
        21,
        4,
        2,
        28,
        15,
        4,
        1,
        28,
        17,
        14,
        5,
        19,
        17,
        5,
        8,
        5,
        9,
        8,
        21,
        5,
        5,
        27,
        1,
        8,
        4,
        7,
        11,
        4,
        21,
        8,
        1,
        2,
        6,
        18,
        8,
        16,
        5,
        7,
        26,
        3,
        1,
        2,
        23,
        7,
        30,
        25,
        19,
        6,
        21,
        16,
        20,
        2,
        1,
        9,
        8,
        20,
        5,
        10,
        23,
        22,
        27,
        5,
        15,
        5,
        2,
        2,
        16,
        26,
        12,
        30,
        7,
        15,
        19,
        5,
        14,
        21,
        1,
        3,
        5,
        6,
        1,
        20,
        9,
        4,
        4,
        24,
        10,
        7,
        30,
        25,
        5,
        3,
        22,
        29,
        18,
        4,
        14,
        30,
        2,
        4,
        4,
        12,
        23,
        29,
        30,
        22,
        13,
        4,
        4,
        9,
        16,
        21,
        18,
        18,
        26,
        13,
        10,
        23,
        10,
        23,
        23,
        5,
        21,
        4,
        3,
        1,
        1,
        24,
        14,
        24,
        22,
        18,
        9,
        14,
        25,
        12,
        3,
        21,
        13,
        19,
        14,
        19,
        7,
        7,
        21,
        14,
        8,
        9,
        13,
        17,
        17,
        30,
        1,
        5,
        24,
        12,
        3,
        9,
        9,
        4,
        25,
        30,
        19,
        9,
        27,
        5,
        15,
        16,
        21,
        3,
        14,
        10,
        25,
        1,
        1,
        2,
        11,
        1,
        11,
        4,
        8,
        25,
        21,
        23,
        4,
        18,
        2,
        2,
        2,
        12,
        11,
        19,
        14,
        12,
        20,
        8,
        12,
        27,
        21,
        29,
        2,
        5,
        23,
        17,
        12,
        16,
        28,
        9,
        8,
        2,
        13,
        11,
        17,
        5,
        5,
        4,
        10,
        1,
        27,
        29,
        24,
        11,
        18,
        15,
        3,
        8,
        11,
        13,
        21,
        22,
        2,
        6,
        6,
        13,
        13,
        5,
        17,
        22,
        9,
        24,
        8,
        15,
        27,
        25,
        12,
        23,
        29,
        1,
        11,
        11,
