{
    "min_time": 0.0,
    "max_time": 0.03899836540222168,
    "all_time": 0.009130898475646973,
    "min_round": 5,
    "max_round": 6000,
    "all_rounds": 1672067,
    "more_winner": 0,
    "winner": [
        1,
        31,
        29,
        15,
        8,
        12,
        4,
        17,
        1,
        23,
        8,
        7,
        10,
        1,
        12,
        7,
        5,
        23,
        31,
        5,
        7,
        17,
        22,
        13,
        2,
        31,
        11,
        17,
        8,
        24,
        2,
        24,
        7,
        18,
        23,
        18,
        21,
        10,
        1,
        23,
        2,
        30,
        10,
        22,
        13,
        8,
        12,
        3,
        23,
        8,
        28,
        22,
        13,
        14,
        16,
        13,
        7,
        23,
        25,
        4,
        11,
        31,
        14,
        5,
        10,
        5,
        4,
        3,
        26,
        13,
        10,
        5,
        3,
        16,
        19,
        1,
        6,
        1,
        9,
        5,
        2,
        12,
        1,
        6,
        10,
        13,
        13,
        5,
        17,
        15,
        10,
        25,
        1,
        8,
        14,
        1,
        15,
        8,
        26,
        23,
        5,
        4,
        27,
        12,
        9,
        14,
        10,
        17,
        4,
        16,
        15,
        29,
        25,
        4,
        1,
        27,
        12,
        15,
        20,
        2,
        3,
        3,
        2,
        4,
        13,
        23,
        7,
        2,
        18,
        22,
        24,
        2,
        24,
        5,
        8,
        20,
        7,
        26,
        28,
        4,
        22,
        8,
        11,
        6,
        9,
        10,
        23,
        23,
        24,
        8,
        26,
        15,
        25,
        5,
        26,
        19,
        1,
        4,
        2,
        16,
        3,
        18,
        18,
        6,
        17,
        18,
        8,
        11,
        12,
        21,
        1,
        23,
        9,
        18,
        6,
        21,
        19,
        9,
        18,
        24,
        30,
        14,
        26,
        15,
        29,
        24,
        19,
        25,
        5,
        18,
        6,
        13,
        30,
        19,
        28,
        28,
        22,
        5,
        12,
        8,
        1,
        6,
        12,
        13,
        21,
        7,
        28,
        21,
        19,
        2,
        27,
        15,
        12,
        1,
        2,
        25,
        17,
        23,
        4,
        27,
        30,
        31,
        23,
        4,
        19,
        17,
        6,
        3,
        24,
        6,
        4,
        27,
        4,
        1,
        10,
        8,
        24,
        5,
        27,
        20,
        23,
        23,
        10,
        19,
        5,
        25,
        26,
        14,
        21,
        3,
        12,
        9,
        12,
        2,
        18,
        30,
        20,
        29,
        2,
        31,
        28,
        27,
        18,
        10,
        28,
        6,
        7,
        3,
        6,
        17,
        4,
        21,
        7,
        6,
        5,
        10,
        2,
        2,
        8,
        12,
        6,
        3,
        4,
        5,
        26,
        17,
        13,
        5,
        4,
        12,
        7,
        30,
        14,
        18,
        3,
        5,
        30,
        7,
        12,
        31,
        2,
        23,
        17,
        13,
        17,
        13,
        1,
        12,
        14,
        19,
        11,
        23,
        4,
        2,
        16,
        5,
        14,
        15,
        7,
        29,
        9,
        1,
        15,
        3,
        8,
        13,
        2,
        20,
        8,
        5,
        14,
        14,
        2,
        25,
        15,
        26,
        3,
        2,
        30,
        4,
        18,
        30,
        24,
        24,
        1,
        23,
        31,
        1,
        14,
        17,
        26,
        3,
        11,
        8,
        15,
        20,
        25,
        9,
        23,
        13,
        2,
        11,
        4,
        31,
        8,
        5,
        2,
        28,
        22,
        9,
        29,
        12,
        27,
        17,
        2,
        8,
        16,
        22,
        12,
        1,
        8,
        20,
        6,
        25,
        21,
        1,
        20,
        9,
        9,
        4,
        16,
        7,
        16,
        29,
        26,
        4,
        25,
        15,
        16,
        24,
        15,
        1,
        7,
        4,
        5,
        4,
        19,
        16,
        12,
        11,
        25,
        7,
        29,
        9,
        24,
        15,
        4,
        26,
        1,
        15,
        16,
        3,
        23,
        2,
        30,
        22,
        9,
        6,
        13,
        6,
        27,
        11,
        13,
        28,
        9,
        23,
        26,
        3,
        4,
        7,
        7,
        10,
        2,
        20,
        23,
        2,
        7,
        17,
        2,
        5,
        15,
        6,
        7,
        12,
        9,
        29,
        16,
        22,
        3,
        22,
        31,
        5,
        4,
        23,
        16,
        9,
        16,
        27,
        15,
        24,
        10,
        5,
        1,
        19,
        7,
        10,
        11,
        19,
        8,
        14,
        31,
        9,
        20,
        24,
        27,
        13,
        11,
        1,
        7,
        8,
        18,
        6,
        17,
        23,
        22,
        1,
        8,
        6,
        3,
        27,
        1,
        6,
        27,
        29,
        12,
        2,
        3,
        17,
        8,
        22,
        10,
        5,
        5,
        1,
        13,
        1,
        2,
        1,
        23,
        13,
        12,
        28,
        12,
        26,
        17,
        20,
        17,
        31,
        13,
        28,
        1,
        10,
        2,
        6,
        9,
        25,
        7,
        12,
        7,
        26,
        1,
        16,
        2,
        6,
        10,
        13,
        5,
        14,
        31,
        23,
        5,
        27,
        21,
        6,
        2,
        10,
        8,
        7,
        11,
        8,
        4,
        23,
        11,
        28,
        9,
        8,
        5,
        2,
        6,
        9,
        19,
        13,
        7,
        5,
        31,
        12,
        28,
        24,
        4,
        5,
        5,
        26,
        23,
        13,
        2,
        10,
        20,
        28,
        9,
        24,
        7,
        2,
        18,
        8,
        11,
        2,
        30,
        1,
        7,
        29,
        8,
        14,
        29,
        2,
        29,
        18,
        15,
        5,
        16,
        1,
        10,
        13,
        31,
        29,
        6,
        6,
        18,
        23,
