{
    "min_time": 0.0,
    "max_time": 0.10000085830688477,
    "all_time": 0.01580820631980896,
    "min_round": 5,
    "max_round": 9423,
    "all_rounds": 2585811,
    "more_winner": 0,
    "winner": [
        25,
        31,
        29,
        38,
        23,
        30,
        36,
        10,
        24,
        16,
        29,
        8,
        20,
        29,
        41,
        16,
        21,
        14,
        2,
        1,
        11,
        21,
        5,
        4,
        15,
        38,
        20,
        14,
        27,
        5,
        7,
        22,
        34,
        42,
        37,
        10,
        13,
        29,
        16,
        10,
        32,
        35,
        4,
        6,
        35,
        5,
        4,
        24,
        43,
        15,
        21,
        41,
        26,
        35,
        14,
        13,
        24,
        17,
        17,
        4,
        3,
        21,
        11,
        24,
        17,
        26,
        27,
        35,
        42,
        8,
        24,
        14,
        13,
        1,
        41,
        30,
        6,
        8,
        8,
        4,
        5,
        7,
        10,
        11,
        2,
        37,
        24,
        4,
        22,
        17,
        1,
        23,
        33,
        22,
        5,
        7,
        7,
        27,
        17,
        1,
        28,
        21,
        27,
        6,
        5,
        20,
        21,
        39,
        45,
        18,
        19,
        8,
        3,
        7,
        30,
        36,
        41,
        38,
        1,
        36,
        44,
        44,
        9,
        24,
        1,
        19,
        33,
        18,
        25,
        45,
        22,
        2,
        34,
        45,
        24,
        22,
        2,
        32,
        26,
        12,
        37,
        27,
        10,
        16,
        12,
        9,
        3,
        14,
        10,
        21,
        4,
        10,
        38,
        7,
        34,
        5,
        18,
        16,
        30,
        19,
        1,
        9,
        38,
        17,
        27,
        5,
        21,
        22,
        42,
        37,
        33,
        13,
        13,
        5,
        4,
        25,
        4,
        32,
        40,
        40,
        15,
        23,
        22,
        17,
        15,
        7,
        7,
        5,
        33,
        15,
        11,
        29,
        20,
        12,
        32,
        11,
        28,
        29,
        4,
        20,
        30,
        27,
        24,
        34,
        21,
        15,
        1,
        37,
        44,
        37,
        5,
        30,
        39,
        25,
        10,
        3,
        29,
        22,
        1,
        7,
        32,
        19,
        2,
        11,
        25,
        44,
        2,
        28,
        25,
        34,
        38,
        1,
        7,
        6,
        5,
        9,
        5,
        6,
        13,
        11,
        27,
        30,
        27,
        28,
        21,
        19,
        7,
        2,
        35,
        15,
        25,
        21,
        33,
        3,
        1,
        15,
        8,
        6,
        17,
        43,
        25,
        33,
        15,
        13,
        25,
        33,
        29,
        7,
        31,
        18,
        42,
        2,
        26,
        2,
        29,
        42,
        31,
        36,
        24,
        38,
        21,
        15,
        16,
        14,
        29,
        3,
        10,
        10,
        3,
        38,
        45,
        21,
        22,
        25,
        5,
        3,
        33,
        10,
        33,
        45,
        43,
        12,
        21,
        25,
        21,
        11,
        40,
        8,
        21,
        29,
        31,
        25,
        20,
        12,
        7,
        18,
        6,
        20,
        3,
        23,
        44,
        26,
        13,
        8,
        3,
        10,
        5,
        16,
        11,
        42,
        33,
        23,
        2,
        26,
        8,
        3,
        6,
        21,
        37,
        16,
        25,
        1,
        2,
        28,
        12,
        33,
        34,
        8,
        13,
        9,
        17,
        18,
        17,
        9,
        31,
        23,
        18,
        40,
        15,
        38,
        27,
        13,
        15,
        35,
        2,
        1,
        14,
        6,
        4,
        44,
        42,
        7,
        12,
        32,
        11,
        7,
        23,
        39,
        6,
        2,
        7,
        18,
        6,
        34,
        2,
        9,
        3,
        7,
        30,
        6,
        7,
        16,
        33,
        15,
        27,
        35,
        10,
        28,
        2,
        16,
        11,
        39,
        20,
        3,
        3,
        6,
        3,
        42,
        7,
        14,
        23,
        4,
        5,
        10,
        25,
        10,
        2,
        30,
        6,
        1,
        1,
        15,
        29,
        6,
        2,
        3,
        30,
        4,
        2,
        36,
        21,
        37,
        34,
        22,
        28,
        1,
        34,
        31,
        28,
        6,
        22,
        2,
        24,
        36,
        17,
        16,
        15,
        29,
        4,
        4,
        4,
        25,
        22,
        36,
        14,
        23,
        29,
        40,
        27,
        32,
        31,
        4,
        1,
        13,
        37,
        21,
        31,
        5,
        15,
        4,
        32,
        9,
        14,
        9,
        9,
        14,
        25,
        16,
        21,
        2,
        33,
        1,
        5,
        37,
        28,
        21,
        31,
        8,
        2,
        42,
        2,
        15,
        35,
        10,
        27,
        27,
        24,
        19,
        16,
        1,
        9,
        16,
        31,
        24,
        1,
        44,
        4,
        5,
        45,
        13,
        7,
        2,
        9,
        5,
        1,
        13,
        26,
        16,
        13,
        7,
        23,
        32,
        13,
        13,
        19,
        2,
        7,
        1,
        20,
        43,
        4,
        33,
        39,
        21,
        3,
        17,
        20,
        6,
        8,
        18,
        7,
        3,
        26,
        5,
        18,
        2,
        29,
        35,
        31,
        5,
        42,
        33,
        21,
        35,
        15,
        12,
        8,
        30,
        1,
        22,
        13,
        31,
        10,
        11,
        28,
        5,
        25,
        16,
        16,
        24,
        45,
        40,
        40,
        17,
        13,
        9,
        13,
        8,
        23,
        31,
        26,
        29,
        18,
        41,
        12,
        12,
        18,
        17,
        5,
        3,
        5,
        18,
        6,
        7,
        34,
        27,
        12,
        6,
        5,
        31,
        6,
        18,
        6,
        8,
        4,
        24,
        28,
        4,
        4,
        18,
        30,
        34,
        24,
