{
    "min_time": 0.0,
    "max_time": 0.1360006332397461,
    "all_time": 0.01796168541908264,
    "min_round": 5,
    "max_round": 13600,
    "all_rounds": 3348945,
    "more_winner": 0,
    "winner": [
        31,
        27,
        9,
        40,
        35,
        50,
        23,
        37,
        35,
        47,
        27,
        16,
        39,
        15,
        12,
        31,
        4,
        55,
        55,
        53,
        36,
        37,
        10,
        39,
        6,
        4,
        36,
        37,
        34,
        2,
        31,
        28,
        14,
        26,
        42,
        15,
        1,
        21,
        33,
        17,
        21,
        41,
        1,
        30,
        4,
        1,
        4,
        26,
        45,
        17,
        36,
        17,
        14,
        11,
        52,
        10,
        20,
        16,
        55,
        34,
        44,
        55,
        22,
        12,
        32,
        40,
        5,
        43,
        17,
        19,
        3,
        15,
        1,
        21,
        33,
        42,
        4,
        23,
        8,
        30,
        44,
        11,
        40,
        20,
        49,
        37,
        10,
        7,
        7,
        5,
        34,
        4,
        20,
        9,
        37,
        2,
        24,
        32,
        20,
        28,
        23,
        38,
        35,
        24,
        9,
        6,
        7,
        36,
        37,
        5,
        53,
        44,
        32,
        19,
        44,
        3,
        7,
        31,
        8,
        30,
        10,
        10,
        2,
        16,
        16,
        18,
        16,
        37,
        29,
        29,
        1,
        55,
        37,
        10,
        23,
        5,
        42,
        16,
        52,
        48,
        2,
        8,
        55,
        2,
        48,
        2,
        45,
        1,
        31,
        19,
        7,
        56,
        41,
        5,
        56,
        8,
        13,
        16,
        31,
        22,
        1,
        16,
        4,
        11,
        32,
        30,
        11,
        10,
        17,
        1,
        26,
        56,
        43,
        29,
        46,
        1,
        24,
        39,
        1,
        45,
        35,
        1,
        4,
        3,
        4,
        43,
        34,
        17,
        1,
        32,
        5,
        35,
        19,
        26,
        49,
        37,
        35,
        3,
        20,
        16,
        27,
        2,
        40,
        47,
        6,
        13,
        48,
        40,
        4,
        32,
        3,
        1,
        31,
        16,
        6,
        23,
        27,
        14,
        19,
        13,
        10,
        2,
        34,
        12,
        12,
        8,
        16,
        38,
        18,
        4,
        4,
        48,
        31,
        21,
        3,
        22,
        27,
        12,
        3,
        14,
        26,
        5,
        3,
        4,
        56,
        6,
        4,
        25,
        7,
        30,
        19,
        38,
        11,
        5,
        8,
        33,
        51,
        12,
        28,
        22,
        22,
        44,
        45,
        9,
        13,
        8,
        12,
        19,
        49,
        28,
        33,
        19,
        11,
        2,
        2,
        9,
        42,
        18,
        11,
        19,
        48,
        25,
        47,
        15,
        25,
        22,
        41,
        51,
        37,
        49,
        6,
        1,
        14,
        17,
        3,
        14,
        40,
        18,
        38,
        23,
        15,
        16,
        1,
        47,
        48,
        28,
        51,
        14,
        31,
        21,
        26,
        41,
        19,
        1,
        19,
        21,
        38,
        9,
        28,
        2,
        9,
        28,
        31,
        11,
        51,
        50,
        22,
        47,
        1,
        49,
        17,
        27,
        36,
        19,
        8,
        1,
        22,
        4,
        19,
        15,
        25,
        9,
        21,
        14,
        11,
        20,
        32,
        26,
        8,
        11,
        32,
        14,
        7,
        17,
        5,
        26,
        52,
        39,
        31,
        6,
        22,
        38,
        25,
        18,
        23,
        2,
        9,
        21,
        34,
        1,
        11,
        22,
        41,
        39,
        16,
        18,
        55,
        8,
        16,
        19,
        5,
        21,
        4,
        12,
        24,
        54,
        13,
        36,
        14,
        46,
        33,
        2,
        48,
        4,
        23,
        5,
        33,
        9,
        29,
        16,
        24,
        38,
        50,
        28,
        11,
        54,
        1,
        5,
        47,
        18,
        48,
        14,
        8,
        55,
        55,
        14,
        10,
        11,
        15,
        6,
        26,
        40,
        30,
        41,
        28,
        26,
        12,
        26,
        37,
        37,
        32,
        40,
        3,
        46,
        27,
        12,
        8,
        41,
        4,
        14,
        4,
        19,
        21,
        23,
        35,
        46,
        2,
        8,
        15,
        24,
        53,
        54,
        9,
        21,
        36,
        20,
        41,
        1,
        34,
        51,
        41,
        9,
        29,
        7,
        4,
        20,
        55,
        5,
        48,
        46,
        11,
        35,
        5,
        52,
        10,
        8,
        23,
        16,
        26,
        55,
        44,
        30,
        36,
        21,
        19,
        14,
        1,
        17,
        5,
        23,
        32,
        53,
        7,
        15,
        25,
        54,
        20,
        36,
        34,
        22,
        54,
        42,
        18,
        17,
        2,
        10,
        9,
        47,
        14,
        45,
        43,
        26,
        17,
        5,
        1,
        51,
        45,
        9,
        36,
        39,
        38,
        18,
        48,
        38,
        3,
        4,
        34,
        28,
        11,
        43,
        28,
        11,
        27,
        55,
        38,
        12,
        36,
        10,
        22,
        28,
        5,
        47,
        24,
        52,
        12,
        22,
        14,
        12,
        9,
        48,
        15,
        29,
        41,
        24,
        5,
        28,
        40,
        28,
        36,
        25,
        12,
        6,
        9,
        8,
        27,
        4,
        3,
        21,
        48,
        27,
        15,
        21,
        32,
        41,
        2,
        32,
        32,
        29,
        2,
        35,
        32,
        32,
        19,
        20,
        50,
        46,
        8,
        24,
        28,
        49,
        8,
        31,
        14,
        51,
        33,
        1,
        11,
        10,
        54,
        10,
        5,
        51,
        20,
        28,
        22,
        12,
        47,
        13,
        1,
        16,
