{
    "min_time": 0.0009975433349609375,
    "max_time": 0.07500076293945312,
    "all_time": 0.020295997858047487,
    "min_round": 5,
    "max_round": 17530,
    "all_rounds": 4729304,
    "more_winner": 0,
    "winner": [
        22,
        28,
        19,
        21,
        14,
        4,
        42,
        10,
        31,
        1,
        3,
        60,
        25,
        24,
        15,
        33,
        59,
        7,
        56,
        26,
        47,
        21,
        22,
        12,
        18,
        4,
        31,
        73,
        50,
        21,
        21,
        65,
        8,
        4,
        33,
        29,
        8,
        39,
        23,
        36,
        61,
        40,
        55,
        46,
        79,
        35,
        5,
        26,
        25,
        4,
        52,
        50,
        28,
        67,
        6,
        9,
        1,
        22,
        54,
        29,
        51,
        52,
        40,
        3,
        16,
        6,
        70,
        8,
        1,
        30,
        24,
        59,
        20,
        7,
        27,
        4,
        14,
        3,
        78,
        15,
        41,
        31,
        36,
        15,
        32,
        44,
        7,
        59,
        10,
        49,
        3,
        31,
        71,
        30,
        25,
        32,
        28,
        17,
        61,
        35,
        19,
        37,
        9,
        55,
        64,
        2,
        10,
        47,
        47,
        43,
        2,
        2,
        15,
        12,
        1,
        26,
        30,
        1,
        11,
        69,
        56,
        7,
        59,
        11,
        1,
        18,
        54,
        52,
        1,
        49,
        77,
        31,
        5,
        25,
        33,
        1,
        64,
        59,
        31,
        64,
        31,
        19,
        58,
        66,
        13,
        15,
        56,
        59,
        33,
        2,
        38,
        18,
        27,
        11,
        30,
        11,
        26,
        16,
        47,
        65,
        47,
        58,
        20,
        17,
        68,
        15,
        30,
        50,
        50,
        8,
        27,
        2,
        30,
        69,
        68,
        32,
        14,
        54,
        11,
        10,
        11,
        11,
        40,
        70,
        24,
        67,
        11,
        59,
        15,
        54,
        65,
        36,
        10,
        18,
        46,
        14,
        21,
        78,
        71,
        50,
        25,
        26,
        11,
        63,
        38,
        39,
        45,
        1,
        37,
        62,
        8,
        7,
        63,
        35,
        3,
        21,
        32,
        39,
        8,
        47,
        36,
        6,
        18,
        16,
        9,
        78,
        32,
        66,
        64,
        71,
        50,
        60,
        62,
        29,
        7,
        35,
        77,
        73,
        24,
        15,
        26,
        10,
        39,
        46,
        15,
        27,
        41,
        23,
        43,
        3,
        45,
        73,
        12,
        46,
        19,
        10,
        76,
        5,
        44,
        21,
        4,
        26,
        31,
        45,
        64,
        40,
        56,
        16,
        29,
        46,
        53,
        16,
        5,
        41,
        69,
        1,
        42,
        43,
        44,
        13,
        58,
        19,
        41,
        5,
        4,
        48,
        62,
        3,
        58,
        5,
        3,
        64,
        14,
        36,
        11,
        33,
        13,
        72,
        24,
        5,
        29,
        20,
        4,
        40,
        53,
        42,
        32,
        32,
        47,
        34,
        5,
        28,
        14,
        18,
        14,
        8,
        2,
        67,
        3,
        16,
        15,
        78,
        14,
        57,
        17,
        2,
        80,
        32,
        38,
        61,
        57,
        14,
        4,
        45,
        37,
        7,
        39,
        1,
        13,
        25,
        72,
        12,
        21,
        19,
        42,
        57,
        8,
        64,
        54,
        17,
        53,
        5,
        23,
        65,
        31,
        73,
        4,
        3,
        39,
        65,
        27,
        12,
        10,
        21,
        65,
        11,
        21,
        69,
        58,
        14,
        6,
        4,
        14,
        41,
        72,
        4,
        31,
        15,
        49,
        24,
        7,
        10,
        2,
        25,
        40,
        43,
        3,
        71,
        8,
        29,
        55,
        59,
        32,
        30,
        63,
        13,
        4,
        61,
        45,
        77,
        13,
        42,
        65,
        38,
        1,
        24,
        62,
        49,
        1,
        14,
        18,
        9,
        28,
        24,
        74,
        2,
        57,
        5,
        4,
        36,
        31,
        9,
        3,
        32,
        11,
        79,
        40,
        52,
        74,
        55,
        10,
        18,
        43,
        64,
        71,
        19,
        78,
        11,
        8,
        4,
        41,
        28,
        1,
        26,
        10,
        48,
        20,
        40,
        1,
        58,
        18,
        5,
        16,
        71,
        46,
        11,
        5,
        63,
        10,
        38,
        40,
        22,
        27,
        53,
        11,
        7,
        6,
        14,
        62,
        23,
        11,
        8,
        26,
        15,
        61,
        78,
        4,
        49,
        25,
        7,
        72,
        13,
        23,
        37,
        64,
        30,
        20,
        68,
        30,
        20,
        7,
        60,
        29,
        60,
        50,
        47,
        24,
        5,
        54,
        20,
        21,
        22,
        24,
        15,
        67,
        67,
        56,
        66,
        34,
        58,
        48,
        41,
        59,
        62,
        18,
        14,
        21,
        15,
        2,
        25,
        36,
        58,
        40,
        80,
        65,
        7,
        71,
        80,
        64,
        41,
        33,
        39,
        63,
        74,
        23,
        18,
        28,
        58,
        36,
        39,
        12,
        29,
        8,
        26,
        33,
        32,
        57,
        17,
        20,
        55,
        18,
        14,
        35,
        70,
        11,
        42,
        34,
        65,
        72,
        19,
        42,
        1,
        6,
        25,
        15,
        35,
        67,
        29,
        22,
        6,
        60,
        29,
        2,
        6,
        17,
        42,
        3,
        66,
        17,
        8,
        43,
        14,
        30,
        14,
        7,
        22,
        25,
        73,
        69,
        55,
        1,
        1,
        6,
        15,
        29,
        37,
        59,
        8,
        61,
        46,
        31,
        36,
        41,
        18,
        16,
        9,
