{
    "min_time": 0.0009975433349609375,
    "max_time": 0.0670003890991211,
    "all_time": 0.02173602867126465,
    "min_round": 5,
    "max_round": 18011,
    "all_rounds": 5121083,
    "more_winner": 0,
    "winner": [
        74,
        28,
        67,
        13,
        17,
        16,
        10,
        9,
        20,
        33,
        2,
        7,
        78,
        18,
        85,
        58,
        28,
        37,
        61,
        55,
        69,
        26,
        13,
        28,
        3,
        39,
        19,
        33,
        6,
        64,
        43,
        41,
        31,
        30,
        51,
        43,
        59,
        22,
        1,
        66,
        42,
        20,
        73,
        47,
        36,
        15,
        56,
        14,
        52,
        34,
        42,
        33,
        49,
        19,
        25,
        1,
        51,
        33,
        52,
        74,
        75,
        8,
        7,
        10,
        36,
        60,
        31,
        11,
        21,
        19,
        64,
        31,
        8,
        84,
        64,
        27,
        75,
        16,
        12,
        60,
        85,
        29,
        32,
        20,
        13,
        3,
        45,
        11,
        1,
        17,
        61,
        22,
        29,
        18,
        8,
        63,
        20,
        13,
        22,
        1,
        19,
        36,
        16,
        22,
        42,
        67,
        57,
        16,
        2,
        35,
        22,
        47,
        15,
        4,
        62,
        64,
        24,
        45,
        46,
        46,
        2,
        16,
        11,
        2,
        8,
        2,
        2,
        15,
        71,
        17,
        8,
        3,
        1,
        53,
        21,
        25,
        29,
        43,
        8,
        67,
        70,
        15,
        46,
        32,
        41,
        8,
        14,
        21,
        32,
        24,
        27,
        14,
        18,
        29,
        78,
        12,
        22,
        20,
        37,
        12,
        4,
        17,
        74,
        73,
        8,
        25,
        42,
        30,
        8,
        5,
        16,
        6,
        67,
        28,
        13,
        19,
        51,
        28,
        1,
        8,
        22,
        35,
        4,
        15,
        14,
        58,
        26,
        4,
        69,
        15,
        61,
        15,
        60,
        4,
        17,
        12,
        81,
        20,
        44,
        45,
        10,
        5,
        68,
        32,
        34,
        44,
        31,
        61,
        33,
        19,
        61,
        14,
        5,
        9,
        14,
        11,
        6,
        10,
        13,
        17,
        24,
        77,
        48,
        7,
        41,
        17,
        24,
        43,
        23,
        70,
        1,
        27,
        47,
        31,
        50,
        28,
        30,
        10,
        62,
        57,
        8,
        25,
        24,
        1,
        40,
        29,
        32,
        38,
        44,
        23,
        8,
        40,
        26,
        32,
        9,
        14,
        10,
        24,
        50,
        1,
        53,
        17,
        12,
        44,
        57,
        61,
        20,
        35,
        19,
        17,
        10,
        36,
        5,
        21,
        28,
        35,
        58,
        1,
        5,
        2,
        24,
        48,
        48,
        71,
        23,
        19,
        16,
        71,
        7,
        3,
        47,
        4,
        10,
        80,
        27,
        3,
        30,
        66,
        2,
        8,
        53,
        24,
        12,
        27,
        64,
        38,
        8,
        3,
        28,
        42,
        49,
        48,
        77,
        80,
        9,
        38,
        30,
        2,
        1,
        21,
        76,
        1,
        49,
        3,
        2,
        64,
        66,
        2,
        37,
        38,
        9,
        10,
        35,
        54,
        13,
        5,
        30,
        69,
        61,
        82,
        17,
        28,
        57,
        23,
        33,
        27,
        9,
        18,
        29,
        37,
        83,
        55,
        28,
        28,
        41,
        77,
        80,
        14,
        26,
        7,
        15,
        51,
        32,
        59,
        4,
        78,
        39,
        40,
        56,
        37,
        20,
        14,
        1,
        64,
        84,
        16,
        70,
        57,
        30,
        27,
        26,
        18,
        37,
        51,
        82,
        8,
        3,
        53,
        68,
        7,
        61,
        84,
        23,
        38,
        46,
        45,
        3,
        36,
        22,
        9,
        26,
        43,
        54,
        33,
        41,
        5,
        43,
        54,
        14,
        4,
        52,
        3,
        14,
        57,
        22,
        10,
        35,
        35,
        60,
        55,
        17,
        13,
        24,
        10,
        76,
        50,
        75,
        59,
        64,
        39,
        69,
        33,
        2,
        30,
        7,
        13,
        45,
        18,
        40,
        17,
        5,
        16,
        9,
        42,
        17,
        16,
        12,
        24,
        46,
        40,
        77,
        25,
        77,
        41,
        78,
        22,
        37,
        13,
        58,
        25,
        58,
        18,
        11,
        64,
        84,
        43,
        37,
        34,
        33,
        2,
        22,
        11,
        10,
        78,
        40,
        34,
        54,
        9,
        11,
        9,
        5,
        58,
        31,
        37,
        4,
        23,
        72,
        57,
        24,
        52,
        80,
        1,
        24,
        36,
        4,
        15,
        68,
        3,
        60,
        17,
        4,
        53,
        39,
        30,
        38,
        20,
        29,
        37,
        7,
        80,
        18,
        38,
        42,
        50,
        22,
        3,
        59,
        18,
        8,
        10,
        8,
        10,
        46,
        12,
        20,
        56,
        50,
        35,
        16,
        36,
        2,
        14,
        44,
        3,
        2,
        33,
        34,
        15,
        2,
        21,
        28,
        51,
        47,
        47,
        42,
        75,
        77,
        74,
        46,
        26,
        5,
        23,
        15,
        3,
        45,
        6,
        78,
        53,
        63,
        49,
        39,
        26,
        23,
        73,
        69,
        61,
        40,
        4,
        13,
        12,
        67,
        64,
        32,
        8,
        34,
        28,
        39,
        55,
        23,
        59,
        60,
        54,
        1,
        30,
        22,
        60,
        2,
        38,
        5,
        6,
        6,
        29,
        54,
        28,
        29,
        38,
        18,
        22,
        69,
        64,
        28,
        15,
        79,
        24,
        7,
        1,
