{
    "min_time": 0.0,
    "max_time": 0.07400059700012207,
    "all_time": 0.019031520366668702,
    "min_round": 5,
    "max_round": 15000,
    "all_rounds": 4430667,
    "more_winner": 0,
    "winner": [
        10,
        39,
        1,
        43,
        3,
        77,
        12,
        16,
        15,
        48,
        6,
        16,
        40,
        58,
        6,
        24,
        4,
        57,
        15,
        5,
        2,
        20,
        32,
        52,
        27,
        21,
        68,
        2,
        65,
        46,
        11,
        10,
        17,
        22,
        33,
        18,
        18,
        59,
        36,
        18,
        21,
        14,
        5,
        1,
        10,
        57,
        12,
        65,
        46,
        13,
        42,
        34,
        54,
        19,
        24,
        38,
        66,
        3,
        11,
        9,
        8,
        51,
        18,
        58,
        52,
        13,
        30,
        3,
        9,
        69,
        5,
        17,
        10,
        28,
        54,
        7,
        43,
        4,
        28,
        20,
        61,
        13,
        3,
        7,
        29,
        5,
        45,
        46,
        27,
        56,
        23,
        16,
        42,
        66,
        20,
        37,
        54,
        71,
        21,
        70,
        55,
        6,
        7,
        37,
        15,
        67,
        41,
        76,
        5,
        8,
        19,
        26,
        66,
        75,
        42,
        21,
        48,
        29,
        12,
        5,
        28,
        60,
        23,
        8,
        9,
        62,
        52,
        5,
        29,
        22,
        38,
        24,
        55,
        55,
        3,
        5,
        29,
        60,
        23,
        47,
        30,
        10,
        13,
        16,
        34,
        2,
        48,
        70,
        3,
        4,
        16,
        15,
        59,
        2,
        23,
        45,
        34,
        4,
        61,
        16,
        5,
        23,
        10,
        7,
        11,
        57,
        8,
        30,
        49,
        8,
        1,
        1,
        59,
        38,
        42,
        45,
        4,
        5,
        11,
        50,
        24,
        35,
        7,
        61,
        45,
        9,
        33,
        61,
        1,
        61,
        73,
        68,
        22,
        72,
        39,
        47,
        9,
        12,
        1,
        20,
        4,
        4,
        36,
        25,
        31,
        5,
        34,
        11,
        35,
        29,
        20,
        2,
        14,
        56,
        66,
        55,
        8,
        5,
        8,
        52,
        42,
        4,
        59,
        3,
        35,
        22,
        17,
        3,
        37,
        45,
        4,
        8,
        40,
        31,
        36,
        65,
        37,
        48,
        16,
        60,
        21,
        20,
        26,
        12,
        66,
        2,
        67,
        14,
        25,
        15,
        22,
        21,
        66,
        14,
        14,
        5,
        11,
        37,
        49,
        2,
        48,
        63,
        1,
        50,
        22,
        21,
        74,
        10,
        27,
        53,
        54,
        75,
        14,
        18,
        59,
        4,
        72,
        38,
        1,
        47,
        25,
        1,
        56,
        76,
        26,
        41,
        17,
        6,
        33,
        38,
        15,
        4,
        53,
        34,
        65,
        1,
        2,
        16,
        4,
        1,
        54,
        38,
        29,
        31,
        13,
        41,
        59,
        38,
        20,
        8,
        26,
        46,
        15,
        26,
        62,
        54,
        5,
        42,
        32,
        45,
        3,
        56,
        47,
        48,
        43,
        34,
        36,
        41,
        73,
        28,
        50,
        50,
        41,
        13,
        28,
        22,
        14,
        12,
        52,
        4,
        58,
        25,
        13,
        7,
        61,
        41,
        23,
        15,
        9,
        17,
        1,
        25,
        2,
        6,
        51,
        74,
        42,
        67,
        10,
        38,
        60,
        16,
        27,
        3,
        22,
        57,
        49,
        71,
        68,
        8,
        6,
        77,
        31,
        38,
        20,
        13,
        6,
        35,
        37,
        63,
        3,
        71,
        40,
        71,
        33,
        48,
        75,
        76,
        23,
        27,
        48,
        46,
        4,
        48,
        29,
        75,
        7,
        4,
        26,
        28,
        9,
        18,
        3,
        4,
        38,
        21,
        64,
        12,
        40,
        60,
        28,
        28,
        19,
        40,
        10,
        37,
        32,
        60,
        35,
        30,
        20,
        56,
        40,
        47,
        1,
        10,
        2,
        9,
        53,
        24,
        20,
        39,
        19,
        3,
        17,
        47,
        34,
        28,
        17,
        15,
        32,
        26,
        6,
        2,
        2,
        42,
        22,
        19,
        36,
        5,
        49,
        76,
        9,
        22,
        35,
        22,
        46,
        10,
        61,
        2,
        66,
        65,
        22,
        15,
        21,
        36,
        3,
        53,
        9,
        75,
        43,
        49,
        8,
        28,
        18,
        14,
        44,
        43,
        77,
        26,
        28,
        16,
        42,
        59,
        1,
        9,
        17,
        23,
        57,
        49,
        17,
        71,
        50,
        39,
        5,
        27,
        52,
        22,
        5,
        73,
        30,
        34,
        14,
        4,
        4,
        53,
        5,
        34,
        35,
        4,
        39,
        14,
        9,
        46,
        1,
        71,
        72,
        4,
        62,
        33,
        22,
        1,
        17,
        6,
        72,
        46,
        27,
        5,
        68,
        32,
        50,
        23,
        59,
        4,
        32,
        31,
        31,
        49,
        24,
        17,
        16,
        42,
        63,
        42,
        9,
        51,
        2,
        24,
        67,
        47,
        34,
        75,
        5,
        73,
        22,
        27,
        77,
        18,
        12,
        26,
        8,
        40,
        73,
        20,
        29,
        4,
        30,
        4,
        35,
        39,
        1,
        44,
        25,
        27,
        11,
        33,
        63,
        46,
        30,
        20,
        10,
        66,
        17,
        21,
        61,
        4,
        53,
        12,
        7,
        23,
        56,
        3,
        23,
        14,
        58,
        28,
        61,
        10,
        30,
        3,
        64,
        54,
        22,
        5,
        39,
        21,
        12,
        16,
        14,
