{
    "min_time": 0.0,
    "max_time": 0.06799769401550293,
    "all_time": 0.01617419743537903,
    "min_round": 5,
    "max_round": 10725,
    "all_rounds": 2897211,
    "more_winner": 0,
    "winner": [
        28,
        17,
        31,
        7,
        8,
        3,
        17,
        6,
        13,
        2,
        14,
        6,
        46,
        28,
        22,
        15,
        10,
        48,
        17,
        38,
        1,
        11,
        11,
        37,
        34,
        10,
        18,
        7,
        2,
        30,
        19,
        15,
        27,
        21,
        48,
        16,
        18,
        10,
        6,
        19,
        30,
        21,
        1,
        2,
        13,
        1,
        2,
        9,
        49,
        11,
        22,
        7,
        7,
        19,
        5,
        38,
        5,
        18,
        2,
        3,
        36,
        35,
        4,
        39,
        2,
        1,
        25,
        2,
        4,
        30,
        15,
        48,
        6,
        22,
        10,
        34,
        6,
        6,
        34,
        18,
        47,
        7,
        47,
        38,
        4,
        30,
        38,
        26,
        2,
        1,
        22,
        17,
        24,
        36,
        11,
        6,
        12,
        46,
        2,
        5,
        26,
        10,
        36,
        2,
        8,
        11,
        23,
        5,
        12,
        11,
        13,
        47,
        13,
        49,
        21,
        7,
        7,
        28,
        18,
        37,
        6,
        25,
        27,
        31,
        9,
        10,
        50,
        8,
        27,
        14,
        18,
        35,
        33,
        5,
        6,
        3,
        11,
        6,
        14,
        8,
        13,
        40,
        36,
        25,
        17,
        21,
        20,
        15,
        11,
        1,
        28,
        13,
        11,
        46,
        2,
        10,
        10,
        43,
        14,
        2,
        45,
        8,
        18,
        39,
        26,
        8,
        9,
        28,
        15,
        4,
        5,
        20,
        4,
        31,
        45,
        9,
        36,
        9,
        9,
        35,
        1,
        9,
        5,
        3,
        23,
        10,
        8,
        22,
        1,
        39,
        23,
        4,
        18,
        25,
        12,
        2,
        45,
        18,
        7,
        44,
        44,
        33,
        20,
        9,
        2,
        2,
        36,
        46,
        1,
        6,
        39,
        10,
        2,
        3,
        34,
        14,
        32,
        3,
        43,
        2,
        12,
        48,
        3,
        38,
        33,
        22,
        17,
        14,
        22,
        16,
        18,
        24,
        6,
        22,
        18,
        7,
        4,
        31,
        5,
        48,
        7,
        13,
        48,
        9,
        22,
        22,
        44,
        17,
        32,
        4,
        11,
        4,
        15,
        3,
        19,
        4,
        45,
        3,
        2,
        4,
        22,
        1,
        21,
        11,
        10,
        25,
        22,
        5,
        16,
        21,
        27,
        20,
        15,
        44,
        31,
        18,
        3,
        20,
        7,
        23,
        3,
        43,
        16,
        47,
        3,
        17,
        6,
        15,
        42,
        18,
        13,
        3,
        4,
        9,
        8,
        22,
        22,
        12,
        19,
        24,
        46,
        1,
        21,
        36,
        19,
        31,
        7,
        5,
        38,
        17,
        3,
        29,
        38,
        6,
        1,
        26,
        24,
        23,
        41,
        22,
        5,
        42,
        31,
        40,
        15,
        44,
        48,
        25,
        6,
        3,
        22,
        35,
        14,
        2,
        44,
        3,
        37,
        21,
        14,
        4,
        10,
        10,
        13,
        44,
        15,
        18,
        7,
        1,
        5,
        8,
        18,
        2,
        4,
        21,
        43,
        1,
        8,
        4,
        27,
        44,
        6,
        4,
        45,
        50,
        1,
        13,
        19,
        2,
        46,
        31,
        6,
        5,
        22,
        8,
        3,
        12,
        35,
        3,
        16,
        28,
        2,
        39,
        27,
        44,
        12,
        23,
        42,
        20,
        42,
        22,
        2,
        38,
        10,
        7,
        13,
        12,
        38,
        3,
        7,
        17,
        42,
        46,
        18,
        10,
        7,
        27,
        32,
        27,
        1,
        32,
        16,
        13,
        36,
        33,
        4,
        1,
        13,
        44,
        5,
        5,
        40,
        3,
        32,
        9,
        1,
        5,
        9,
        39,
        11,
        27,
        2,
        17,
        39,
        22,
        15,
        14,
        30,
        17,
        21,
        28,
        16,
        18,
        48,
        10,
        46,
        50,
        49,
        26,
        27,
        2,
        17,
        18,
        17,
        15,
        6,
        29,
        32,
        8,
        12,
        20,
        24,
        25,
        40,
        9,
        36,
        37,
        20,
        1,
        45,
        7,
        43,
        9,
        46,
        37,
        21,
        30,
        12,
        41,
        16,
        39,
        26,
        21,
        33,
        3,
        6,
        16,
        45,
        5,
        46,
        43,
        22,
        3,
        29,
        45,
        22,
        1,
        27,
        11,
        23,
        6,
        21,
        24,
        6,
        17,
        35,
        9,
        2,
        3,
        40,
        30,
        25,
        4,
        13,
        14,
        39,
        9,
        9,
        41,
        42,
        35,
        34,
        23,
        38,
        22,
        15,
        41,
        38,
        6,
        8,
        50,
        18,
        8,
        22,
        4,
        31,
        11,
        32,
        23,
        18,
        14,
        31,
        1,
        24,
        23,
        30,
        13,
        47,
        16,
        11,
        34,
        12,
        31,
        22,
        24,
        8,
        35,
        11,
        27,
        21,
        33,
        22,
        42,
        2,
        17,
        49,
        8,
        10,
        4,
        5,
        4,
        45,
        25,
        2,
        35,
        41,
        1,
        7,
        44,
        43,
        30,
        3,
        22,
        5,
        18,
        29,
        7,
        4,
        31,
        44,
        12,
        42,
        35,
        36,
        22,
        25,
        28,
        20,
        39,
        48,
        40,
        48,
        16,
        24,
        41,
        26,
        19,
        32,
        24,
        5,
        2,
        34,
        22,
        4,
