{
    "min_time": 0.0,
    "max_time": 0.0780022144317627,
    "all_time": 0.012413244485855103,
    "min_round": 5,
    "max_round": 8300,
    "all_rounds": 2123131,
    "more_winner": 0,
    "winner": [
        18,
        7,
        2,
        36,
        2,
        1,
        2,
        5,
        23,
        33,
        19,
        8,
        26,
        33,
        10,
        10,
        5,
        1,
        23,
        2,
        9,
        3,
        7,
        13,
        15,
        19,
        10,
        4,
        13,
        14,
        19,
        24,
        4,
        5,
        38,
        15,
        30,
        11,
        1,
        3,
        38,
        14,
        11,
        38,
        1,
        12,
        3,
        1,
        10,
        19,
        2,
        27,
        29,
        10,
        29,
        8,
        3,
        26,
        35,
        4,
        26,
        21,
        16,
        1,
        27,
        19,
        14,
        16,
        5,
        11,
        4,
        1,
        24,
        4,
        26,
        24,
        12,
        1,
        5,
        3,
        1,
        38,
        8,
        14,
        10,
        36,
        12,
        28,
        19,
        9,
        26,
        19,
        31,
        10,
        9,
        27,
        19,
        2,
        29,
        19,
        29,
        4,
        34,
        29,
        27,
        12,
        1,
        19,
        22,
        30,
        20,
        38,
        13,
        3,
        15,
        35,
        19,
        19,
        13,
        21,
        9,
        20,
        7,
        32,
        24,
        2,
        17,
        25,
        38,
        27,
        4,
        22,
        23,
        2,
        25,
        31,
        5,
        35,
        7,
        4,
        4,
        21,
        8,
        19,
        13,
        10,
        35,
        23,
        22,
        5,
        3,
        1,
        8,
        7,
        5,
        20,
        20,
        26,
        22,
        30,
        14,
        17,
        4,
        23,
        37,
        22,
        5,
        18,
        8,
        4,
        6,
        15,
        3,
        8,
        5,
        9,
        9,
        27,
        18,
        32,
        19,
        26,
        29,
        6,
        8,
        12,
        3,
        19,
        9,
        4,
        24,
        4,
        10,
        38,
        25,
        11,
        1,
        13,
        36,
        12,
        5,
        5,
        15,
        10,
        5,
        10,
        29,
        27,
        28,
        22,
        1,
        31,
        15,
        32,
        13,
        34,
        22,
        15,
        25,
        17,
        2,
        13,
        30,
        8,
        36,
        19,
        3,
        18,
        4,
        11,
        16,
        33,
        14,
        12,
        7,
        20,
        9,
        27,
        20,
        4,
        18,
        11,
        25,
        11,
        14,
        14,
        4,
        3,
        3,
        14,
        1,
        6,
        12,
        14,
        21,
        36,
        14,
        7,
        23,
        21,
        3,
        22,
        5,
        19,
        9,
        12,
        35,
        1,
        26,
        20,
        2,
        19,
        6,
        28,
        3,
        3,
        9,
        16,
        34,
        9,
        12,
        30,
        26,
        16,
        5,
        12,
        2,
        16,
        32,
        9,
        12,
        10,
        10,
        1,
        14,
        38,
        37,
        25,
        31,
        5,
        16,
        19,
        17,
        12,
        6,
        11,
        38,
        28,
        2,
        13,
        36,
        18,
        17,
        29,
        25,
        1,
        13,
        10,
        11,
        17,
        10,
        20,
        5,
        7,
        13,
        28,
        27,
        14,
        17,
        8,
        19,
        12,
        11,
        36,
        3,
        22,
        27,
        2,
        28,
        3,
        12,
        9,
        23,
        22,
        14,
        2,
        14,
        34,
        29,
        1,
        15,
        20,
        14,
        9,
        30,
        11,
        27,
        32,
        2,
        32,
        12,
        23,
        38,
        31,
        18,
        5,
        22,
        26,
        27,
        25,
        18,
        6,
        32,
        9,
        28,
        26,
        11,
        17,
        4,
        7,
        1,
        7,
        7,
        25,
        16,
        8,
        23,
        19,
        4,
        23,
        36,
        30,
        8,
        7,
        1,
        34,
        29,
        3,
        2,
        12,
        33,
        7,
        9,
        36,
        9,
        2,
        5,
        5,
        9,
        13,
        9,
        33,
        25,
        7,
        1,
        25,
        13,
        30,
        13,
        9,
        13,
        22,
        28,
        30,
        19,
        3,
        6,
        11,
        23,
        20,
        6,
        11,
        3,
        24,
        12,
        18,
        36,
        16,
        18,
        8,
        24,
        20,
        35,
        6,
        4,
        10,
        27,
        34,
        30,
        11,
        13,
        38,
        13,
        2,
        23,
        15,
        6,
        13,
        30,
        1,
        23,
        4,
        4,
        15,
        3,
        7,
        4,
        15,
        14,
        8,
        16,
        1,
        4,
        22,
        37,
        5,
        3,
        16,
        35,
        6,
        4,
        11,
        1,
        2,
        15,
        23,
        15,
        23,
        1,
        30,
        38,
        27,
        34,
        17,
        38,
        22,
        6,
        24,
        8,
        38,
        38,
        32,
        30,
        20,
        35,
        2,
        25,
        26,
        11,
        24,
        7,
        3,
        15,
        23,
        30,
        2,
        4,
        31,
        5,
        4,
        1,
        29,
        2,
        23,
        18,
        25,
        11,
        9,
        5,
        22,
        10,
        5,
        29,
        8,
        2,
        6,
        24,
        6,
        15,
        25,
        8,
        12,
        20,
        9,
        26,
        7,
        15,
        8,
        3,
        4,
        16,
        21,
        25,
        28,
        16,
        29,
        11,
        25,
        24,
        10,
        23,
        3,
        21,
        23,
        3,
        1,
        9,
        38,
        19,
        2,
        1,
        1,
        29,
        11,
        30,
        27,
        9,
        15,
        9,
        22,
        1,
        18,
        4,
        17,
        17,
        28,
        6,
        16,
        16,
        2,
        23,
        8,
        16,
        33,
        14,
        24,
        21,
        5,
        28,
        33,
        13,
        3,
        3,
        11,
        27,
        12,
        25,
        9,
        15,
        24,
        26,
        33,
        31,
        37,
        13,
