{
    "min_time": 0.0,
    "max_time": 0.05900096893310547,
    "all_time": 0.0173615300655365,
    "min_round": 5,
    "max_round": 13461,
    "all_rounds": 4027544,
    "more_winner": 2,
    "winner": [
        15,
        36,
        41,
        32,
        24,
        56,
        43,
        3,
        19,
        58,
        5,
        29,
        3,
        31,
        58,
        19,
        56,
        38,
        7,
        44,
        56,
        24,
        10,
        36,
        58,
        19,
        52,
        7,
        46,
        19,
        9,
        2,
        45,
        21,
        45,
        25,
        23,
        50,
        18,
        1,
        27,
        4,
        7,
        8,
        49,
        58,
        28,
        7,
        1,
        61,
        15,
        19,
        7,
        14,
        53,
        29,
        9,
        6,
        15,
        1,
        48,
        14,
        64,
        22,
        10,
        53,
        10,
        23,
        19,
        65,
        4,
        11,
        2,
        50,
        36,
        54,
        22,
        10,
        20,
        52,
        27,
        19,
        57,
        12,
        42,
        5,
        25,
        15,
        49,
        51,
        58,
        47,
        15,
        31,
        21,
        50,
        10,
        4,
        11,
        29,
        54,
        47,
        23,
        2,
        11,
        24,
        5,
        39,
        57,
        19,
        42,
        22,
        30,
        22,
        24,
        9,
        61,
        13,
        53,
        57,
        58,
        33,
        2,
        24,
        27,
        1,
        39,
        20,
        46,
        52,
        7,
        43,
        31,
        19,
        1,
        32,
        23,
        4,
        41,
        21,
        27,
        4,
        4,
        50,
        31,
        36,
        9,
        35,
        9,
        55,
        6,
        40,
        46,
        52,
        19,
        23,
        2,
        34,
        8,
        22,
        20,
        33,
        44,
        6,
        50,
        49,
        31,
        30,
        49,
        16,
        40,
        9,
        48,
        47,
        45,
        42,
        22,
        31,
        22,
        4,
        38,
        12,
        5,
        66,
        11,
        56,
        17,
        62,
        16,
        31,
        56,
        33,
        8,
        29,
        44,
        28,
        12,
        8,
        12,
        21,
        1,
        46,
        22,
        19,
        26,
        12,
        25,
        47,
        52,
        1,
        11,
        18,
        47,
        54,
        10,
        32,
        60,
        60,
        30,
        16,
        17,
        52,
        21,
        43,
        48,
        7,
        43,
        65,
        17,
        19,
        9,
        30,
        47,
        15,
        35,
        2,
        42,
        16,
        7,
        1,
        3,
        56,
        6,
        59,
        17,
        20,
        8,
        35,
        1,
        10,
        43,
        48,
        12,
        8,
        23,
        19,
        11,
        13,
        22,
        32,
        48,
        64,
        64,
        34,
        2,
        38,
        10,
        5,
        6,
        18,
        8,
        47,
        29,
        58,
        40,
        12,
        16,
        8,
        21,
        26,
        58,
        8,
        11,
        52,
        33,
        4,
        45,
        46,
        1,
        16,
        43,
        58,
        25,
        56,
        56,
        11,
        2,
        10,
        48,
        40,
        54,
        63,
        39,
        18,
        23,
        8,
        12,
        1,
        31,
        31,
        1,
        28,
        35,
        15,
        6,
        49,
        30,
        12,
        29,
        46,
        6,
        50,
        13,
        20,
        13,
        57,
        13,
        29,
        43,
        6,
        64,
        36,
        15,
        41,
        12,
        13,
        28,
        21,
        19,
        42,
        3,
        29,
        23,
        14,
        40,
        1,
        12,
        18,
        60,
        1,
        7,
        64,
        27,
        10,
        20,
        2,
        8,
        39,
        14,
        2,
        37,
        41,
        44,
        56,
        14,
        65,
        57,
        42,
        1,
        26,
        24,
        37,
        14,
        40,
        4,
        20,
        28,
        46,
        33,
        11,
        6,
        11,
        5,
        11,
        63,
        23,
        1,
        14,
        14,
        28,
        50,
        54,
        14,
        32,
        1,
        3,
        15,
        22,
        37,
        28,
        19,
        20,
        34,
        1,
        43,
        37,
        32,
        8,
        36,
        55,
        22,
        26,
        32,
        52,
        7,
        41,
        57,
        50,
        22,
        28,
        32,
        15,
        13,
        7,
        43,
        36,
        22,
        21,
        49,
        50,
        4,
        2,
        7,
        11,
        23,
        41,
        3,
        11,
        21,
        11,
        23,
        43,
        8,
        1,
        10,
        26,
        42,
        25,
        31,
        5,
        5,
        12,
        34,
        60,
        17,
        17,
        15,
        63,
        13,
        12,
        29,
        20,
        65,
        41,
        45,
        33,
        24,
        45,
        32,
        27,
        18,
        12,
        61,
        22,
        63,
        56,
        32,
        60,
        3,
        7,
        26,
        23,
        33,
        59,
        46,
        17,
        34,
        18,
        4,
        2,
        26,
        26,
        36,
        28,
        10,
        13,
        12,
        32,
        14,
        21,
        62,
        18,
        20,
        5,
        62,
        5,
        32,
        8,
        47,
        7,
        24,
        19,
        29,
        46,
        18,
        36,
        3,
        30,
        15,
        14,
        19,
        16,
        2,
        37,
        2,
        26,
        50,
        8,
        14,
        47,
        19,
        28,
        21,
        27,
        32,
        14,
        18,
        3,
        24,
        23,
        1,
        13,
        65,
        36,
        2,
        27,
        57,
        62,
        25,
        26,
        14,
        25,
        1,
        41,
        44,
        11,
        19,
        5,
        34,
        5,
        8,
        6,
        39,
        41,
        24,
        6,
        2,
        54,
        33,
        15,
        5,
        66,
        28,
        55,
        5,
        12,
        27,
        16,
        15,
        16,
        27,
        60,
        36,
        33,
        9,
        16,
        26,
        27,
        48,
        2,
        24,
        48,
        18,
        31,
        55,
        7,
        27,
        21,
        2,
        42,
        41,
        43,
        6,
        23,
        2,
        17,
        39,
        59,
