{
    "min_time": 0.0,
    "max_time": 0.08908271789550781,
    "all_time": 0.009410315752029419,
    "min_round": 5,
    "max_round": 5800,
    "all_rounds": 1521445,
    "more_winner": 0,
    "winner": [
        20,
        3,
        26,
        16,
        13,
        9,
        1,
        20,
        19,
        25,
        28,
        4,
        4,
        22,
        18,
        13,
        27,
        6,
        25,
        27,
        27,
        6,
        12,
        15,
        18,
        4,
        12,
        15,
        11,
        4,
        20,
        20,
        27,
        2,
        12,
        17,
        11,
        4,
        14,
        22,
        13,
        5,
        1,
        23,
        6,
        20,
        1,
        12,
        2,
        27,
        15,
        15,
        27,
        8,
        14,
        2,
        2,
        10,
        21,
        13,
        9,
        16,
        3,
        7,
        17,
        1,
        28,
        2,
        2,
        9,
        17,
        17,
        3,
        14,
        5,
        8,
        11,
        17,
        20,
        2,
        21,
        9,
        15,
        19,
        12,
        12,
        23,
        9,
        13,
        9,
        4,
        20,
        15,
        8,
        11,
        15,
        9,
        3,
        11,
        20,
        3,
        4,
        17,
        24,
        5,
        2,
        20,
        4,
        1,
        12,
        6,
        1,
        26,
        13,
        1,
        5,
        7,
        8,
        8,
        9,
        3,
        12,
        4,
        7,
        15,
        12,
        28,
        28,
        21,
        4,
        18,
        14,
        1,
        9,
        15,
        8,
        16,
        5,
        8,
        4,
        18,
        6,
        3,
        26,
        6,
        16,
        11,
        19,
        19,
        13,
        17,
        1,
        9,
        16,
        18,
        2,
        1,
        1,
        5,
        17,
        23,
        8,
        9,
        3,
        22,
        23,
        15,
        6,
        14,
        1,
        21,
        16,
        1,
        3,
        4,
        15,
        4,
        5,
        27,
        19,
        3,
        3,
        6,
        23,
        4,
        4,
        1,
        2,
        25,
        6,
        23,
        6,
        2,
        1,
        22,
        13,
        23,
        2,
        16,
        13,
        20,
        20,
        22,
        25,
        28,
        25,
        5,
        26,
        1,
        4,
        11,
        26,
        18,
        25,
        24,
        13,
        25,
        12,
        25,
        18,
        13,
        3,
        4,
        28,
        7,
        11,
        15,
        25,
        22,
        17,
        2,
        22,
        23,
        28,
        5,
        27,
        26,
        5,
        18,
        14,
        18,
        3,
        17,
        21,
        2,
        14,
        11,
        4,
        2,
        20,
        8,
        9,
        14,
        28,
        8,
        28,
        26,
        1,
        14,
        5,
        7,
        7,
        6,
        18,
        3,
        16,
        6,
        5,
        2,
        27,
        7,
        19,
        9,
        8,
        14,
        28,
        1,
        11,
        6,
        4,
        6,
        4,
        22,
        1,
        4,
        7,
        6,
        7,
        21,
        9,
        19,
        16,
        2,
        1,
        2,
        19,
        22,
        8,
        3,
        2,
        8,
        22,
        4,
        1,
        2,
        15,
        10,
        27,
        19,
        3,
        1,
        28,
        10,
        16,
        14,
        2,
        25,
        14,
        12,
        23,
        22,
        3,
        10,
        2,
        17,
        11,
        16,
        28,
        10,
        16,
        24,
        7,
        7,
        3,
        5,
        10,
        5,
        7,
        23,
        7,
        1,
        6,
        6,
        4,
        22,
        21,
        1,
        1,
        3,
        3,
        9,
        16,
        21,
        13,
        2,
        20,
        7,
        25,
        11,
        4,
        5,
        18,
        4,
        21,
        26,
        2,
        13,
        23,
        1,
        7,
        1,
        16,
        1,
        9,
        3,
        20,
        15,
        9,
        20,
        5,
        13,
        3,
        7,
        13,
        11,
        9,
        23,
        8,
        24,
        4,
        19,
        28,
        18,
        25,
        24,
        20,
        7,
        21,
        8,
        4,
        12,
        19,
        11,
        11,
        3,
        4,
        7,
        24,
        15,
        10,
        18,
        28,
        10,
        1,
        28,
        15,
        12,
        16,
        4,
        7,
        2,
        1,
        2,
        10,
        25,
        28,
        15,
        24,
        2,
        8,
        11,
        9,
        17,
        9,
        16,
        19,
        12,
        13,
        21,
        14,
        5,
        7,
        15,
        2,
        27,
        11,
        8,
        9,
        4,
        23,
        9,
        1,
        10,
        7,
        1,
        17,
        11,
        15,
        16,
        12,
        19,
        4,
        4,
        2,
        24,
        25,
        2,
        22,
        11,
        26,
        14,
        10,
        10,
        5,
        3,
        23,
        12,
        10,
        2,
        15,
        19,
        8,
        14,
        27,
        2,
        8,
        3,
        13,
        11,
        21,
        15,
        18,
        12,
        17,
        2,
        9,
        11,
        20,
        21,
        3,
        16,
        28,
        23,
        5,
        10,
        3,
        17,
        2,
        11,
        7,
        13,
        28,
        22,
        15,
        7,
        11,
        27,
        5,
        3,
        14,
        5,
        10,
        22,
        13,
        12,
        6,
        9,
        3,
        10,
        9,
        19,
        28,
        4,
        1,
        18,
        6,
        9,
        28,
        22,
        26,
        2,
        8,
        3,
        22,
        24,
        20,
        20,
        20,
        7,
        9,
        25,
        12,
        26,
        5,
        27,
        21,
        23,
        22,
        11,
        9,
        24,
        20,
        23,
        1,
        9,
        16,
        9,
        7,
        23,
        23,
        22,
        17,
        3,
        18,
        28,
        17,
        8,
        5,
        22,
        13,
        1,
        4,
        23,
        17,
        4,
        6,
        25,
        25,
        2,
        17,
        1,
        10,
        25,
        19,
        22,
        5,
        1,
        13,
        9,
        17,
        5,
        6,
        11,
        1,
        7,
        4,
        2,
        10,
        13,
        12,
        3,
        6,
        4,
        4,
        7,
        14,
        3,
        26,
        20,
