{
    "min_time": 0.0,
    "max_time": 0.07199764251708984,
    "all_time": 0.011322880744934082,
    "min_round": 5,
    "max_round": 8600,
    "all_rounds": 2016041,
    "more_winner": 0,
    "winner": [
        13,
        12,
        20,
        2,
        1,
        32,
        36,
        3,
        36,
        2,
        23,
        28,
        29,
        12,
        8,
        8,
        10,
        4,
        19,
        31,
        9,
        27,
        16,
        26,
        19,
        12,
        36,
        1,
        13,
        32,
        24,
        18,
        21,
        9,
        5,
        32,
        24,
        27,
        13,
        34,
        22,
        9,
        1,
        33,
        4,
        2,
        11,
        25,
        1,
        26,
        17,
        34,
        23,
        9,
        18,
        5,
        20,
        26,
        9,
        31,
        16,
        23,
        2,
        20,
        10,
        11,
        2,
        28,
        1,
        29,
        14,
        17,
        2,
        14,
        19,
        11,
        34,
        23,
        29,
        10,
        30,
        29,
        21,
        34,
        11,
        20,
        15,
        5,
        14,
        5,
        3,
        18,
        17,
        1,
        18,
        14,
        25,
        26,
        17,
        2,
        32,
        13,
        11,
        5,
        2,
        12,
        18,
        11,
        15,
        1,
        2,
        16,
        16,
        1,
        16,
        10,
        14,
        9,
        15,
        1,
        18,
        15,
        13,
        16,
        8,
        7,
        25,
        7,
        17,
        15,
        23,
        31,
        23,
        26,
        9,
        18,
        4,
        29,
        16,
        7,
        12,
        13,
        7,
        24,
        2,
        19,
        3,
        4,
        36,
        2,
        1,
        1,
        3,
        11,
        24,
        5,
        12,
        35,
        4,
        21,
        6,
        12,
        29,
        26,
        3,
        19,
        10,
        25,
        6,
        15,
        1,
        5,
        2,
        26,
        11,
        15,
        14,
        9,
        5,
        11,
        15,
        16,
        27,
        27,
        4,
        13,
        28,
        4,
        31,
        16,
        12,
        10,
        32,
        10,
        24,
        8,
        18,
        36,
        11,
        5,
        18,
        26,
        15,
        2,
        33,
        11,
        1,
        19,
        36,
        25,
        17,
        31,
        2,
        17,
        8,
        27,
        22,
        10,
        33,
        1,
        29,
        17,
        19,
        14,
        18,
        9,
        32,
        1,
        17,
        17,
        6,
        26,
        12,
        34,
        24,
        21,
        9,
        24,
        9,
        15,
        34,
        4,
        9,
        4,
        19,
        18,
        25,
        8,
        9,
        20,
        34,
        32,
        4,
        3,
        1,
        25,
        17,
        9,
        20,
        27,
        6,
        8,
        17,
        3,
        21,
        13,
        14,
        23,
        22,
        20,
        8,
        4,
        20,
        34,
        16,
        12,
        18,
        7,
        15,
        10,
        1,
        13,
        24,
        11,
        17,
        4,
        4,
        24,
        27,
        10,
        14,
        3,
        8,
        9,
        22,
        5,
        21,
        31,
        8,
        15,
        1,
        3,
        1,
        20,
        5,
        21,
        14,
        1,
        12,
        21,
        26,
        25,
        9,
        16,
        6,
        15,
        23,
        1,
        20,
        14,
        8,
        29,
        17,
        21,
        33,
        18,
        14,
        8,
        1,
        31,
        32,
        11,
        3,
        6,
        22,
        32,
        11,
        1,
        1,
        22,
        12,
        31,
        2,
        5,
        3,
        11,
        16,
        12,
        9,
        8,
        24,
        11,
        18,
        14,
        23,
        10,
        1,
        31,
        3,
        24,
        21,
        16,
        14,
        21,
        1,
        3,
        30,
        7,
        21,
        32,
        8,
        31,
        8,
        2,
        17,
        7,
        3,
        15,
        8,
        31,
        8,
        17,
        15,
        11,
        12,
        9,
        28,
        24,
        27,
        29,
        35,
        31,
        6,
        16,
        4,
        11,
        2,
        9,
        25,
        34,
        7,
        24,
        22,
        7,
        15,
        5,
        11,
        22,
        19,
        34,
        11,
        8,
        14,
        22,
        1,
        13,
        19,
        8,
        35,
        2,
        30,
        20,
        30,
        18,
        5,
        10,
        2,
        18,
        25,
        25,
        1,
        33,
        15,
        32,
        23,
        29,
        30,
        7,
        18,
        28,
        19,
        17,
        24,
        29,
        26,
        16,
        30,
        11,
        18,
        27,
        9,
        29,
        17,
        4,
        14,
        2,
        30,
        13,
        17,
        10,
        18,
        24,
        23,
        9,
        9,
        2,
        4,
        5,
        15,
        23,
        8,
        32,
        30,
        25,
        11,
        9,
        29,
        28,
        2,
        3,
        1,
        32,
        2,
        2,
        11,
        23,
        11,
        15,
        25,
        21,
        7,
        5,
        4,
        16,
        1,
        9,
        9,
        19,
        2,
        3,
        2,
        33,
        3,
        5,
        27,
        32,
        24,
        10,
        6,
        12,
        12,
        8,
        4,
        35,
        17,
        18,
        24,
        18,
        1,
        16,
        3,
        15,
        10,
        21,
        5,
        35,
        35,
        32,
        33,
        31,
        6,
        5,
        16,
        28,
        23,
        6,
        26,
        22,
        14,
        6,
        20,
        10,
        26,
        14,
        19,
        21,
        30,
        21,
        4,
        18,
        14,
        15,
        20,
        3,
        12,
        7,
        15,
        3,
        1,
        8,
        15,
        1,
        12,
        26,
        5,
        14,
        28,
        10,
        1,
        22,
        17,
        27,
        22,
        25,
        27,
        2,
        19,
        4,
        24,
        31,
        13,
        19,
        4,
        31,
        3,
        11,
        25,
        8,
        24,
        28,
        23,
        17,
        5,
        31,
        25,
        19,
        29,
        14,
        1,
        5,
        35,
        1,
        7,
        12,
        2,
        20,
        19,
        3,
        1,
        14,
        26,
        32,
        24,
        6,
