{
    "min_time": 0.0009982585906982422,
    "max_time": 0.11900067329406738,
    "all_time": 0.025917033195495605,
    "min_round": 5,
    "max_round": 20231,
    "all_rounds": 5988114,
    "more_winner": 0,
    "winner": [
        71,
        59,
        72,
        21,
        50,
        35,
        17,
        43,
        6,
        19,
        28,
        87,
        31,
        44,
        17,
        83,
        78,
        34,
        5,
        2,
        47,
        32,
        33,
        72,
        21,
        27,
        63,
        92,
        12,
        59,
        83,
        89,
        94,
        88,
        6,
        36,
        63,
        9,
        30,
        26,
        18,
        74,
        84,
        78,
        64,
        35,
        32,
        69,
        64,
        38,
        54,
        94,
        30,
        90,
        8,
        11,
        5,
        12,
        12,
        41,
        68,
        11,
        16,
        7,
        20,
        19,
        48,
        26,
        28,
        84,
        3,
        56,
        91,
        30,
        35,
        15,
        82,
        51,
        6,
        38,
        65,
        46,
        17,
        48,
        22,
        28,
        21,
        29,
        77,
        5,
        6,
        7,
        10,
        1,
        57,
        5,
        19,
        21,
        7,
        34,
        2,
        62,
        32,
        7,
        4,
        11,
        67,
        1,
        77,
        34,
        7,
        75,
        85,
        9,
        55,
        15,
        50,
        14,
        22,
        20,
        79,
        13,
        56,
        65,
        7,
        57,
        31,
        92,
        3,
        31,
        37,
        34,
        18,
        9,
        10,
        6,
        7,
        60,
        45,
        17,
        93,
        6,
        43,
        61,
        68,
        7,
        45,
        45,
        4,
        14,
        33,
        39,
        8,
        33,
        16,
        22,
        40,
        29,
        83,
        28,
        10,
        53,
        77,
        64,
        52,
        70,
        92,
        62,
        34,
        85,
        12,
        7,
        2,
        34,
        1,
        69,
        80,
        71,
        9,
        17,
        20,
        49,
        8,
        50,
        73,
        61,
        44,
        32,
        66,
        1,
        26,
        7,
        26,
        40,
        28,
        5,
        8,
        47,
        64,
        51,
        15,
        59,
        45,
        71,
        21,
        18,
        16,
        14,
        89,
        12,
        8,
        72,
        28,
        40,
        46,
        6,
        13,
        52,
        10,
        43,
        83,
        26,
        47,
        77,
        50,
        69,
        34,
        1,
        51,
        63,
        14,
        74,
        5,
        50,
        19,
        79,
        47,
        41,
        4,
        70,
        15,
        10,
        13,
        28,
        46,
        47,
        5,
        40,
        15,
        4,
        62,
        17,
        96,
        19,
        89,
        3,
        59,
        9,
        18,
        60,
        44,
        25,
        28,
        62,
        96,
        64,
        20,
        2,
        16,
        30,
        12,
        96,
        53,
        30,
        10,
        15,
        31,
        4,
        45,
        38,
        16,
        27,
        31,
        49,
        43,
        77,
        94,
        69,
        16,
        24,
        29,
        23,
        45,
        76,
        1,
        4,
        34,
        39,
        61,
        17,
        95,
        30,
        27,
        2,
        62,
        44,
        36,
        9,
        54,
        60,
        14,
        34,
        70,
        49,
        88,
        72,
        33,
        8,
        39,
        29,
        36,
        32,
        56,
        21,
        4,
        40,
        46,
        91,
        70,
        68,
        29,
        1,
        36,
        48,
        13,
        51,
        3,
        73,
        28,
        2,
        15,
        11,
        66,
        36,
        79,
        89,
        23,
        24,
        20,
        39,
        6,
        21,
        47,
        16,
        53,
        6,
        92,
        5,
        52,
        47,
        33,
        49,
        2,
        33,
        24,
        1,
        10,
        4,
        60,
        17,
        7,
        64,
        8,
        13,
        40,
        6,
        6,
        47,
        10,
        5,
        45,
        86,
        19,
        65,
        63,
        3,
        9,
        37,
        30,
        80,
        14,
        5,
        40,
        28,
        50,
        28,
        25,
        2,
        79,
        21,
        56,
        5,
        63,
        16,
        75,
        75,
        53,
        33,
        35,
        89,
        56,
        38,
        45,
        38,
        5,
        10,
        25,
        28,
        25,
        7,
        9,
        43,
        9,
        11,
        4,
        13,
        2,
        39,
        72,
        67,
        81,
        11,
        28,
        33,
        62,
        49,
        14,
        88,
        32,
        12,
        31,
        81,
        13,
        10,
        11,
        30,
        37,
        8,
        26,
        14,
        35,
        20,
        28,
        31,
        22,
        76,
        83,
        11,
        52,
        24,
        63,
        2,
        71,
        21,
        69,
        2,
        57,
        21,
        15,
        39,
        10,
        11,
        53,
        11,
        18,
        4,
        36,
        6,
        9,
        12,
        3,
        27,
        43,
        90,
        18,
        89,
        35,
        56,
        31,
        14,
        17,
        8,
        9,
        68,
        42,
        53,
        26,
        53,
        60,
        1,
        15,
        21,
        4,
        6,
        28,
        7,
        27,
        25,
        10,
        16,
        86,
        41,
        88,
        61,
        6,
        49,
        61,
        86,
        49,
        20,
        8,
        19,
        14,
        19,
        85,
        63,
        64,
        41,
        7,
        5,
        14,
        21,
        76,
        30,
        31,
        86,
        65,
        44,
        10,
        26,
        26,
        7,
        1,
        40,
        86,
        29,
        43,
        61,
        37,
        55,
        19,
        13,
        5,
        68,
        2,
        52,
        52,
        19,
        28,
        69,
        46,
        1,
        44,
        92,
        66,
        33,
        50,
        87,
        43,
        32,
        32,
        13,
        13,
        92,
        8,
        65,
        13,
        46,
        6,
        40,
        7,
        82,
        41,
        96,
        74,
        10,
        89,
        70,
        63,
        42,
        2,
        73,
        28,
        51,
        59,
        1,
        96,
        43,
        75,
        48,
        31,
        12,
        30,
        7,
        23,
