{
    "min_time": 0.0009980201721191406,
    "max_time": 0.3509993553161621,
    "all_time": 0.026953131198883058,
    "min_round": 5,
    "max_round": 16080,
    "all_rounds": 5010006,
    "more_winner": 0,
    "winner": [
        31,
        79,
        32,
        25,
        17,
        79,
        3,
        37,
        5,
        65,
        35,
        72,
        28,
        61,
        75,
        60,
        72,
        53,
        46,
        8,
        3,
        8,
        54,
        41,
        50,
        13,
        2,
        33,
        29,
        46,
        64,
        79,
        23,
        12,
        74,
        62,
        34,
        23,
        52,
        19,
        37,
        8,
        16,
        8,
        79,
        67,
        41,
        67,
        22,
        3,
        27,
        3,
        50,
        48,
        5,
        6,
        9,
        11,
        36,
        30,
        4,
        44,
        21,
        64,
        38,
        56,
        21,
        71,
        18,
        69,
        51,
        78,
        59,
        77,
        60,
        37,
        2,
        19,
        73,
        48,
        32,
        38,
        52,
        8,
        31,
        73,
        28,
        20,
        14,
        30,
        60,
        11,
        13,
        14,
        20,
        9,
        51,
        3,
        38,
        6,
        42,
        46,
        34,
        5,
        32,
        38,
        71,
        6,
        29,
        42,
        15,
        52,
        54,
        7,
        31,
        9,
        48,
        47,
        1,
        8,
        8,
        20,
        74,
        72,
        19,
        76,
        12,
        3,
        23,
        30,
        17,
        19,
        14,
        47,
        50,
        13,
        6,
        17,
        64,
        22,
        12,
        26,
        45,
        35,
        5,
        21,
        1,
        10,
        49,
        17,
        77,
        47,
        67,
        32,
        60,
        12,
        33,
        70,
        49,
        38,
        53,
        9,
        22,
        1,
        33,
        15,
        8,
        4,
        66,
        9,
        19,
        14,
        32,
        11,
        8,
        32,
        26,
        22,
        16,
        77,
        69,
        45,
        27,
        81,
        33,
        4,
        52,
        71,
        64,
        17,
        52,
        37,
        73,
        35,
        18,
        58,
        7,
        30,
        77,
        41,
        36,
        32,
        20,
        50,
        36,
        39,
        25,
        23,
        2,
        15,
        57,
        64,
        1,
        49,
        5,
        66,
        10,
        79,
        65,
        17,
        44,
        26,
        20,
        6,
        2,
        21,
        59,
        20,
        6,
        9,
        1,
        9,
        13,
        16,
        13,
        54,
        58,
        4,
        14,
        5,
        4,
        5,
        1,
        29,
        47,
        53,
        28,
        21,
        7,
        1,
        33,
        54,
        72,
        39,
        14,
        12,
        30,
        33,
        6,
        21,
        33,
        64,
        2,
        77,
        47,
        26,
        29,
        11,
        52,
        51,
        15,
        9,
        9,
        14,
        54,
        80,
        77,
        18,
        2,
        24,
        1,
        6,
        19,
        66,
        5,
        32,
        5,
        54,
        26,
        39,
        36,
        5,
        69,
        18,
        25,
        9,
        14,
        6,
        51,
        25,
        3,
        2,
        3,
        13,
        34,
        22,
        59,
        10,
        9,
        14,
        40,
        38,
        2,
        15,
        40,
        22,
        51,
        47,
        26,
        51,
        29,
        29,
        8,
        81,
        27,
        69,
        80,
        28,
        11,
        50,
        4,
        36,
        32,
        12,
        8,
        39,
        29,
        60,
        40,
        14,
        52,
        44,
        14,
        23,
        2,
        14,
        25,
        69,
        48,
        25,
        81,
        42,
        52,
        3,
        44,
        36,
        19,
        68,
        18,
        1,
        23,
        40,
        30,
        7,
        48,
        15,
        66,
        78,
        27,
        24,
        3,
        2,
        13,
        76,
        24,
        17,
        55,
        31,
        20,
        21,
        66,
        12,
        44,
        12,
        10,
        48,
        5,
        50,
        9,
        11,
        18,
        73,
        21,
        77,
        33,
        1,
        29,
        35,
        33,
        66,
        75,
        10,
        6,
        1,
        21,
        63,
        13,
        56,
        71,
        12,
        28,
        67,
        46,
        49,
        68,
        26,
        43,
        26,
        46,
        17,
        55,
        66,
        57,
        32,
        70,
        69,
        36,
        57,
        2,
        6,
        12,
        21,
        17,
        18,
        42,
        3,
        14,
        60,
        15,
        5,
        10,
        72,
        20,
        70,
        15,
        46,
        13,
        15,
        9,
        55,
        5,
        65,
        6,
        72,
        28,
        27,
        13,
        7,
        35,
        35,
        22,
        8,
        68,
        74,
        32,
        14,
        3,
        51,
        45,
        60,
        50,
        21,
        71,
        33,
        61,
        17,
        19,
        2,
        18,
        71,
        15,
        7,
        30,
        69,
        78,
        33,
        22,
        22,
        57,
        57,
        48,
        41,
        11,
        6,
        2,
        26,
        15,
        68,
        34,
        21,
        25,
        19,
        12,
        28,
        37,
        41,
        41,
        6,
        20,
        14,
        13,
        13,
        57,
        28,
        35,
        58,
        41,
        8,
        12,
        28,
        33,
        18,
        30,
        36,
        26,
        15,
        1,
        61,
        19,
        40,
        1,
        69,
        3,
        82,
        81,
        51,
        41,
        53,
        21,
        22,
        74,
        46,
        68,
        45,
        30,
        54,
        28,
        26,
        27,
        19,
        31,
        72,
        76,
        17,
        11,
        31,
        38,
        4,
        26,
        2,
        45,
        7,
        12,
        3,
        11,
        4,
        12,
        8,
        71,
        9,
        11,
        66,
        20,
        11,
        24,
        11,
        58,
        59,
        22,
        25,
        48,
        15,
        72,
        14,
        72,
        2,
        16,
        1,
        22,
        44,
        33,
        21,
        54,
        15,
        9,
        3,
        8,
        22,
        37,
        58,
        18,
        49,
        45,
        7,
        8,
        15,
