{
    "min_time": 0.0,
    "max_time": 0.05900073051452637,
    "all_time": 0.016914057493209837,
    "min_round": 5,
    "max_round": 14233,
    "all_rounds": 3856798,
    "more_winner": 3,
    "winner": [
        36,
        11,
        18,
        1,
        59,
        15,
        44,
        20,
        12,
        7,
        16,
        33,
        2,
        46,
        49,
        41,
        5,
        21,
        16,
        21,
        28,
        39,
        27,
        50,
        7,
        2,
        23,
        34,
        6,
        25,
        35,
        15,
        31,
        10,
        40,
        47,
        32,
        41,
        21,
        4,
        33,
        3,
        30,
        2,
        11,
        25,
        24,
        31,
        4,
        65,
        22,
        46,
        21,
        43,
        43,
        47,
        53,
        15,
        45,
        6,
        52,
        22,
        57,
        33,
        25,
        15,
        3,
        35,
        44,
        26,
        24,
        17,
        18,
        1,
        2,
        34,
        44,
        30,
        24,
        57,
        56,
        7,
        52,
        67,
        54,
        3,
        1,
        34,
        1,
        9,
        37,
        15,
        1,
        2,
        41,
        15,
        26,
        40,
        9,
        8,
        25,
        42,
        21,
        1,
        26,
        49,
        10,
        16,
        16,
        52,
        47,
        14,
        18,
        63,
        12,
        66,
        11,
        60,
        55,
        17,
        1,
        49,
        66,
        1,
        17,
        39,
        46,
        11,
        4,
        45,
        40,
        60,
        34,
        27,
        1,
        33,
        16,
        51,
        5,
        21,
        33,
        55,
        15,
        36,
        6,
        44,
        12,
        24,
        67,
        27,
        6,
        18,
        47,
        24,
        13,
        17,
        42,
        40,
        63,
        26,
        28,
        22,
        55,
        53,
        7,
        13,
        15,
        16,
        25,
        8,
        1,
        40,
        13,
        61,
        57,
        2,
        36,
        13,
        32,
        61,
        58,
        2,
        28,
        38,
        10,
        20,
        1,
        31,
        22,
        49,
        62,
        22,
        14,
        37,
        14,
        35,
        8,
        64,
        2,
        34,
        17,
        2,
        40,
        4,
        17,
        66,
        17,
        13,
        29,
        22,
        5,
        56,
        3,
        11,
        36,
        37,
        49,
        21,
        12,
        24,
        3,
        51,
        2,
        6,
        34,
        5,
        31,
        11,
        1,
        13,
        16,
        21,
        59,
        32,
        10,
        16,
        12,
        29,
        16,
        35,
        61,
        15,
        18,
        64,
        18,
        8,
        19,
        12,
        13,
        22,
        56,
        10,
        29,
        26,
        33,
        8,
        25,
        15,
        7,
        14,
        56,
        37,
        36,
        7,
        10,
        50,
        30,
        65,
        44,
        40,
        11,
        30,
        1,
        36,
        14,
        1,
        18,
        43,
        15,
        17,
        27,
        58,
        4,
        25,
        9,
        39,
        24,
        22,
        17,
        17,
        37,
        33,
        9,
        27,
        17,
        6,
        58,
        34,
        59,
        44,
        42,
        29,
        15,
        6,
        33,
        14,
        52,
        38,
        58,
        18,
        8,
        14,
        50,
        42,
        64,
        37,
        44,
        18,
        28,
        12,
        19,
        43,
        5,
        3,
        48,
        25,
        55,
        43,
        32,
        30,
        25,
        3,
        21,
        27,
        17,
        15,
        64,
        36,
        9,
        7,
        67,
        43,
        9,
        41,
        2,
        4,
        10,
        23,
        22,
        31,
        16,
        22,
        16,
        17,
        24,
        7,
        11,
        50,
        3,
        21,
        31,
        21,
        32,
        12,
        23,
        36,
        45,
        19,
        14,
        10,
        13,
        5,
        56,
        29,
        62,
        46,
        13,
        64,
        8,
        36,
        1,
        56,
        34,
        16,
        51,
        46,
        23,
        33,
        24,
        66,
        5,
        17,
        52,
        4,
        5,
        62,
        36,
        30,
        57,
        1,
        49,
        36,
        54,
        16,
        26,
        8,
        3,
        49,
        38,
        7,
        7,
        9,
        2,
        33,
        24,
        24,
        64,
        3,
        24,
        3,
        46,
        9,
        36,
        20,
        12,
        2,
        2,
        41,
        22,
        27,
        1,
        32,
        6,
        31,
        61,
        27,
        34,
        59,
        1,
        32,
        10,
        7,
        7,
        1,
        55,
        2,
        65,
        3,
        21,
        63,
        19,
        31,
        54,
        32,
        61,
        9,
        46,
        22,
        59,
        12,
        38,
        35,
        32,
        31,
        58,
        30,
        23,
        39,
        14,
        63,
        9,
        56,
        7,
        31,
        7,
        11,
        42,
        43,
        3,
        62,
        16,
        61,
        66,
        24,
        67,
        42,
        16,
        8,
        61,
        3,
        21,
        28,
        21,
        21,
        28,
        24,
        12,
        56,
        25,
        42,
        1,
        3,
        11,
        43,
        2,
        2,
        50,
        7,
        23,
        41,
        17,
        29,
        15,
        3,
        9,
        11,
        12,
        1,
        30,
        14,
        19,
        17,
        39,
        9,
        6,
        38,
        13,
        25,
        49,
        30,
        17,
        13,
        3,
        11,
        44,
        36,
        18,
        38,
        45,
        67,
        32,
        38,
        28,
        16,
        1,
        1,
        46,
        57,
        22,
        51,
        4,
        6,
        5,
        37,
        40,
        22,
        6,
        4,
        2,
        14,
        4,
        10,
        22,
        63,
        55,
        46,
        1,
        10,
        2,
        25,
        65,
        2,
        55,
        59,
        9,
        56,
        55,
        4,
        2,
        21,
        32,
        44,
        16,
        6,
        28,
        43,
        7,
        22,
        45,
        18,
        30,
        10,
        63,
        7,
        53,
        1,
        22,
        17,
        21,
        4,
        17,
        43,
        27,
        5,
        13,
        13,
        34,
        2,
        61,
