{
    "min_time": 0.0009996891021728516,
    "max_time": 0.09000015258789062,
    "all_time": 0.017681504011154175,
    "min_round": 167,
    "max_round": 7589,
    "all_rounds": 2611761,
    "more_winner": 0,
    "winner": [
        2,
        23,
        6,
        5,
        19,
        16,
        10,
        21,
        29,
        14,
        17,
        21,
        18,
        1,
        1,
        5,
        12,
        1,
        21,
        19,
        22,
        3,
        6,
        20,
        22,
        13,
        31,
        1,
        23,
        8,
        7,
        17,
        4,
        22,
        6,
        20,
        8,
        11,
        12,
        6,
        13,
        23,
        12,
        10,
        4,
        3,
        16,
        27,
        11,
        12,
        3,
        4,
        9,
        14,
        5,
        28,
        26,
        1,
        28,
        29,
        14,
        22,
        7,
        16,
        11,
        12,
        9,
        16,
        30,
        22,
        13,
        18,
        13,
        2,
        4,
        15,
        18,
        16,
        6,
        11,
        20,
        4,
        1,
        6,
        6,
        4,
        25,
        1,
        2,
        16,
        16,
        4,
        12,
        1,
        8,
        13,
        29,
        3,
        27,
        14,
        20,
        1,
        20,
        1,
        27,
        26,
        15,
        5,
        2,
        15,
        6,
        25,
        9,
        6,
        13,
        2,
        12,
        17,
        3,
        2,
        4,
        1,
        24,
        25,
        29,
        7,
        29,
        25,
        8,
        3,
        2,
        3,
        12,
        2,
        4,
        13,
        12,
        13,
        13,
        12,
        1,
        32,
        3,
        2,
        31,
        12,
        6,
        26,
        1,
        8,
        31,
        9,
        24,
        12,
        14,
        16,
        28,
        5,
        8,
        24,
        14,
        32,
        27,
        27,
        24,
        6,
        9,
        4,
        2,
        8,
        4,
        8,
        19,
        31,
        1,
        2,
        27,
        3,
        28,
        16,
        1,
        15,
        13,
        5,
        15,
        6,
        17,
        31,
        7,
        12,
        23,
        5,
        4,
        28,
        12,
        1,
        1,
        20,
        8,
        30,
        23,
        17,
        5,
        13,
        4,
        13,
        7,
        19,
        3,
        32,
        31,
        17,
        17,
        17,
        5,
        21,
        5,
        20,
        28,
        6,
        21,
        19,
        27,
        10,
        12,
        21,
        27,
        8,
        8,
        6,
        10,
        15,
        6,
        26,
        7,
        12,
        30,
        16,
        6,
        21,
        15,
        31,
        2,
        1,
        15,
        4,
        1,
        11,
        27,
        14,
        6,
        1,
        1,
        6,
        7,
        30,
        1,
        5,
        2,
        15,
        2,
        6,
        19,
        6,
        5,
        9,
        25,
        2,
        9,
        8,
        20,
        7,
        22,
        28,
        20,
        16,
        1,
        30,
        7,
        15,
        4,
        28,
        4,
        27,
        12,
        6,
        19,
        19,
        11,
        9,
        2,
        1,
        3,
        9,
        18,
        3,
        6,
        23,
        3,
        18,
        4,
        32,
        29,
        29,
        4,
        9,
        27,
        2,
        1,
        13,
        8,
        5,
        6,
        26,
        1,
        12,
        3,
        19,
        5,
        9,
        5,
        22,
        26,
        19,
        20,
        5,
        23,
        29,
        4,
        3,
        8,
        20,
        11,
        8,
        2,
        15,
        8,
        23,
        1,
        12,
        18,
        7,
        8,
        13,
        9,
        16,
        2,
        5,
        16,
        1,
        12,
        9,
        20,
        3,
        28,
        20,
        8,
        4,
        4,
        6,
        25,
        14,
        24,
        4,
        32,
        21,
        17,
        21,
        5,
        1,
        3,
        21,
        1,
        1,
        6,
        3,
        12,
        5,
        20,
        11,
        9,
        1,
        9,
        15,
        1,
        30,
        3,
        9,
        12,
        6,
        3,
        1,
        5,
        9,
        22,
        6,
        5,
        3,
        16,
        12,
        2,
        14,
        22,
        19,
        4,
        32,
        24,
        15,
        4,
        16,
        1,
        6,
        14,
        28,
        27,
        28,
        8,
        9,
        21,
        1,
        8,
        9,
        29,
        9,
        13,
        27,
        5,
        19,
        4,
        3,
        8,
        20,
        15,
        7,
        14,
        25,
        31,
        13,
        3,
        11,
        24,
        19,
        1,
        28,
        1,
        8,
        3,
        17,
        1,
        13,
        12,
        8,
        24,
        26,
        5,
        5,
        31,
        17,
        8,
        31,
        1,
        19,
        24,
        6,
        12,
        6,
        6,
        9,
        25,
        6,
        1,
        13,
        2,
        4,
        2,
        27,
        2,
        1,
        2,
        11,
        23,
        9,
        18,
        11,
        8,
        16,
        2,
        8,
        6,
        22,
        4,
        19,
        30,
        18,
        9,
        1,
        5,
        1,
        26,
        26,
        21,
        16,
        20,
        1,
        13,
        15,
        7,
        5,
        4,
        18,
        17,
        23,
        16,
        19,
        20,
        4,
        14,
        10,
        22,
        3,
        21,
        2,
        11,
        10,
        10,
        21,
        7,
        24,
        1,
        6,
        15,
        3,
        6,
        2,
        3,
        1,
        11,
        7,
        21,
        13,
        9,
        25,
        32,
        7,
        29,
        30,
        4,
        16,
        27,
        11,
        19,
        14,
        7,
        7,
        4,
        23,
        2,
        32,
        9,
        8,
        13,
        11,
        15,
        14,
        20,
        8,
        2,
        21,
        9,
        24,
        21,
        3,
        5,
        15,
        12,
        10,
        3,
        23,
        2,
        32,
        3,
        8,
        1,
        9,
        7,
        4,
        11,
        12,
        2,
        32,
        15,
        18,
        14,
        9,
        15,
        8,
        31,
        23,
        8,
        8,
        26,
        7,
        14,
        25,
        25,
        6,
        13,
        26,
        8,
        12,
        17,
        19,
        7,
        4,
        15,
        10,
        6,
        29,
        5,
