{
    "min_time": 0.0,
    "max_time": 0.12300229072570801,
    "all_time": 0.019773752689361573,
    "min_round": 5,
    "max_round": 11417,
    "all_rounds": 3309474,
    "more_winner": 0,
    "winner": [
        14,
        11,
        18,
        24,
        6,
        4,
        41,
        4,
        52,
        19,
        8,
        26,
        50,
        12,
        57,
        17,
        42,
        13,
        1,
        27,
        4,
        5,
        24,
        6,
        27,
        13,
        10,
        43,
        15,
        14,
        31,
        14,
        26,
        7,
        9,
        7,
        14,
        15,
        8,
        32,
        18,
        21,
        50,
        50,
        23,
        8,
        40,
        1,
        41,
        1,
        55,
        3,
        12,
        35,
        34,
        1,
        21,
        3,
        49,
        32,
        41,
        2,
        38,
        2,
        2,
        7,
        35,
        13,
        14,
        38,
        7,
        22,
        29,
        33,
        7,
        17,
        42,
        27,
        22,
        21,
        57,
        38,
        5,
        17,
        35,
        13,
        31,
        14,
        14,
        39,
        32,
        43,
        18,
        1,
        53,
        11,
        14,
        41,
        19,
        42,
        44,
        28,
        41,
        2,
        7,
        53,
        12,
        35,
        13,
        7,
        40,
        1,
        54,
        18,
        39,
        14,
        25,
        47,
        15,
        56,
        6,
        33,
        11,
        52,
        6,
        17,
        9,
        3,
        26,
        5,
        6,
        21,
        13,
        46,
        12,
        28,
        45,
        12,
        35,
        2,
        46,
        45,
        20,
        45,
        15,
        38,
        46,
        20,
        29,
        19,
        56,
        46,
        15,
        34,
        53,
        1,
        21,
        11,
        3,
        46,
        14,
        49,
        13,
        7,
        52,
        18,
        36,
        7,
        19,
        33,
        5,
        29,
        1,
        6,
        1,
        52,
        8,
        17,
        27,
        21,
        25,
        47,
        56,
        2,
        57,
        9,
        26,
        9,
        34,
        9,
        41,
        1,
        50,
        49,
        4,
        2,
        5,
        2,
        54,
        23,
        44,
        39,
        43,
        8,
        21,
        6,
        3,
        5,
        24,
        13,
        31,
        45,
        26,
        38,
        32,
        22,
        2,
        33,
        22,
        29,
        42,
        36,
        33,
        30,
        30,
        2,
        25,
        40,
        21,
        27,
        3,
        29,
        4,
        9,
        21,
        53,
        9,
        2,
        22,
        1,
        12,
        28,
        21,
        23,
        6,
        30,
        57,
        46,
        2,
        37,
        33,
        26,
        45,
        28,
        40,
        9,
        22,
        37,
        55,
        55,
        4,
        16,
        17,
        4,
        36,
        32,
        16,
        16,
        43,
        53,
        31,
        29,
        28,
        56,
        1,
        23,
        8,
        10,
        43,
        36,
        57,
        27,
        18,
        47,
        27,
        18,
        15,
        4,
        3,
        9,
        57,
        12,
        31,
        36,
        38,
        4,
        37,
        12,
        4,
        1,
        44,
        19,
        54,
        8,
        21,
        49,
        43,
        32,
        42,
        28,
        9,
        1,
        45,
        10,
        40,
        20,
        1,
        36,
        45,
        47,
        16,
        50,
        2,
        4,
        31,
        6,
        7,
        47,
        17,
        56,
        26,
        38,
        19,
        51,
        3,
        32,
        1,
        3,
        20,
        8,
        4,
        16,
        43,
        11,
        2,
        20,
        28,
        8,
        15,
        6,
        22,
        25,
        5,
        10,
        9,
        57,
        25,
        57,
        26,
        20,
        33,
        23,
        25,
        33,
        27,
        37,
        30,
        9,
        2,
        19,
        6,
        27,
        52,
        14,
        14,
        4,
        7,
        4,
        8,
        28,
        14,
        26,
        29,
        19,
        42,
        35,
        10,
        4,
        33,
        22,
        42,
        37,
        31,
        10,
        9,
        45,
        7,
        34,
        18,
        17,
        41,
        26,
        20,
        25,
        14,
        15,
        18,
        5,
        25,
        27,
        15,
        12,
        41,
        20,
        48,
        45,
        39,
        25,
        2,
        40,
        24,
        8,
        10,
        50,
        53,
        34,
        15,
        4,
        18,
        2,
        21,
        1,
        17,
        37,
        1,
        10,
        3,
        54,
        28,
        28,
        17,
        26,
        21,
        37,
        17,
        11,
        36,
        49,
        54,
        51,
        39,
        54,
        56,
        2,
        11,
        55,
        8,
        22,
        40,
        11,
        36,
        35,
        5,
        51,
        16,
        37,
        28,
        35,
        46,
        2,
        5,
        31,
        35,
        1,
        5,
        47,
        28,
        23,
        45,
        2,
        33,
        9,
        1,
        13,
        7,
        5,
        15,
        42,
        18,
        31,
        2,
        14,
        18,
        3,
        37,
        4,
        44,
        34,
        47,
        9,
        13,
        4,
        51,
        24,
        33,
        18,
        21,
        9,
        4,
        34,
        12,
        9,
        9,
        50,
        10,
        8,
        16,
        3,
        2,
        27,
        15,
        40,
        43,
        24,
        12,
        54,
        51,
        56,
        3,
        4,
        39,
        9,
        2,
        24,
        15,
        8,
        14,
        28,
        56,
        1,
        44,
        13,
        36,
        15,
        20,
        4,
        9,
        3,
        11,
        49,
        4,
        34,
        43,
        42,
        29,
        3,
        8,
        9,
        49,
        22,
        28,
        7,
        39,
        26,
        17,
        57,
        29,
        10,
        54,
        8,
        5,
        40,
        27,
        4,
        39,
        31,
        21,
        29,
        22,
        12,
        9,
        43,
        7,
        46,
        14,
        25,
        37,
        9,
        42,
        5,
        13,
        45,
        44,
        11,
        49,
        41,
        12,
        5,
        1,
        4,
        44,
        3,
        36,
        20,
        10,
        46,
        13,
        9,
        37,
        1,
        11,
