{
    "min_time": 0.0009975433349609375,
    "max_time": 0.06999874114990234,
    "all_time": 0.022243513345718384,
    "min_round": 5,
    "max_round": 17309,
    "all_rounds": 5053264,
    "more_winner": 1,
    "winner": [
        79,
        22,
        42,
        18,
        4,
        36,
        15,
        9,
        44,
        17,
        72,
        4,
        69,
        10,
        3,
        25,
        48,
        6,
        30,
        45,
        40,
        6,
        53,
        4,
        12,
        35,
        64,
        45,
        56,
        67,
        12,
        40,
        46,
        3,
        46,
        70,
        13,
        38,
        22,
        9,
        38,
        3,
        37,
        15,
        23,
        40,
        20,
        25,
        43,
        19,
        33,
        45,
        53,
        60,
        30,
        14,
        45,
        83,
        12,
        48,
        3,
        3,
        82,
        5,
        11,
        26,
        64,
        65,
        52,
        14,
        7,
        38,
        72,
        69,
        59,
        75,
        75,
        21,
        15,
        30,
        2,
        25,
        57,
        72,
        1,
        58,
        14,
        6,
        46,
        72,
        29,
        36,
        72,
        10,
        14,
        9,
        30,
        54,
        11,
        59,
        38,
        69,
        71,
        55,
        2,
        39,
        39,
        70,
        3,
        16,
        15,
        45,
        34,
        63,
        2,
        21,
        45,
        5,
        12,
        6,
        45,
        66,
        17,
        54,
        51,
        14,
        35,
        36,
        19,
        3,
        53,
        10,
        14,
        21,
        36,
        7,
        65,
        36,
        40,
        36,
        14,
        36,
        24,
        65,
        12,
        48,
        22,
        31,
        43,
        49,
        8,
        44,
        24,
        10,
        8,
        10,
        19,
        64,
        31,
        58,
        44,
        82,
        32,
        56,
        10,
        21,
        1,
        69,
        39,
        27,
        20,
        38,
        13,
        40,
        55,
        57,
        9,
        3,
        39,
        34,
        3,
        20,
        1,
        16,
        31,
        36,
        2,
        12,
        21,
        29,
        65,
        15,
        18,
        4,
        77,
        6,
        81,
        9,
        51,
        27,
        7,
        28,
        29,
        8,
        50,
        27,
        82,
        76,
        73,
        62,
        45,
        34,
        15,
        9,
        50,
        17,
        13,
        27,
        43,
        65,
        35,
        11,
        21,
        46,
        13,
        33,
        11,
        77,
        20,
        80,
        65,
        56,
        9,
        6,
        58,
        21,
        33,
        61,
        56,
        19,
        28,
        49,
        20,
        29,
        16,
        11,
        39,
        64,
        14,
        44,
        24,
        23,
        1,
        69,
        52,
        69,
        33,
        20,
        23,
        17,
        73,
        41,
        5,
        39,
        24,
        35,
        68,
        24,
        24,
        14,
        26,
        22,
        26,
        3,
        55,
        31,
        14,
        33,
        32,
        8,
        31,
        49,
        7,
        9,
        20,
        1,
        6,
        60,
        17,
        19,
        55,
        29,
        36,
        30,
        63,
        68,
        4,
        15,
        38,
        27,
        29,
        6,
        1,
        6,
        58,
        35,
        29,
        73,
        31,
        57,
        20,
        37,
        71,
        78,
        10,
        3,
        12,
        10,
        38,
        6,
        44,
        64,
        56,
        49,
        69,
        49,
        55,
        14,
        59,
        64,
        76,
        58,
        54,
        9,
        75,
        24,
        4,
        52,
        31,
        33,
        64,
        6,
        63,
        22,
        76,
        66,
        68,
        7,
        44,
        62,
        8,
        36,
        2,
        57,
        15,
        17,
        6,
        20,
        43,
        46,
        27,
        44,
        10,
        19,
        6,
        24,
        1,
        22,
        16,
        20,
        26,
        11,
        74,
        18,
        44,
        49,
        59,
        19,
        14,
        38,
        8,
        22,
        43,
        58,
        51,
        9,
        27,
        21,
        6,
        30,
        26,
        53,
        13,
        51,
        67,
        72,
        61,
        66,
        44,
        49,
        30,
        23,
        48,
        13,
        53,
        66,
        55,
        17,
        18,
        33,
        17,
        61,
        38,
        9,
        5,
        23,
        68,
        72,
        30,
        14,
        19,
        10,
        48,
        12,
        17,
        38,
        31,
        36,
        63,
        7,
        41,
        10,
        24,
        83,
        6,
        11,
        16,
        53,
        54,
        13,
        58,
        6,
        15,
        25,
        18,
        4,
        42,
        28,
        16,
        83,
        13,
        45,
        18,
        20,
        16,
        8,
        17,
        15,
        45,
        38,
        27,
        9,
        1,
        76,
        68,
        3,
        41,
        48,
        82,
        44,
        31,
        26,
        17,
        1,
        52,
        47,
        46,
        52,
        51,
        54,
        13,
        6,
        25,
        82,
        6,
        82,
        38,
        71,
        8,
        3,
        83,
        17,
        5,
        39,
        34,
        13,
        11,
        46,
        46,
        16,
        70,
        22,
        25,
        23,
        40,
        64,
        4,
        59,
        35,
        34,
        11,
        42,
        34,
        28,
        38,
        39,
        14,
        10,
        5,
        10,
        7,
        4,
        34,
        27,
        71,
        21,
        10,
        2,
        17,
        5,
        74,
        70,
        80,
        5,
        2,
        32,
        13,
        35,
        2,
        14,
        80,
        34,
        39,
        1,
        22,
        70,
        80,
        40,
        65,
        13,
        53,
        66,
        16,
        28,
        17,
        9,
        31,
        17,
        25,
        74,
        28,
        44,
        31,
        32,
        39,
        1,
        41,
        17,
        75,
        23,
        54,
        16,
        5,
        18,
        17,
        18,
        58,
        66,
        32,
        2,
        14,
        30,
        20,
        30,
        49,
        82,
        46,
        10,
        48,
        26,
        41,
        83,
        24,
        29,
        32,
        81,
        63,
        12,
        36,
        13,
        24,
        24,
        31,
        54,
