{
    "min_time": 0.0,
    "max_time": 0.021997690200805664,
    "all_time": 0.005903067350387573,
    "min_round": 27,
    "max_round": 3952,
    "all_rounds": 1046925,
    "more_winner": 0,
    "winner": [
        19,
        6,
        11,
        8,
        1,
        1,
        14,
        10,
        2,
        6,
        8,
        6,
        2,
        4,
        14,
        6,
        7,
        4,
        15,
        18,
        10,
        11,
        9,
        19,
        7,
        10,
        11,
        1,
        4,
        15,
        14,
        5,
        10,
        17,
        13,
        11,
        17,
        1,
        14,
        9,
        10,
        17,
        4,
        6,
        5,
        14,
        7,
        3,
        10,
        18,
        3,
        17,
        11,
        15,
        2,
        14,
        17,
        1,
        8,
        3,
        11,
        17,
        12,
        15,
        12,
        3,
        12,
        11,
        12,
        16,
        8,
        10,
        1,
        17,
        17,
        8,
        12,
        2,
        15,
        13,
        8,
        2,
        5,
        14,
        15,
        16,
        6,
        12,
        4,
        8,
        15,
        14,
        5,
        2,
        3,
        6,
        3,
        3,
        7,
        6,
        10,
        10,
        8,
        19,
        10,
        1,
        12,
        20,
        3,
        5,
        11,
        9,
        6,
        13,
        7,
        8,
        8,
        17,
        11,
        15,
        11,
        1,
        2,
        16,
        6,
        6,
        17,
        2,
        1,
        4,
        20,
        3,
        10,
        6,
        16,
        5,
        16,
        20,
        3,
        3,
        16,
        16,
        8,
        5,
        18,
        18,
        17,
        4,
        18,
        8,
        4,
        10,
        3,
        16,
        3,
        15,
        8,
        10,
        10,
        20,
        12,
        4,
        16,
        8,
        8,
        8,
        8,
        13,
        11,
        17,
        19,
        10,
        4,
        9,
        3,
        1,
        5,
        11,
        8,
        3,
        20,
        12,
        7,
        1,
        1,
        3,
        12,
        3,
        2,
        7,
        2,
        8,
        10,
        4,
        2,
        14,
        5,
        9,
        2,
        17,
        6,
        20,
        11,
        11,
        7,
        11,
        8,
        10,
        15,
        3,
        15,
        2,
        4,
        7,
        3,
        13,
        6,
        18,
        2,
        11,
        6,
        16,
        19,
        17,
        9,
        6,
        18,
        1,
        8,
        10,
        12,
        7,
        9,
        15,
        15,
        3,
        17,
        19,
        10,
        14,
        4,
        19,
        1,
        6,
        14,
        10,
        9,
        16,
        15,
        16,
        19,
        10,
        12,
        2,
        8,
        17,
        20,
        8,
        6,
        5,
        8,
        13,
        20,
        1,
        6,
        16,
        19,
        4,
        4,
        3,
        6,
        11,
        6,
        2,
        9,
        15,
        4,
        13,
        8,
        1,
        1,
        14,
        2,
        6,
        18,
        19,
        6,
        2,
        20,
        8,
        16,
        12,
        9,
        8,
        13,
        5,
        2,
        14,
        9,
        3,
        15,
        19,
        2,
        15,
        13,
        10,
        13,
        2,
        1,
        2,
        10,
        12,
        3,
        4,
        1,
        2,
        7,
        10,
        10,
        6,
        6,
        17,
        8,
        18,
        20,
        15,
        12,
        12,
        11,
        4,
        5,
        7,
        13,
        15,
        3,
        4,
        20,
        15,
        1,
        15,
        4,
        6,
        15,
        2,
        15,
        9,
        13,
        9,
        13,
        13,
        17,
        5,
        1,
        2,
        17,
        20,
        4,
        4,
        14,
        8,
        7,
        10,
        12,
        6,
        15,
        14,
        1,
        18,
        3,
        11,
        6,
        6,
        17,
        2,
        8,
        4,
        10,
        15,
        12,
        14,
        4,
        3,
        2,
        1,
        5,
        17,
        4,
        3,
        9,
        12,
        7,
        16,
        1,
        9,
        12,
        2,
        20,
        17,
        10,
        5,
        6,
        19,
        1,
        1,
        4,
        2,
        14,
        2,
        7,
        13,
        4,
        20,
        2,
        4,
        16,
        11,
        12,
        19,
        17,
        16,
        11,
        1,
        2,
        4,
        16,
        1,
        4,
        15,
        6,
        17,
        10,
        2,
        4,
        12,
        12,
        3,
        17,
        17,
        19,
        5,
        14,
        13,
        9,
        2,
        6,
        1,
        12,
        15,
        9,
        5,
        16,
        2,
        17,
        3,
        9,
        5,
        6,
        6,
        8,
        7,
        12,
        7,
        4,
        8,
        14,
        6,
        2,
        1,
        3,
        1,
        8,
        4,
        12,
        3,
        4,
        2,
        3,
        5,
        8,
        6,
        10,
        7,
        17,
        18,
        16,
        14,
        3,
        12,
        15,
        10,
        8,
        6,
        1,
        13,
        17,
        3,
        11,
        14,
        5,
        4,
        5,
        12,
        2,
        20,
        7,
        14,
        2,
        8,
        5,
        18,
        6,
        6,
        16,
        4,
        3,
        3,
        17,
        13,
        16,
        4,
        18,
        12,
        15,
        1,
        13,
        12,
        2,
        14,
        12,
        2,
        3,
        18,
        2,
        10,
        14,
        9,
        14,
        2,
        2,
        2,
        2,
        18,
        7,
        4,
        8,
        4,
        2,
        10,
        3,
        19,
        15,
        15,
        17,
        18,
        11,
        19,
        17,
        1,
        2,
        8,
        6,
        6,
        1,
        20,
        8,
        17,
        13,
        19,
        16,
        9,
        9,
        11,
        7,
        14,
        10,
        7,
        2,
        5,
        2,
        15,
        5,
        13,
        6,
        15,
        18,
        20,
        9,
        12,
        7,
        12,
        5,
        17,
        5,
        10,
        13,
        5,
        19,
        13,
        5,
        3,
        20,
        2,
        1,
        8,
        19,
        8,
        9,
        11,
        17,
        18,
        4,
        8,
        19,
        4,
        1,
        1,
        3,
        6,
        2,
        19,
        5,
        15,
        8,
        17,
