{
    "min_time": 0.0,
    "max_time": 0.09699845314025879,
    "all_time": 0.015154356241226196,
    "min_round": 5,
    "max_round": 10800,
    "all_rounds": 2705300,
    "more_winner": 0,
    "winner": [
        14,
        33,
        2,
        13,
        22,
        17,
        2,
        4,
        17,
        40,
        40,
        31,
        35,
        1,
        28,
        12,
        18,
        32,
        29,
        30,
        37,
        3,
        26,
        14,
        14,
        41,
        32,
        37,
        16,
        37,
        37,
        15,
        18,
        27,
        8,
        46,
        1,
        46,
        19,
        34,
        38,
        4,
        40,
        45,
        34,
        1,
        22,
        43,
        2,
        9,
        32,
        4,
        14,
        23,
        14,
        44,
        11,
        1,
        3,
        36,
        24,
        15,
        1,
        34,
        9,
        11,
        14,
        23,
        5,
        28,
        44,
        36,
        1,
        1,
        37,
        14,
        36,
        28,
        3,
        11,
        22,
        13,
        19,
        21,
        15,
        6,
        34,
        24,
        13,
        28,
        1,
        16,
        40,
        22,
        25,
        1,
        43,
        27,
        9,
        10,
        19,
        8,
        8,
        10,
        20,
        25,
        6,
        18,
        13,
        37,
        39,
        31,
        11,
        15,
        7,
        31,
        28,
        39,
        30,
        4,
        12,
        41,
        5,
        45,
        3,
        46,
        28,
        3,
        1,
        17,
        8,
        1,
        4,
        9,
        4,
        5,
        24,
        22,
        1,
        18,
        23,
        10,
        31,
        44,
        41,
        26,
        22,
        22,
        14,
        17,
        6,
        31,
        44,
        3,
        46,
        20,
        22,
        21,
        4,
        26,
        15,
        22,
        24,
        23,
        8,
        35,
        16,
        6,
        23,
        6,
        45,
        25,
        7,
        10,
        21,
        3,
        19,
        3,
        35,
        25,
        1,
        4,
        23,
        44,
        18,
        1,
        29,
        13,
        10,
        4,
        14,
        41,
        14,
        18,
        8,
        23,
        46,
        6,
        34,
        19,
        6,
        25,
        31,
        25,
        37,
        25,
        8,
        32,
        32,
        21,
        42,
        42,
        12,
        28,
        2,
        31,
        7,
        46,
        14,
        5,
        9,
        16,
        27,
        25,
        20,
        2,
        22,
        12,
        19,
        1,
        11,
        1,
        9,
        7,
        3,
        13,
        31,
        31,
        46,
        8,
        4,
        4,
        4,
        20,
        16,
        9,
        26,
        8,
        33,
        21,
        24,
        10,
        2,
        2,
        26,
        1,
        36,
        41,
        32,
        2,
        18,
        23,
        1,
        40,
        45,
        6,
        11,
        4,
        17,
        5,
        11,
        3,
        12,
        8,
        34,
        12,
        13,
        8,
        22,
        35,
        11,
        2,
        32,
        2,
        37,
        2,
        7,
        46,
        14,
        44,
        7,
        1,
        7,
        5,
        5,
        1,
        9,
        39,
        40,
        11,
        45,
        35,
        1,
        19,
        26,
        16,
        15,
        6,
        3,
        2,
        36,
        6,
        13,
        42,
        7,
        6,
        45,
        1,
        4,
        1,
        3,
        11,
        13,
        13,
        39,
        4,
        39,
        29,
        6,
        2,
        18,
        14,
        32,
        13,
        46,
        12,
        28,
        1,
        11,
        16,
        28,
        14,
        31,
        8,
        30,
        15,
        2,
        26,
        10,
        20,
        10,
        3,
        3,
        2,
        42,
        12,
        32,
        44,
        13,
        14,
        31,
        36,
        28,
        32,
        2,
        3,
        11,
        33,
        7,
        7,
        4,
        8,
        26,
        18,
        29,
        1,
        16,
        15,
        42,
        1,
        30,
        21,
        7,
        43,
        17,
        15,
        27,
        12,
        2,
        4,
        17,
        30,
        26,
        28,
        5,
        4,
        21,
        38,
        37,
        13,
        18,
        5,
        6,
        9,
        38,
        24,
        8,
        1,
        2,
        17,
        30,
        22,
        6,
        13,
        6,
        19,
        22,
        16,
        22,
        27,
        9,
        40,
        18,
        12,
        15,
        38,
        4,
        31,
        45,
        30,
        10,
        7,
        18,
        29,
        16,
        25,
        6,
        2,
        1,
        1,
        15,
        36,
        21,
        34,
        20,
        31,
        12,
        13,
        3,
        7,
        5,
        11,
        35,
        3,
        26,
        23,
        6,
        17,
        41,
        6,
        45,
        34,
        11,
        41,
        7,
        9,
        18,
        42,
        41,
        8,
        29,
        2,
        23,
        26,
        28,
        6,
        15,
        43,
        29,
        31,
        5,
        45,
        20,
        1,
        1,
        10,
        17,
        33,
        4,
        6,
        1,
        2,
        9,
        5,
        17,
        6,
        11,
        24,
        22,
        34,
        29,
        17,
        9,
        20,
        28,
        11,
        30,
        16,
        24,
        18,
        17,
        20,
        10,
        10,
        20,
        2,
        21,
        3,
        7,
        33,
        16,
        2,
        15,
        17,
        2,
        11,
        8,
        27,
        38,
        3,
        26,
        27,
        11,
        38,
        18,
        14,
        11,
        10,
        23,
        20,
        11,
        22,
        2,
        1,
        9,
        1,
        25,
        5,
        19,
        15,
        11,
        20,
        16,
        6,
        45,
        2,
        5,
        12,
        10,
        20,
        8,
        1,
        30,
        5,
        18,
        43,
        44,
        41,
        24,
        28,
        27,
        12,
        14,
        38,
        5,
        36,
        39,
        42,
        18,
        11,
        26,
        17,
        22,
        29,
        17,
        13,
        4,
        8,
        6,
        11,
        1,
        13,
        16,
        6,
        9,
        13,
        26,
        26,
        25,
        2,
        13,
        21,
        30,
        17,
        16,
        20,
        4,
        27,
        9,
        10,
        16,
        15,
        15,
