{
    "min_time": 0.0,
    "max_time": 0.06799912452697754,
    "all_time": 0.011432850360870361,
    "min_round": 5,
    "max_round": 8400,
    "all_rounds": 2073141,
    "more_winner": 0,
    "winner": [
        3,
        11,
        22,
        14,
        1,
        10,
        24,
        37,
        8,
        25,
        30,
        13,
        29,
        5,
        8,
        37,
        17,
        27,
        13,
        10,
        11,
        15,
        26,
        25,
        8,
        13,
        3,
        8,
        13,
        33,
        13,
        18,
        3,
        2,
        1,
        5,
        22,
        2,
        20,
        2,
        12,
        27,
        1,
        7,
        20,
        6,
        4,
        4,
        1,
        26,
        1,
        13,
        21,
        36,
        15,
        2,
        3,
        18,
        26,
        19,
        32,
        9,
        8,
        4,
        1,
        33,
        3,
        11,
        12,
        1,
        29,
        19,
        30,
        3,
        8,
        6,
        2,
        30,
        23,
        28,
        25,
        36,
        3,
        9,
        14,
        3,
        26,
        6,
        25,
        20,
        6,
        1,
        31,
        27,
        1,
        3,
        19,
        30,
        13,
        4,
        9,
        27,
        4,
        19,
        10,
        3,
        11,
        1,
        7,
        12,
        10,
        1,
        5,
        4,
        26,
        35,
        22,
        21,
        27,
        34,
        36,
        2,
        16,
        14,
        15,
        8,
        32,
        9,
        19,
        13,
        32,
        36,
        30,
        25,
        36,
        2,
        20,
        13,
        14,
        3,
        21,
        3,
        11,
        3,
        30,
        14,
        23,
        25,
        15,
        7,
        18,
        21,
        25,
        18,
        8,
        4,
        19,
        2,
        1,
        31,
        23,
        7,
        3,
        16,
        26,
        8,
        8,
        1,
        10,
        10,
        30,
        6,
        31,
        4,
        15,
        32,
        4,
        7,
        12,
        15,
        17,
        2,
        12,
        14,
        36,
        20,
        29,
        4,
        32,
        10,
        23,
        24,
        20,
        31,
        7,
        36,
        33,
        2,
        37,
        21,
        6,
        27,
        6,
        17,
        9,
        18,
        21,
        10,
        12,
        1,
        1,
        14,
        3,
        10,
        13,
        28,
        6,
        3,
        6,
        2,
        25,
        26,
        7,
        19,
        19,
        20,
        2,
        7,
        17,
        20,
        28,
        6,
        11,
        13,
        3,
        8,
        12,
        12,
        19,
        12,
        19,
        26,
        18,
        18,
        28,
        15,
        24,
        12,
        17,
        37,
        8,
        17,
        8,
        36,
        18,
        37,
        9,
        4,
        20,
        11,
        9,
        4,
        13,
        6,
        4,
        35,
        5,
        3,
        14,
        1,
        10,
        6,
        28,
        25,
        12,
        22,
        35,
        12,
        11,
        16,
        18,
        9,
        11,
        2,
        9,
        11,
        25,
        5,
        3,
        11,
        12,
        19,
        15,
        35,
        25,
        36,
        12,
        27,
        14,
        13,
        14,
        16,
        10,
        7,
        1,
        5,
        5,
        33,
        10,
        19,
        8,
        6,
        2,
        29,
        15,
        7,
        5,
        21,
        25,
        19,
        15,
        2,
        22,
        16,
        5,
        16,
        2,
        5,
        16,
        17,
        15,
        4,
        3,
        22,
        20,
        20,
        5,
        11,
        30,
        12,
        33,
        14,
        25,
        11,
        24,
        16,
        8,
        19,
        25,
        9,
        30,
        10,
        33,
        32,
        18,
        10,
        1,
        10,
        2,
        5,
        21,
        3,
        17,
        15,
        9,
        23,
        8,
        9,
        10,
        23,
        9,
        32,
        9,
        6,
        17,
        17,
        34,
        27,
        17,
        28,
        32,
        23,
        10,
        7,
        20,
        31,
        5,
        28,
        12,
        5,
        29,
        34,
        6,
        25,
        13,
        11,
        36,
        20,
        1,
        22,
        25,
        30,
        20,
        31,
        5,
        8,
        23,
        19,
        4,
        23,
        3,
        19,
        14,
        31,
        19,
        5,
        4,
        19,
        12,
        1,
        3,
        19,
        16,
        19,
        4,
        13,
        15,
        5,
        17,
        9,
        8,
        4,
        32,
        17,
        16,
        32,
        24,
        2,
        7,
        9,
        32,
        2,
        8,
        17,
        36,
        4,
        24,
        23,
        31,
        17,
        10,
        2,
        25,
        1,
        21,
        31,
        7,
        4,
        23,
        10,
        7,
        26,
        3,
        22,
        19,
        17,
        37,
        24,
        15,
        3,
        17,
        7,
        21,
        13,
        20,
        20,
        37,
        18,
        14,
        35,
        12,
        9,
        5,
        3,
        11,
        27,
        2,
        18,
        19,
        32,
        3,
        5,
        9,
        11,
        20,
        22,
        32,
        16,
        3,
        25,
        33,
        31,
        7,
        11,
        15,
        12,
        7,
        13,
        2,
        18,
        1,
        19,
        29,
        18,
        33,
        8,
        24,
        15,
        1,
        11,
        14,
        37,
        12,
        4,
        4,
        28,
        34,
        20,
        36,
        15,
        11,
        1,
        18,
        15,
        31,
        29,
        9,
        10,
        12,
        24,
        15,
        3,
        7,
        27,
        32,
        24,
        31,
        1,
        22,
        2,
        31,
        32,
        27,
        8,
        3,
        13,
        6,
        16,
        33,
        20,
        18,
        32,
        15,
        21,
        13,
        33,
        28,
        31,
        14,
        30,
        14,
        12,
        21,
        33,
        24,
        5,
        7,
        28,
        10,
        22,
        4,
        8,
        21,
        4,
        22,
        3,
        3,
        21,
        26,
        3,
        20,
        1,
        1,
        3,
        9,
        3,
        32,
        7,
        2,
        9,
        16,
        1,
        28,
        24,
        9,
        15,
        16,
        2,
        3,
        6,
        5,
        23,
        10,
        21,
        11,
