{
    "min_time": 0.0009968280792236328,
    "max_time": 0.1269989013671875,
    "all_time": 0.023661047458648683,
    "min_round": 5,
    "max_round": 17762,
    "all_rounds": 5462988,
    "more_winner": 1,
    "winner": [
        50,
        22,
        75,
        27,
        12,
        49,
        84,
        65,
        85,
        9,
        13,
        18,
        32,
        44,
        11,
        5,
        16,
        82,
        68,
        3,
        13,
        46,
        28,
        24,
        45,
        41,
        38,
        19,
        40,
        1,
        3,
        35,
        15,
        3,
        67,
        6,
        40,
        7,
        1,
        52,
        36,
        42,
        55,
        35,
        38,
        6,
        74,
        58,
        44,
        5,
        22,
        10,
        71,
        52,
        62,
        17,
        93,
        47,
        11,
        2,
        43,
        43,
        15,
        90,
        34,
        52,
        8,
        18,
        93,
        49,
        2,
        2,
        12,
        1,
        1,
        20,
        23,
        70,
        24,
        59,
        44,
        82,
        63,
        66,
        89,
        33,
        31,
        2,
        61,
        61,
        80,
        13,
        8,
        9,
        84,
        83,
        16,
        25,
        28,
        18,
        9,
        88,
        56,
        3,
        68,
        78,
        13,
        2,
        42,
        24,
        13,
        27,
        8,
        1,
        3,
        9,
        43,
        65,
        79,
        27,
        35,
        52,
        41,
        11,
        51,
        65,
        56,
        9,
        17,
        47,
        9,
        41,
        44,
        21,
        71,
        59,
        4,
        72,
        44,
        1,
        60,
        54,
        51,
        20,
        48,
        22,
        18,
        16,
        52,
        93,
        20,
        5,
        71,
        49,
        51,
        36,
        47,
        64,
        75,
        59,
        20,
        1,
        23,
        8,
        87,
        27,
        64,
        26,
        41,
        1,
        85,
        53,
        58,
        5,
        64,
        31,
        25,
        77,
        60,
        43,
        41,
        12,
        26,
        39,
        1,
        15,
        29,
        18,
        36,
        80,
        31,
        30,
        34,
        4,
        31,
        55,
        3,
        14,
        14,
        60,
        45,
        36,
        34,
        35,
        44,
        64,
        1,
        25,
        77,
        3,
        28,
        68,
        69,
        66,
        33,
        15,
        29,
        23,
        1,
        7,
        26,
        24,
        5,
        9,
        78,
        33,
        83,
        19,
        51,
        16,
        62,
        55,
        84,
        1,
        66,
        24,
        44,
        65,
        23,
        65,
        7,
        64,
        90,
        82,
        34,
        13,
        75,
        14,
        5,
        5,
        9,
        7,
        55,
        45,
        72,
        50,
        23,
        22,
        80,
        37,
        23,
        27,
        21,
        3,
        83,
        44,
        68,
        9,
        27,
        40,
        27,
        49,
        25,
        9,
        22,
        35,
        46,
        47,
        14,
        51,
        33,
        30,
        75,
        2,
        92,
        20,
        12,
        28,
        38,
        38,
        54,
        17,
        66,
        1,
        18,
        4,
        60,
        6,
        66,
        20,
        80,
        65,
        52,
        1,
        20,
        58,
        62,
        53,
        82,
        15,
        37,
        6,
        76,
        6,
        5,
        55,
        71,
        47,
        35,
        16,
        37,
        8,
        3,
        78,
        12,
        3,
        17,
        11,
        82,
        36,
        18,
        49,
        43,
        75,
        7,
        56,
        31,
        55,
        53,
        26,
        93,
        6,
        70,
        5,
        38,
        22,
        92,
        83,
        56,
        58,
        33,
        5,
        11,
        62,
        73,
        87,
        66,
        34,
        13,
        37,
        46,
        28,
        13,
        20,
        32,
        19,
        35,
        1,
        26,
        38,
        1,
        51,
        9,
        16,
        93,
        8,
        5,
        3,
        90,
        47,
        43,
        34,
        17,
        19,
        14,
        18,
        20,
        1,
        10,
        24,
        5,
        22,
        5,
        9,
        53,
        29,
        11,
        6,
        8,
        19,
        15,
        3,
        9,
        19,
        44,
        17,
        32,
        35,
        4,
        53,
        79,
        84,
        2,
        8,
        69,
        14,
        12,
        5,
        26,
        80,
        36,
        15,
        3,
        49,
        10,
        6,
        8,
        51,
        5,
        41,
        83,
        11,
        64,
        32,
        29,
        83,
        82,
        26,
        80,
        5,
        32,
        5,
        37,
        13,
        90,
        88,
        57,
        49,
        26,
        23,
        68,
        68,
        47,
        2,
        81,
        59,
        37,
        70,
        26,
        69,
        54,
        1,
        87,
        53,
        10,
        3,
        1,
        33,
        17,
        53,
        6,
        3,
        61,
        35,
        8,
        14,
        60,
        34,
        46,
        80,
        54,
        28,
        11,
        34,
        32,
        13,
        5,
        40,
        45,
        28,
        16,
        25,
        37,
        82,
        33,
        5,
        24,
        37,
        43,
        12,
        11,
        42,
        23,
        44,
        46,
        16,
        12,
        47,
        21,
        25,
        21,
        27,
        6,
        21,
        71,
        22,
        7,
        37,
        33,
        24,
        38,
        38,
        44,
        93,
        61,
        89,
        13,
        70,
        44,
        52,
        60,
        16,
        19,
        13,
        20,
        41,
        3,
        36,
        72,
        13,
        1,
        74,
        32,
        18,
        5,
        13,
        1,
        4,
        64,
        23,
        62,
        61,
        56,
        5,
        37,
        6,
        2,
        26,
        77,
        42,
        9,
        57,
        39,
        2,
        57,
        23,
        22,
        1,
        1,
        77,
        80,
        1,
        5,
        39,
        41,
        93,
        70,
        10,
        70,
        26,
        17,
        8,
        19,
        75,
        2,
        26,
        5,
        59,
        71,
        1,
        26,
        74,
        62,
        78,
        53,
        51,
        15,
        16,
        76,
        18,
        42,
        11,
        2,
        27,
        22,
        62,
