{
    "min_time": 0.0,
    "max_time": 0.04800009727478027,
    "all_time": 0.015236344337463379,
    "min_round": 5,
    "max_round": 12757,
    "all_rounds": 3565955,
    "more_winner": 0,
    "winner": [
        12,
        29,
        7,
        29,
        26,
        35,
        28,
        50,
        17,
        7,
        35,
        29,
        8,
        24,
        31,
        3,
        28,
        19,
        41,
        39,
        19,
        52,
        47,
        3,
        38,
        51,
        53,
        28,
        9,
        21,
        22,
        11,
        23,
        15,
        13,
        2,
        58,
        55,
        14,
        2,
        19,
        19,
        8,
        52,
        32,
        21,
        19,
        4,
        46,
        1,
        7,
        48,
        5,
        25,
        5,
        36,
        45,
        11,
        2,
        5,
        15,
        23,
        4,
        26,
        35,
        58,
        28,
        4,
        32,
        43,
        17,
        11,
        28,
        27,
        14,
        33,
        7,
        4,
        52,
        6,
        51,
        47,
        33,
        47,
        13,
        59,
        23,
        3,
        23,
        38,
        21,
        31,
        2,
        33,
        33,
        24,
        18,
        16,
        32,
        3,
        5,
        17,
        9,
        2,
        8,
        4,
        9,
        20,
        5,
        18,
        42,
        7,
        4,
        17,
        5,
        26,
        1,
        5,
        18,
        24,
        11,
        44,
        4,
        49,
        21,
        35,
        36,
        14,
        11,
        26,
        17,
        1,
        12,
        32,
        38,
        9,
        30,
        20,
        25,
        39,
        21,
        44,
        51,
        45,
        2,
        34,
        53,
        60,
        25,
        56,
        32,
        2,
        53,
        9,
        25,
        34,
        7,
        21,
        26,
        25,
        34,
        28,
        25,
        1,
        12,
        3,
        15,
        16,
        17,
        2,
        58,
        13,
        27,
        52,
        60,
        10,
        50,
        44,
        29,
        26,
        43,
        20,
        16,
        12,
        15,
        53,
        15,
        14,
        8,
        5,
        42,
        4,
        23,
        2,
        52,
        38,
        42,
        4,
        17,
        23,
        17,
        43,
        35,
        26,
        1,
        27,
        16,
        27,
        46,
        36,
        20,
        43,
        2,
        21,
        8,
        12,
        17,
        11,
        23,
        13,
        4,
        28,
        22,
        27,
        45,
        2,
        7,
        19,
        4,
        2,
        31,
        41,
        5,
        1,
        53,
        12,
        10,
        46,
        44,
        13,
        39,
        2,
        13,
        4,
        51,
        15,
        31,
        19,
        18,
        60,
        37,
        5,
        8,
        53,
        20,
        11,
        25,
        7,
        26,
        30,
        33,
        18,
        26,
        8,
        23,
        45,
        26,
        2,
        23,
        15,
        35,
        37,
        25,
        11,
        1,
        14,
        28,
        26,
        48,
        23,
        3,
        8,
        26,
        2,
        43,
        12,
        26,
        29,
        10,
        27,
        13,
        19,
        29,
        11,
        10,
        57,
        3,
        1,
        27,
        9,
        59,
        56,
        9,
        34,
        3,
        20,
        26,
        34,
        9,
        32,
        23,
        25,
        37,
        36,
        26,
        2,
        9,
        48,
        47,
        31,
        29,
        24,
        9,
        43,
        57,
        50,
        3,
        56,
        9,
        16,
        17,
        11,
        25,
        44,
        9,
        31,
        2,
        24,
        57,
        22,
        22,
        18,
        4,
        2,
        46,
        3,
        31,
        45,
        1,
        34,
        45,
        15,
        25,
        5,
        7,
        37,
        30,
        7,
        4,
        10,
        1,
        6,
        9,
        49,
        4,
        36,
        21,
        10,
        31,
        23,
        2,
        41,
        44,
        34,
        5,
        13,
        5,
        1,
        9,
        2,
        12,
        34,
        1,
        17,
        17,
        50,
        4,
        1,
        33,
        22,
        10,
        17,
        38,
        8,
        20,
        20,
        15,
        45,
        18,
        4,
        32,
        53,
        36,
        18,
        6,
        9,
        9,
        9,
        20,
        5,
        3,
        31,
        27,
        2,
        32,
        30,
        46,
        7,
        34,
        48,
        56,
        44,
        27,
        37,
        23,
        38,
        6,
        1,
        4,
        49,
        9,
        1,
        3,
        3,
        25,
        23,
        34,
        4,
        4,
        40,
        13,
        7,
        9,
        29,
        49,
        5,
        19,
        6,
        44,
        33,
        24,
        32,
        1,
        28,
        32,
        35,
        1,
        13,
        34,
        42,
        4,
        43,
        10,
        49,
        33,
        42,
        19,
        23,
        1,
        45,
        9,
        23,
        53,
        48,
        6,
        30,
        17,
        35,
        20,
        56,
        19,
        43,
        24,
        19,
        6,
        38,
        30,
        38,
        13,
        37,
        16,
        17,
        44,
        7,
        43,
        23,
        47,
        11,
        7,
        50,
        12,
        23,
        46,
        51,
        40,
        19,
        46,
        1,
        21,
        53,
        7,
        50,
        29,
        50,
        18,
        1,
        30,
        4,
        27,
        18,
        1,
        15,
        9,
        50,
        17,
        7,
        32,
        24,
        41,
        48,
        26,
        37,
        15,
        13,
        10,
        10,
        28,
        2,
        24,
        41,
        41,
        4,
        33,
        10,
        22,
        28,
        1,
        54,
        15,
        13,
        22,
        30,
        3,
        9,
        25,
        27,
        32,
        3,
        1,
        33,
        33,
        1,
        59,
        11,
        34,
        14,
        7,
        54,
        2,
        35,
        23,
        18,
        26,
        3,
        6,
        9,
        12,
        5,
        9,
        11,
        12,
        34,
        59,
        59,
        53,
        28,
        21,
        26,
        9,
        35,
        36,
        44,
        27,
        7,
        40,
        5,
        48,
        47,
        28,
        56,
        17,
        51,
        10,
        38,
        31,
        24,
        27,
        50,
        24,
        8,
        27,
