{
    "min_time": 0.0,
    "max_time": 0.08200526237487793,
    "all_time": 0.015926132202148436,
    "min_round": 5,
    "max_round": 12008,
    "all_rounds": 3687180,
    "more_winner": 0,
    "winner": [
        12,
        28,
        15,
        53,
        6,
        48,
        59,
        5,
        4,
        15,
        22,
        6,
        9,
        13,
        30,
        1,
        1,
        15,
        50,
        18,
        27,
        52,
        9,
        6,
        18,
        37,
        39,
        19,
        23,
        38,
        5,
        62,
        22,
        35,
        60,
        4,
        13,
        7,
        16,
        29,
        29,
        6,
        1,
        28,
        18,
        31,
        20,
        13,
        33,
        17,
        13,
        28,
        12,
        16,
        25,
        16,
        46,
        20,
        41,
        17,
        27,
        1,
        30,
        14,
        5,
        54,
        2,
        34,
        6,
        61,
        53,
        29,
        13,
        35,
        47,
        61,
        29,
        33,
        44,
        3,
        1,
        2,
        49,
        19,
        14,
        17,
        38,
        52,
        51,
        11,
        53,
        44,
        29,
        47,
        36,
        11,
        28,
        23,
        26,
        2,
        12,
        5,
        4,
        11,
        11,
        4,
        58,
        2,
        4,
        27,
        16,
        28,
        36,
        6,
        8,
        18,
        33,
        29,
        11,
        27,
        6,
        52,
        23,
        8,
        49,
        51,
        1,
        16,
        21,
        44,
        58,
        1,
        2,
        15,
        21,
        11,
        4,
        19,
        19,
        6,
        14,
        23,
        16,
        33,
        3,
        31,
        7,
        35,
        4,
        3,
        35,
        17,
        25,
        33,
        9,
        12,
        1,
        10,
        15,
        45,
        4,
        12,
        50,
        42,
        59,
        44,
        16,
        10,
        44,
        39,
        8,
        52,
        25,
        6,
        40,
        15,
        1,
        9,
        15,
        1,
        61,
        38,
        5,
        36,
        19,
        17,
        8,
        37,
        16,
        18,
        3,
        1,
        56,
        14,
        1,
        49,
        24,
        46,
        55,
        21,
        1,
        58,
        24,
        1,
        60,
        4,
        44,
        45,
        12,
        6,
        21,
        35,
        18,
        22,
        8,
        25,
        9,
        6,
        4,
        2,
        24,
        28,
        27,
        20,
        30,
        1,
        18,
        11,
        23,
        22,
        20,
        18,
        27,
        21,
        19,
        6,
        7,
        7,
        10,
        27,
        53,
        13,
        2,
        27,
        35,
        3,
        11,
        1,
        33,
        35,
        16,
        8,
        10,
        8,
        48,
        4,
        1,
        39,
        7,
        16,
        44,
        11,
        41,
        21,
        13,
        51,
        41,
        3,
        39,
        14,
        28,
        9,
        51,
        60,
        30,
        56,
        3,
        6,
        14,
        14,
        4,
        18,
        16,
        8,
        9,
        14,
        1,
        1,
        18,
        8,
        22,
        43,
        60,
        23,
        11,
        3,
        37,
        47,
        29,
        2,
        40,
        34,
        59,
        12,
        10,
        45,
        20,
        49,
        22,
        48,
        59,
        23,
        22,
        7,
        22,
        39,
        43,
        10,
        7,
        58,
        1,
        19,
        16,
        18,
        47,
        33,
        6,
        16,
        11,
        39,
        37,
        41,
        4,
        29,
        34,
        8,
        15,
        8,
        55,
        11,
        14,
        42,
        30,
        32,
        25,
        42,
        23,
        58,
        11,
        33,
        17,
        35,
        5,
        18,
        14,
        38,
        3,
        57,
        14,
        47,
        1,
        10,
        47,
        30,
        17,
        19,
        34,
        45,
        31,
        1,
        47,
        30,
        21,
        21,
        4,
        11,
        11,
        49,
        9,
        18,
        10,
        41,
        29,
        25,
        22,
        43,
        32,
        43,
        7,
        44,
        29,
        45,
        27,
        3,
        13,
        14,
        6,
        21,
        35,
        30,
        30,
        9,
        5,
        31,
        30,
        9,
        17,
        6,
        56,
        60,
        2,
        17,
        21,
        57,
        1,
        56,
        30,
        23,
        13,
        5,
        13,
        13,
        1,
        2,
        55,
        36,
        2,
        4,
        4,
        30,
        28,
        39,
        7,
        25,
        17,
        58,
        52,
        38,
        17,
        24,
        38,
        25,
        22,
        62,
        25,
        14,
        2,
        45,
        36,
        24,
        28,
        2,
        2,
        28,
        12,
        19,
        15,
        52,
        1,
        19,
        27,
        41,
        2,
        7,
        23,
        62,
        53,
        17,
        21,
        20,
        7,
        24,
        3,
        25,
        32,
        7,
        44,
        10,
        6,
        57,
        40,
        14,
        12,
        40,
        44,
        13,
        36,
        16,
        23,
        58,
        12,
        45,
        13,
        50,
        46,
        22,
        33,
        41,
        2,
        13,
        23,
        32,
        46,
        59,
        25,
        28,
        26,
        35,
        33,
        37,
        33,
        45,
        34,
        62,
        22,
        12,
        12,
        62,
        10,
        31,
        54,
        56,
        33,
        34,
        18,
        8,
        20,
        6,
        4,
        2,
        43,
        4,
        3,
        58,
        15,
        43,
        55,
        55,
        12,
        15,
        4,
        24,
        22,
        36,
        1,
        7,
        59,
        1,
        5,
        30,
        55,
        25,
        15,
        34,
        13,
        11,
        15,
        35,
        18,
        18,
        16,
        59,
        11,
        46,
        36,
        21,
        42,
        41,
        13,
        39,
        35,
        6,
        38,
        11,
        31,
        16,
        33,
        3,
        3,
        7,
        33,
        5,
        4,
        37,
        36,
        4,
        13,
        18,
        50,
        21,
        55,
        3,
        54,
        9,
        1,
        2,
        21,
        8,
        20,
        1,
        19,
        49,
        10,
        41,
        37,
        20,
        12,
        27,
        3,
        47,
