{
    "min_time": 0.0,
    "max_time": 0.08300256729125977,
    "all_time": 0.015157216548919678,
    "min_round": 5,
    "max_round": 9013,
    "all_rounds": 2666852,
    "more_winner": 0,
    "winner": [
        9,
        41,
        46,
        38,
        4,
        3,
        3,
        12,
        3,
        10,
        48,
        36,
        6,
        34,
        41,
        5,
        32,
        45,
        23,
        28,
        33,
        38,
        15,
        15,
        11,
        15,
        1,
        43,
        36,
        4,
        21,
        32,
        1,
        1,
        18,
        24,
        16,
        6,
        40,
        25,
        39,
        8,
        9,
        11,
        13,
        21,
        3,
        24,
        29,
        14,
        46,
        22,
        10,
        20,
        36,
        38,
        20,
        1,
        5,
        37,
        47,
        23,
        33,
        39,
        27,
        25,
        29,
        11,
        23,
        12,
        21,
        12,
        3,
        10,
        49,
        3,
        32,
        32,
        17,
        7,
        26,
        7,
        1,
        2,
        9,
        18,
        22,
        20,
        27,
        43,
        1,
        16,
        32,
        47,
        14,
        10,
        35,
        40,
        46,
        27,
        7,
        11,
        4,
        10,
        22,
        15,
        6,
        10,
        6,
        27,
        21,
        18,
        18,
        4,
        40,
        3,
        22,
        34,
        36,
        9,
        11,
        27,
        36,
        21,
        11,
        9,
        8,
        20,
        49,
        4,
        33,
        5,
        7,
        35,
        3,
        37,
        15,
        9,
        43,
        12,
        34,
        39,
        8,
        34,
        46,
        10,
        43,
        16,
        46,
        3,
        40,
        24,
        31,
        16,
        37,
        48,
        25,
        49,
        49,
        30,
        25,
        22,
        44,
        22,
        44,
        3,
        46,
        46,
        4,
        11,
        46,
        6,
        17,
        26,
        24,
        11,
        25,
        36,
        7,
        32,
        28,
        29,
        2,
        24,
        3,
        7,
        28,
        33,
        16,
        7,
        3,
        31,
        9,
        17,
        18,
        19,
        44,
        1,
        24,
        24,
        19,
        12,
        35,
        20,
        17,
        2,
        17,
        42,
        20,
        15,
        17,
        5,
        17,
        7,
        36,
        25,
        17,
        15,
        2,
        4,
        4,
        25,
        20,
        24,
        44,
        12,
        47,
        29,
        8,
        28,
        12,
        41,
        49,
        1,
        44,
        35,
        23,
        35,
        34,
        4,
        48,
        36,
        2,
        5,
        12,
        14,
        47,
        1,
        12,
        17,
        10,
        3,
        42,
        26,
        10,
        23,
        22,
        26,
        22,
        48,
        17,
        10,
        27,
        14,
        36,
        40,
        1,
        35,
        6,
        16,
        19,
        34,
        41,
        18,
        37,
        49,
        13,
        24,
        9,
        3,
        31,
        12,
        46,
        34,
        27,
        11,
        48,
        31,
        14,
        43,
        10,
        22,
        40,
        36,
        29,
        19,
        5,
        3,
        12,
        17,
        48,
        16,
        36,
        26,
        11,
        20,
        39,
        20,
        10,
        25,
        36,
        44,
        12,
        23,
        39,
        2,
        2,
        25,
        31,
        2,
        11,
        44,
        24,
        48,
        3,
        48,
        17,
        4,
        19,
        4,
        3,
        11,
        10,
        13,
        4,
        19,
        31,
        4,
        15,
        45,
        20,
        22,
        8,
        41,
        6,
        40,
        14,
        1,
        31,
        15,
        33,
        18,
        35,
        42,
        13,
        3,
        5,
        27,
        44,
        49,
        28,
        43,
        15,
        36,
        40,
        14,
        6,
        28,
        39,
        43,
        6,
        4,
        3,
        2,
        5,
        5,
        12,
        18,
        23,
        19,
        4,
        38,
        25,
        31,
        13,
        21,
        38,
        20,
        6,
        4,
        33,
        45,
        4,
        44,
        34,
        14,
        24,
        21,
        23,
        3,
        4,
        37,
        3,
        9,
        17,
        24,
        10,
        18,
        15,
        8,
        7,
        2,
        29,
        15,
        22,
        31,
        27,
        6,
        7,
        10,
        1,
        7,
        25,
        45,
        22,
        4,
        12,
        24,
        5,
        6,
        6,
        33,
        12,
        29,
        26,
        47,
        7,
        10,
        18,
        3,
        19,
        7,
        49,
        4,
        38,
        16,
        14,
        34,
        17,
        4,
        13,
        14,
        22,
        23,
        28,
        6,
        18,
        39,
        18,
        4,
        11,
        10,
        26,
        22,
        2,
        12,
        46,
        35,
        1,
        4,
        48,
        28,
        7,
        18,
        2,
        36,
        2,
        20,
        12,
        14,
        14,
        3,
        16,
        31,
        34,
        1,
        13,
        31,
        34,
        46,
        37,
        9,
        5,
        33,
        47,
        42,
        42,
        19,
        25,
        29,
        7,
        48,
        15,
        16,
        34,
        26,
        26,
        2,
        41,
        1,
        33,
        25,
        28,
        25,
        9,
        24,
        10,
        16,
        10,
        18,
        20,
        11,
        38,
        2,
        41,
        29,
        36,
        2,
        1,
        40,
        49,
        9,
        24,
        14,
        21,
        33,
        48,
        1,
        28,
        6,
        1,
        22,
        3,
        36,
        7,
        18,
        7,
        1,
        6,
        14,
        4,
        21,
        2,
        34,
        24,
        1,
        15,
        29,
        24,
        10,
        49,
        45,
        8,
        18,
        15,
        18,
        2,
        5,
        5,
        13,
        39,
        3,
        24,
        32,
        7,
        3,
        10,
        31,
        14,
        17,
        46,
        43,
        6,
        8,
        6,
        21,
        39,
        3,
        12,
        4,
        23,
        9,
        43,
        11,
        37,
        8,
        14,
        2,
        32,
        48,
        7,
        20,
        42,
        8,
        14,
        9,
        47,
        34,
        16,
        10,
        47,
