{
    "min_time": 0.0009970664978027344,
    "max_time": 0.12299990653991699,
    "all_time": 0.02425799560546875,
    "min_round": 5,
    "max_round": 15988,
    "all_rounds": 5252170,
    "more_winner": 0,
    "winner": [
        40,
        73,
        84,
        35,
        86,
        14,
        41,
        7,
        79,
        10,
        19,
        86,
        11,
        63,
        32,
        41,
        2,
        1,
        10,
        41,
        27,
        43,
        20,
        30,
        86,
        8,
        20,
        53,
        16,
        71,
        4,
        7,
        35,
        84,
        16,
        49,
        10,
        18,
        11,
        1,
        70,
        5,
        39,
        7,
        74,
        23,
        9,
        22,
        9,
        52,
        6,
        84,
        55,
        24,
        12,
        10,
        3,
        72,
        8,
        32,
        54,
        3,
        29,
        77,
        79,
        6,
        27,
        7,
        9,
        53,
        21,
        60,
        11,
        72,
        27,
        82,
        41,
        14,
        18,
        71,
        7,
        69,
        41,
        13,
        52,
        14,
        15,
        18,
        9,
        10,
        26,
        18,
        59,
        29,
        17,
        3,
        46,
        73,
        83,
        64,
        43,
        45,
        4,
        30,
        74,
        26,
        31,
        7,
        23,
        60,
        7,
        7,
        25,
        77,
        9,
        41,
        41,
        32,
        76,
        51,
        28,
        27,
        3,
        46,
        82,
        67,
        9,
        32,
        13,
        10,
        66,
        25,
        21,
        51,
        12,
        20,
        34,
        2,
        79,
        46,
        70,
        44,
        78,
        40,
        10,
        19,
        11,
        86,
        74,
        17,
        55,
        5,
        47,
        27,
        13,
        38,
        43,
        31,
        10,
        8,
        7,
        7,
        34,
        10,
        3,
        59,
        4,
        45,
        3,
        44,
        6,
        37,
        33,
        20,
        31,
        27,
        73,
        71,
        83,
        37,
        56,
        29,
        32,
        50,
        28,
        80,
        14,
        55,
        10,
        25,
        15,
        16,
        1,
        19,
        26,
        17,
        7,
        29,
        20,
        8,
        12,
        66,
        60,
        12,
        65,
        22,
        12,
        1,
        28,
        41,
        36,
        51,
        6,
        29,
        3,
        53,
        6,
        70,
        58,
        15,
        29,
        38,
        24,
        33,
        2,
        45,
        22,
        59,
        22,
        33,
        35,
        28,
        51,
        5,
        24,
        76,
        22,
        5,
        80,
        35,
        36,
        74,
        22,
        12,
        33,
        78,
        34,
        83,
        51,
        37,
        27,
        53,
        73,
        14,
        38,
        34,
        6,
        68,
        8,
        46,
        44,
        41,
        45,
        30,
        32,
        15,
        9,
        2,
        44,
        21,
        14,
        37,
        44,
        79,
        82,
        83,
        14,
        20,
        14,
        16,
        24,
        8,
        44,
        32,
        4,
        16,
        22,
        35,
        46,
        24,
        44,
        33,
        66,
        24,
        20,
        15,
        32,
        10,
        20,
        12,
        19,
        24,
        2,
        35,
        47,
        11,
        9,
        30,
        41,
        12,
        31,
        39,
        16,
        15,
        69,
        9,
        21,
        68,
        23,
        49,
        27,
        8,
        1,
        14,
        13,
        71,
        7,
        83,
        71,
        9,
        32,
        1,
        43,
        72,
        18,
        47,
        59,
        21,
        76,
        2,
        72,
        44,
        38,
        20,
        3,
        9,
        14,
        19,
        59,
        4,
        11,
        51,
        61,
        44,
        14,
        71,
        47,
        43,
        28,
        17,
        36,
        4,
        47,
        2,
        78,
        21,
        49,
        3,
        29,
        22,
        55,
        22,
        3,
        41,
        44,
        37,
        51,
        1,
        52,
        21,
        24,
        58,
        78,
        12,
        21,
        8,
        7,
        43,
        37,
        36,
        14,
        31,
        4,
        29,
        17,
        69,
        24,
        31,
        41,
        56,
        40,
        28,
        7,
        29,
        1,
        4,
        20,
        39,
        21,
        20,
        18,
        24,
        40,
        4,
        2,
        52,
        27,
        39,
        15,
        18,
        9,
        14,
        38,
        52,
        13,
        42,
        2,
        36,
        16,
        16,
        26,
        22,
        41,
        8,
        23,
        15,
        48,
        59,
        26,
        16,
        15,
        46,
        35,
        15,
        38,
        68,
        8,
        24,
        17,
        37,
        11,
        10,
        13,
        77,
        4,
        11,
        37,
        46,
        3,
        25,
        37,
        23,
        79,
        27,
        5,
        18,
        13,
        1,
        46,
        25,
        24,
        43,
        21,
        25,
        5,
        31,
        10,
        29,
        52,
        63,
        33,
        4,
        9,
        16,
        24,
        12,
        9,
        2,
        25,
        2,
        14,
        11,
        29,
        18,
        2,
        59,
        52,
        16,
        43,
        54,
        40,
        39,
        44,
        35,
        60,
        42,
        40,
        72,
        20,
        51,
        29,
        71,
        30,
        15,
        53,
        77,
        22,
        24,
        34,
        74,
        46,
        35,
        61,
        1,
        20,
        42,
        52,
        53,
        81,
        22,
        16,
        2,
        55,
        53,
        17,
        14,
        41,
        7,
        36,
        8,
        29,
        3,
        8,
        21,
        2,
        47,
        3,
        9,
        6,
        37,
        42,
        1,
        54,
        15,
        3,
        66,
        54,
        80,
        48,
        76,
        24,
        50,
        68,
        65,
        2,
        60,
        70,
        2,
        21,
        8,
        76,
        53,
        68,
        58,
        45,
        52,
        54,
        66,
        67,
        37,
        86,
        39,
        10,
        54,
        46,
        28,
        59,
        44,
        51,
        1,
        27,
        67,
        62,
        30,
        57,
        10,
        72,
        39,
        34,
        25,
        2,
        17,
        17,
        6,
        32,
        59,
