{
    "min_time": 0.0009980201721191406,
    "max_time": 0.0969998836517334,
    "all_time": 0.023615031003952028,
    "min_round": 5,
    "max_round": 18800,
    "all_rounds": 5437351,
    "more_winner": 3,
    "winner": [
        51,
        27,
        9,
        9,
        48,
        83,
        8,
        18,
        50,
        32,
        21,
        68,
        59,
        39,
        51,
        43,
        13,
        63,
        64,
        21,
        62,
        42,
        19,
        58,
        61,
        30,
        60,
        24,
        14,
        39,
        45,
        52,
        9,
        54,
        11,
        28,
        67,
        57,
        11,
        1,
        2,
        62,
        9,
        28,
        23,
        34,
        28,
        86,
        3,
        10,
        52,
        37,
        39,
        53,
        33,
        45,
        13,
        36,
        35,
        20,
        13,
        9,
        16,
        26,
        31,
        87,
        67,
        38,
        12,
        57,
        7,
        4,
        48,
        33,
        22,
        29,
        2,
        15,
        26,
        42,
        62,
        53,
        37,
        19,
        30,
        8,
        28,
        18,
        30,
        74,
        5,
        17,
        4,
        1,
        17,
        21,
        27,
        9,
        33,
        49,
        9,
        36,
        57,
        52,
        90,
        91,
        18,
        10,
        10,
        70,
        60,
        64,
        3,
        12,
        26,
        33,
        7,
        89,
        31,
        13,
        41,
        29,
        4,
        59,
        42,
        72,
        9,
        1,
        83,
        16,
        61,
        8,
        9,
        48,
        17,
        6,
        43,
        22,
        59,
        6,
        48,
        7,
        4,
        36,
        49,
        4,
        91,
        43,
        18,
        29,
        2,
        20,
        4,
        77,
        23,
        5,
        18,
        3,
        15,
        12,
        13,
        3,
        7,
        41,
        12,
        18,
        37,
        54,
        35,
        21,
        36,
        55,
        15,
        10,
        43,
        12,
        34,
        54,
        16,
        3,
        74,
        11,
        3,
        51,
        19,
        59,
        69,
        13,
        24,
        68,
        2,
        10,
        20,
        69,
        21,
        28,
        46,
        32,
        33,
        28,
        62,
        17,
        21,
        18,
        36,
        19,
        16,
        53,
        30,
        88,
        36,
        59,
        28,
        8,
        2,
        48,
        9,
        28,
        47,
        74,
        27,
        13,
        4,
        11,
        78,
        14,
        15,
        54,
        60,
        16,
        49,
        20,
        61,
        11,
        85,
        76,
        42,
        83,
        68,
        69,
        41,
        22,
        21,
        55,
        62,
        23,
        35,
        14,
        7,
        9,
        50,
        33,
        24,
        42,
        62,
        40,
        3,
        8,
        43,
        59,
        2,
        10,
        18,
        7,
        35,
        34,
        66,
        8,
        5,
        81,
        15,
        5,
        83,
        17,
        9,
        67,
        4,
        26,
        13,
        74,
        14,
        9,
        1,
        62,
        4,
        68,
        11,
        33,
        47,
        28,
        46,
        90,
        24,
        17,
        31,
        36,
        32,
        24,
        30,
        18,
        78,
        2,
        22,
        8,
        58,
        1,
        42,
        58,
        3,
        10,
        22,
        2,
        22,
        44,
        38,
        6,
        69,
        84,
        36,
        41,
        26,
        68,
        21,
        57,
        5,
        20,
        86,
        21,
        20,
        42,
        90,
        7,
        5,
        38,
        2,
        15,
        13,
        68,
        14,
        14,
        1,
        9,
        83,
        10,
        23,
        48,
        1,
        44,
        4,
        37,
        10,
        65,
        32,
        6,
        85,
        23,
        22,
        22,
        45,
        4,
        49,
        10,
        8,
        9,
        20,
        41,
        39,
        77,
        53,
        59,
        44,
        14,
        5,
        73,
        50,
        31,
        65,
        34,
        46,
        11,
        19,
        35,
        55,
        52,
        73,
        58,
        9,
        24,
        42,
        13,
        14,
        40,
        33,
        40,
        5,
        28,
        66,
        7,
        6,
        37,
        58,
        1,
        41,
        23,
        6,
        11,
        62,
        27,
        19,
        45,
        4,
        5,
        9,
        28,
        27,
        28,
        54,
        51,
        17,
        59,
        87,
        2,
        35,
        61,
        1,
        23,
        91,
        82,
        1,
        90,
        10,
        24,
        88,
        16,
        30,
        90,
        22,
        57,
        8,
        67,
        14,
        39,
        89,
        10,
        34,
        39,
        37,
        19,
        26,
        41,
        58,
        78,
        37,
        62,
        55,
        30,
        32,
        57,
        43,
        32,
        74,
        3,
        85,
        40,
        49,
        4,
        25,
        82,
        56,
        21,
        19,
        41,
        68,
        12,
        32,
        82,
        45,
        51,
        36,
        37,
        38,
        9,
        21,
        25,
        1,
        10,
        51,
        26,
        3,
        11,
        84,
        74,
        70,
        63,
        8,
        75,
        69,
        9,
        35,
        4,
        29,
        5,
        6,
        58,
        20,
        52,
        11,
        29,
        32,
        28,
        2,
        48,
        31,
        21,
        50,
        9,
        11,
        65,
        22,
        85,
        1,
        54,
        37,
        36,
        15,
        14,
        29,
        18,
        16,
        73,
        7,
        32,
        33,
        49,
        56,
        14,
        27,
        9,
        32,
        2,
        14,
        81,
        65,
        24,
        23,
        7,
        48,
        82,
        81,
        36,
        65,
        47,
        69,
        58,
        74,
        3,
        10,
        7,
        20,
        46,
        16,
        23,
        19,
        31,
        12,
        53,
        83,
        2,
        6,
        54,
        47,
        51,
        9,
        79,
        4,
        29,
        4,
        69,
        21,
        70,
        1,
        1,
        20,
        2,
        47,
        1,
        85,
        1,
        24,
        14,
        24,
        14,
        34,
        34,
        19,
        12,
        33,
        83,
        24,
        17,
        84,
        43,
        32,
        61,
        87,
        2,
