{
    "min_time": 0.0,
    "max_time": 0.07399749755859375,
    "all_time": 0.01709760069847107,
    "min_round": 5,
    "max_round": 11803,
    "all_rounds": 3479897,
    "more_winner": 1,
    "winner": [
        19,
        52,
        52,
        7,
        27,
        54,
        12,
        11,
        7,
        16,
        9,
        19,
        34,
        58,
        9,
        8,
        1,
        21,
        13,
        9,
        15,
        7,
        52,
        19,
        32,
        1,
        22,
        1,
        25,
        30,
        15,
        36,
        15,
        16,
        43,
        2,
        23,
        52,
        44,
        53,
        8,
        26,
        58,
        51,
        3,
        45,
        14,
        19,
        17,
        37,
        44,
        4,
        3,
        57,
        58,
        37,
        47,
        29,
        27,
        30,
        25,
        49,
        19,
        51,
        20,
        4,
        8,
        51,
        22,
        43,
        9,
        18,
        39,
        36,
        12,
        1,
        24,
        11,
        14,
        41,
        44,
        10,
        25,
        47,
        8,
        40,
        33,
        32,
        6,
        8,
        29,
        28,
        35,
        24,
        55,
        18,
        30,
        23,
        35,
        20,
        16,
        3,
        42,
        55,
        25,
        31,
        33,
        18,
        2,
        29,
        40,
        34,
        27,
        46,
        5,
        31,
        3,
        3,
        26,
        42,
        3,
        45,
        9,
        9,
        36,
        12,
        13,
        1,
        42,
        42,
        8,
        38,
        52,
        50,
        33,
        24,
        1,
        39,
        16,
        32,
        24,
        58,
        21,
        16,
        22,
        14,
        17,
        46,
        33,
        20,
        31,
        1,
        6,
        33,
        1,
        3,
        29,
        10,
        36,
        8,
        1,
        39,
        49,
        29,
        34,
        30,
        12,
        48,
        9,
        37,
        36,
        2,
        48,
        12,
        47,
        23,
        27,
        1,
        17,
        18,
        15,
        52,
        39,
        1,
        21,
        10,
        4,
        8,
        34,
        2,
        48,
        25,
        9,
        15,
        43,
        39,
        47,
        3,
        55,
        14,
        57,
        26,
        14,
        4,
        27,
        14,
        5,
        30,
        16,
        7,
        54,
        28,
        17,
        31,
        9,
        10,
        3,
        9,
        1,
        17,
        9,
        6,
        52,
        4,
        9,
        56,
        8,
        18,
        1,
        15,
        14,
        40,
        19,
        10,
        58,
        16,
        18,
        7,
        31,
        9,
        52,
        12,
        16,
        46,
        14,
        30,
        9,
        20,
        13,
        38,
        13,
        5,
        51,
        18,
        20,
        31,
        24,
        42,
        10,
        3,
        11,
        36,
        12,
        14,
        8,
        36,
        35,
        9,
        46,
        36,
        47,
        34,
        14,
        42,
        18,
        19,
        15,
        18,
        58,
        12,
        10,
        22,
        31,
        14,
        45,
        4,
        6,
        1,
        3,
        14,
        5,
        52,
        17,
        44,
        21,
        48,
        15,
        13,
        26,
        38,
        17,
        23,
        19,
        41,
        29,
        39,
        40,
        33,
        38,
        7,
        34,
        32,
        13,
        37,
        54,
        35,
        2,
        13,
        24,
        16,
        17,
        2,
        15,
        43,
        50,
        45,
        51,
        23,
        7,
        41,
        12,
        27,
        2,
        46,
        47,
        17,
        16,
        17,
        48,
        44,
        34,
        12,
        22,
        10,
        34,
        41,
        23,
        17,
        36,
        3,
        32,
        33,
        31,
        9,
        24,
        2,
        27,
        58,
        17,
        30,
        12,
        51,
        16,
        14,
        19,
        16,
        8,
        28,
        26,
        27,
        42,
        1,
        12,
        8,
        1,
        21,
        41,
        2,
        56,
        36,
        11,
        11,
        15,
        25,
        47,
        17,
        38,
        25,
        7,
        8,
        46,
        4,
        7,
        3,
        23,
        44,
        32,
        17,
        51,
        3,
        5,
        4,
        31,
        18,
        13,
        20,
        7,
        17,
        39,
        25,
        27,
        1,
        58,
        4,
        21,
        10,
        29,
        54,
        20,
        15,
        9,
        1,
        24,
        2,
        4,
        24,
        23,
        3,
        25,
        16,
        13,
        13,
        14,
        39,
        10,
        10,
        16,
        14,
        20,
        41,
        4,
        42,
        55,
        6,
        10,
        18,
        15,
        8,
        4,
        34,
        33,
        17,
        7,
        16,
        19,
        2,
        34,
        32,
        34,
        18,
        5,
        13,
        31,
        56,
        17,
        24,
        31,
        13,
        12,
        12,
        4,
        2,
        8,
        3,
        56,
        17,
        9,
        43,
        1,
        11,
        38,
        53,
        52,
        58,
        19,
        41,
        15,
        10,
        45,
        52,
        5,
        1,
        15,
        18,
        6,
        44,
        3,
        32,
        32,
        51,
        45,
        12,
        45,
        28,
        25,
        13,
        15,
        23,
        2,
        29,
        14,
        51,
        39,
        34,
        13,
        22,
        52,
        55,
        22,
        7,
        12,
        26,
        18,
        46,
        11,
        2,
        52,
        29,
        29,
        11,
        51,
        13,
        27,
        16,
        22,
        10,
        56,
        24,
        24,
        26,
        4,
        54,
        6,
        40,
        19,
        2,
        2,
        12,
        1,
        29,
        49,
        50,
        12,
        3,
        43,
        14,
        26,
        55,
        17,
        20,
        23,
        16,
        49,
        5,
        38,
        41,
        46,
        12,
        30,
        29,
        58,
        25,
        7,
        58,
        48,
        7,
        9,
        3,
        50,
        41,
        4,
        48,
        22,
        43,
        17,
        37,
        24,
        1,
        45,
        3,
        14,
        38,
        46,
        31,
        12,
        10,
        55,
        1,
        26,
        16,
        17,
        33,
        46,
        18,
        45,
        27,
        44,
        20,
        5,
