{
    "min_time": 0.000997781753540039,
    "max_time": 0.11800169944763184,
    "all_time": 0.02617911648750305,
    "min_round": 5,
    "max_round": 19187,
    "all_rounds": 6047759,
    "more_winner": 1,
    "winner": [
        70,
        63,
        40,
        1,
        2,
        51,
        35,
        28,
        1,
        80,
        53,
        17,
        88,
        80,
        29,
        40,
        21,
        9,
        29,
        49,
        99,
        6,
        25,
        36,
        84,
        31,
        2,
        11,
        52,
        21,
        5,
        18,
        42,
        35,
        60,
        30,
        7,
        52,
        20,
        31,
        63,
        10,
        28,
        100,
        10,
        72,
        10,
        38,
        4,
        27,
        18,
        10,
        78,
        11,
        24,
        3,
        50,
        15,
        11,
        8,
        14,
        100,
        66,
        32,
        10,
        52,
        5,
        37,
        1,
        6,
        2,
        10,
        27,
        11,
        73,
        38,
        8,
        84,
        15,
        6,
        40,
        67,
        83,
        32,
        30,
        90,
        74,
        20,
        2,
        36,
        55,
        97,
        17,
        34,
        51,
        19,
        32,
        35,
        16,
        91,
        56,
        12,
        25,
        84,
        45,
        6,
        18,
        46,
        93,
        27,
        13,
        90,
        1,
        32,
        15,
        98,
        4,
        12,
        48,
        1,
        76,
        34,
        43,
        43,
        49,
        71,
        100,
        15,
        35,
        28,
        60,
        61,
        64,
        52,
        22,
        75,
        79,
        25,
        59,
        84,
        40,
        68,
        46,
        56,
        92,
        29,
        6,
        8,
        21,
        59,
        83,
        9,
        96,
        17,
        3,
        4,
        47,
        21,
        35,
        4,
        41,
        40,
        8,
        11,
        38,
        81,
        62,
        98,
        20,
        2,
        87,
        20,
        6,
        15,
        49,
        19,
        19,
        6,
        10,
        50,
        48,
        56,
        84,
        53,
        58,
        23,
        1,
        18,
        89,
        88,
        9,
        10,
        8,
        16,
        25,
        84,
        50,
        13,
        33,
        14,
        57,
        47,
        1,
        27,
        10,
        35,
        31,
        72,
        80,
        17,
        10,
        63,
        39,
        7,
        62,
        50,
        4,
        45,
        53,
        28,
        9,
        10,
        77,
        100,
        18,
        32,
        1,
        2,
        25,
        68,
        80,
        44,
        20,
        25,
        36,
        36,
        34,
        58,
        51,
        29,
        36,
        57,
        25,
        28,
        21,
        28,
        58,
        30,
        25,
        5,
        11,
        6,
        24,
        15,
        66,
        24,
        4,
        63,
        42,
        68,
        64,
        47,
        29,
        29,
        50,
        22,
        71,
        53,
        80,
        2,
        25,
        7,
        28,
        83,
        16,
        48,
        1,
        78,
        91,
        67,
        62,
        20,
        50,
        26,
        73,
        10,
        62,
        15,
        16,
        14,
        4,
        73,
        22,
        54,
        43,
        25,
        20,
        4,
        75,
        87,
        64,
        41,
        15,
        2,
        13,
        1,
        23,
        25,
        14,
        61,
        15,
        56,
        83,
        19,
        81,
        45,
        31,
        37,
        1,
        7,
        2,
        46,
        91,
        43,
        3,
        34,
        87,
        53,
        73,
        7,
        46,
        5,
        56,
        46,
        15,
        28,
        80,
        52,
        39,
        33,
        12,
        28,
        16,
        64,
        49,
        2,
        4,
        69,
        71,
        99,
        91,
        67,
        68,
        10,
        10,
        20,
        26,
        34,
        43,
        77,
        7,
        22,
        49,
        33,
        4,
        5,
        57,
        3,
        42,
        95,
        74,
        1,
        10,
        4,
        40,
        65,
        30,
        1,
        58,
        24,
        66,
        64,
        41,
        4,
        2,
        68,
        39,
        29,
        97,
        42,
        18,
        49,
        5,
        25,
        37,
        11,
        55,
        99,
        9,
        35,
        41,
        52,
        24,
        50,
        59,
        24,
        5,
        21,
        11,
        5,
        59,
        80,
        78,
        37,
        68,
        41,
        32,
        12,
        43,
        35,
        68,
        31,
        5,
        17,
        23,
        2,
        20,
        45,
        82,
        30,
        32,
        49,
        30,
        15,
        1,
        22,
        12,
        26,
        61,
        76,
        32,
        68,
        9,
        7,
        61,
        49,
        64,
        57,
        13,
        39,
        47,
        19,
        2,
        32,
        6,
        100,
        25,
        26,
        26,
        50,
        53,
        43,
        2,
        29,
        6,
        2,
        50,
        73,
        1,
        32,
        89,
        25,
        42,
        99,
        27,
        60,
        67,
        18,
        54,
        3,
        34,
        2,
        90,
        6,
        23,
        74,
        37,
        31,
        39,
        27,
        72,
        13,
        6,
        38,
        99,
        63,
        60,
        86,
        32,
        92,
        20,
        37,
        8,
        60,
        96,
        69,
        15,
        39,
        5,
        22,
        99,
        29,
        40,
        40,
        5,
        2,
        74,
        10,
        5,
        94,
        30,
        9,
        4,
        44,
        34,
        49,
        10,
        7,
        22,
        9,
        10,
        10,
        81,
        23,
        18,
        40,
        49,
        26,
        36,
        6,
        61,
        88,
        4,
        12,
        10,
        26,
        26,
        17,
        80,
        5,
        37,
        81,
        19,
        42,
        22,
        20,
        59,
        29,
        38,
        37,
        58,
        7,
        1,
        64,
        6,
        80,
        94,
        98,
        18,
        19,
        81,
        15,
        92,
        62,
        19,
        5,
        46,
        84,
        72,
        4,
        78,
        15,
        18,
        89,
        67,
        73,
        58,
        34,
        23,
        16,
        26,
        28,
        19,
        24,
        66,
        53,
        12,
        41,
        58,
        9,
        84,
        71,
        100,
        95,
        25,
