{
    "min_time": 0.000997781753540039,
    "max_time": 0.06500387191772461,
    "all_time": 0.018953023433685302,
    "min_round": 5,
    "max_round": 16335,
    "all_rounds": 4464931,
    "more_winner": 0,
    "winner": [
        9,
        11,
        76,
        20,
        19,
        11,
        71,
        72,
        6,
        35,
        15,
        1,
        18,
        14,
        36,
        6,
        7,
        9,
        59,
        37,
        73,
        23,
        9,
        29,
        32,
        3,
        72,
        2,
        3,
        20,
        32,
        7,
        55,
        69,
        74,
        47,
        62,
        8,
        28,
        16,
        16,
        23,
        33,
        6,
        76,
        28,
        32,
        68,
        28,
        24,
        58,
        35,
        48,
        20,
        31,
        49,
        1,
        4,
        74,
        50,
        50,
        60,
        70,
        21,
        22,
        30,
        7,
        13,
        51,
        20,
        48,
        17,
        46,
        3,
        69,
        43,
        11,
        75,
        15,
        7,
        17,
        11,
        24,
        1,
        10,
        2,
        25,
        5,
        26,
        19,
        65,
        7,
        2,
        1,
        28,
        3,
        2,
        10,
        52,
        42,
        38,
        40,
        13,
        34,
        43,
        25,
        15,
        53,
        15,
        53,
        62,
        15,
        1,
        12,
        6,
        44,
        68,
        29,
        48,
        41,
        41,
        54,
        16,
        6,
        12,
        14,
        9,
        21,
        31,
        21,
        6,
        32,
        68,
        58,
        4,
        49,
        12,
        30,
        16,
        29,
        27,
        47,
        16,
        72,
        13,
        13,
        44,
        7,
        73,
        9,
        25,
        8,
        31,
        63,
        23,
        11,
        13,
        57,
        1,
        43,
        70,
        17,
        21,
        15,
        74,
        33,
        24,
        62,
        26,
        47,
        29,
        22,
        29,
        9,
        22,
        62,
        4,
        16,
        27,
        21,
        51,
        1,
        53,
        59,
        73,
        56,
        19,
        54,
        5,
        12,
        11,
        56,
        25,
        14,
        7,
        71,
        15,
        64,
        44,
        10,
        61,
        45,
        25,
        21,
        35,
        54,
        61,
        34,
        16,
        27,
        69,
        22,
        2,
        41,
        12,
        30,
        46,
        14,
        38,
        20,
        42,
        26,
        57,
        9,
        9,
        5,
        11,
        11,
        25,
        57,
        2,
        44,
        46,
        10,
        7,
        33,
        56,
        20,
        28,
        2,
        30,
        31,
        37,
        42,
        32,
        46,
        23,
        70,
        11,
        68,
        11,
        11,
        13,
        2,
        1,
        74,
        4,
        40,
        8,
        18,
        25,
        75,
        47,
        22,
        48,
        48,
        20,
        24,
        37,
        66,
        35,
        5,
        14,
        52,
        39,
        18,
        38,
        12,
        21,
        20,
        17,
        17,
        38,
        57,
        52,
        48,
        5,
        11,
        64,
        24,
        49,
        51,
        2,
        8,
        38,
        7,
        34,
        26,
        16,
        62,
        30,
        70,
        32,
        51,
        4,
        47,
        58,
        41,
        46,
        46,
        44,
        25,
        57,
        24,
        27,
        15,
        18,
        15,
        44,
        3,
        19,
        6,
        6,
        5,
        4,
        12,
        64,
        49,
        41,
        34,
        6,
        39,
        33,
        1,
        5,
        16,
        19,
        38,
        35,
        2,
        28,
        18,
        54,
        9,
        27,
        37,
        15,
        25,
        26,
        29,
        11,
        71,
        12,
        1,
        4,
        48,
        5,
        66,
        31,
        34,
        30,
        16,
        25,
        16,
        34,
        75,
        40,
        26,
        10,
        35,
        3,
        60,
        33,
        48,
        69,
        26,
        6,
        57,
        52,
        22,
        24,
        2,
        11,
        5,
        34,
        48,
        21,
        7,
        71,
        66,
        57,
        35,
        37,
        7,
        76,
        14,
        6,
        9,
        24,
        4,
        10,
        43,
        30,
        13,
        7,
        65,
        28,
        37,
        52,
        36,
        22,
        13,
        55,
        23,
        75,
        36,
        51,
        24,
        6,
        2,
        57,
        9,
        44,
        18,
        42,
        76,
        2,
        61,
        35,
        34,
        56,
        13,
        20,
        3,
        7,
        13,
        4,
        51,
        6,
        61,
        6,
        26,
        14,
        17,
        3,
        14,
        56,
        31,
        23,
        5,
        28,
        48,
        67,
        33,
        1,
        9,
        39,
        64,
        61,
        3,
        31,
        15,
        58,
        15,
        1,
        29,
        52,
        46,
        32,
        31,
        46,
        9,
        2,
        28,
        50,
        53,
        48,
        44,
        37,
        27,
        46,
        52,
        22,
        37,
        4,
        38,
        67,
        18,
        1,
        57,
        25,
        8,
        26,
        21,
        34,
        51,
        19,
        76,
        10,
        30,
        25,
        24,
        3,
        7,
        44,
        17,
        13,
        44,
        26,
        20,
        48,
        52,
        28,
        74,
        69,
        58,
        25,
        8,
        1,
        26,
        6,
        2,
        44,
        63,
        45,
        10,
        36,
        32,
        26,
        21,
        22,
        51,
        18,
        3,
        42,
        6,
        72,
        25,
        12,
        34,
        30,
        10,
        1,
        70,
        10,
        70,
        21,
        14,
        50,
        30,
        17,
        27,
        35,
        21,
        66,
        67,
        46,
        3,
        6,
        65,
        31,
        27,
        34,
        13,
        28,
        65,
        19,
        2,
        14,
        35,
        40,
        32,
        25,
        29,
        17,
        4,
        14,
        45,
        53,
        67,
        76,
        3,
        76,
        58,
        20,
        29,
        4,
        14,
        22,
        25,
        54,
        9,
        33,
        26,
        55,
        53,
        43,
        1,
        42,
        14,
        29,
        9,
        16,
        17,
        38,
        1,
