{
    "min_time": 0.0009975433349609375,
    "max_time": 0.04799914360046387,
    "all_time": 0.012093974590301513,
    "min_round": 104,
    "max_round": 7400,
    "all_rounds": 2010536,
    "more_winner": 0,
    "winner": [
        26,
        17,
        10,
        14,
        6,
        2,
        4,
        10,
        2,
        2,
        4,
        20,
        6,
        1,
        15,
        23,
        11,
        15,
        2,
        11,
        3,
        20,
        17,
        9,
        2,
        25,
        4,
        8,
        5,
        9,
        2,
        15,
        4,
        4,
        12,
        9,
        21,
        8,
        17,
        15,
        8,
        18,
        13,
        22,
        7,
        13,
        8,
        20,
        2,
        5,
        2,
        9,
        11,
        8,
        12,
        2,
        4,
        15,
        17,
        14,
        11,
        15,
        1,
        24,
        1,
        22,
        2,
        10,
        3,
        17,
        21,
        7,
        1,
        11,
        17,
        4,
        4,
        4,
        10,
        2,
        26,
        15,
        2,
        17,
        3,
        17,
        7,
        2,
        7,
        22,
        15,
        8,
        21,
        25,
        5,
        25,
        1,
        19,
        6,
        20,
        10,
        22,
        4,
        4,
        20,
        26,
        1,
        10,
        21,
        12,
        21,
        11,
        5,
        2,
        21,
        8,
        5,
        3,
        13,
        10,
        6,
        19,
        25,
        4,
        1,
        21,
        4,
        7,
        14,
        21,
        5,
        25,
        12,
        2,
        25,
        7,
        6,
        19,
        9,
        18,
        11,
        22,
        1,
        26,
        25,
        3,
        9,
        15,
        26,
        17,
        7,
        9,
        1,
        2,
        9,
        17,
        20,
        17,
        21,
        12,
        4,
        2,
        14,
        3,
        5,
        1,
        24,
        2,
        21,
        15,
        9,
        26,
        1,
        9,
        23,
        8,
        2,
        21,
        5,
        17,
        9,
        12,
        15,
        1,
        1,
        1,
        4,
        6,
        7,
        2,
        4,
        14,
        7,
        11,
        21,
        5,
        11,
        12,
        1,
        12,
        25,
        1,
        7,
        11,
        3,
        4,
        5,
        11,
        5,
        18,
        24,
        21,
        8,
        26,
        5,
        10,
        8,
        8,
        4,
        17,
        6,
        10,
        7,
        25,
        22,
        4,
        9,
        3,
        17,
        3,
        17,
        9,
        15,
        20,
        22,
        1,
        1,
        1,
        2,
        25,
        14,
        15,
        1,
        23,
        2,
        16,
        9,
        26,
        7,
        8,
        5,
        14,
        8,
        5,
        9,
        11,
        2,
        6,
        3,
        9,
        9,
        6,
        13,
        23,
        9,
        7,
        6,
        2,
        9,
        15,
        26,
        4,
        7,
        13,
        6,
        2,
        9,
        6,
        10,
        3,
        22,
        20,
        3,
        24,
        3,
        22,
        1,
        7,
        15,
        8,
        4,
        24,
        9,
        12,
        14,
        1,
        4,
        11,
        2,
        15,
        1,
        24,
        19,
        4,
        9,
        11,
        7,
        9,
        11,
        13,
        12,
        25,
        19,
        8,
        12,
        11,
        4,
        23,
        12,
        15,
        10,
        23,
        22,
        15,
        13,
        12,
        16,
        3,
        6,
        20,
        21,
        15,
        19,
        18,
        16,
        3,
        14,
        15,
        12,
        1,
        21,
        23,
        4,
        9,
        21,
        4,
        15,
        3,
        5,
        22,
        21,
        18,
        6,
        6,
        6,
        24,
        7,
        13,
        3,
        9,
        4,
        21,
        16,
        2,
        9,
        2,
        3,
        5,
        11,
        5,
        3,
        7,
        24,
        10,
        4,
        14,
        1,
        3,
        11,
        20,
        5,
        15,
        8,
        13,
        8,
        4,
        26,
        16,
        6,
        14,
        9,
        14,
        25,
        6,
        4,
        16,
        5,
        2,
        3,
        5,
        5,
        11,
        18,
        11,
        2,
        5,
        4,
        21,
        6,
        6,
        2,
        7,
        11,
        12,
        9,
        17,
        12,
        18,
        23,
        15,
        7,
        14,
        4,
        7,
        7,
        6,
        8,
        14,
        1,
        3,
        26,
        8,
        20,
        2,
        21,
        11,
        3,
        10,
        1,
        17,
        1,
        7,
        9,
        6,
        3,
        15,
        18,
        1,
        3,
        3,
        19,
        24,
        12,
        11,
        10,
        10,
        6,
        16,
        6,
        11,
        3,
        25,
        7,
        21,
        14,
        4,
        25,
        3,
        5,
        1,
        3,
        6,
        8,
        4,
        16,
        22,
        3,
        10,
        17,
        8,
        12,
        5,
        17,
        14,
        24,
        14,
        9,
        13,
        4,
        14,
        14,
        22,
        22,
        25,
        2,
        14,
        2,
        24,
        3,
        15,
        1,
        17,
        6,
        21,
        6,
        4,
        10,
        5,
        11,
        12,
        16,
        15,
        17,
        7,
        2,
        4,
        9,
        25,
        16,
        19,
        24,
        10,
        24,
        9,
        4,
        1,
        6,
        23,
        10,
        22,
        10,
        2,
        14,
        22,
        3,
        23,
        11,
        20,
        3,
        4,
        20,
        7,
        6,
        4,
        8,
        16,
        24,
        5,
        13,
        8,
        9,
        22,
        7,
        18,
        9,
        1,
        1,
        2,
        13,
        13,
        16,
        3,
        20,
        14,
        4,
        20,
        4,
        3,
        5,
        26,
        19,
        3,
        12,
        20,
        15,
        12,
        19,
        10,
        10,
        3,
        23,
        2,
        24,
        3,
        10,
        21,
        7,
        1,
        2,
        9,
        1,
        5,
        10,
        11,
        26,
        7,
        2,
        2,
        16,
        18,
        4,
        3,
        1,
        14,
        10,
        4,
        1,
        15,
        8,
        12,
        3,
        2,
        6,
        11,
        17,
        9,
        10,
        12,
        3,
        1,
        9,
