{
    "min_time": 0.0,
    "max_time": 0.07599973678588867,
    "all_time": 0.01911704921722412,
    "min_round": 5,
    "max_round": 14843,
    "all_rounds": 4456709,
    "more_winner": 0,
    "winner": [
        41,
        33,
        32,
        60,
        3,
        28,
        4,
        63,
        14,
        16,
        10,
        12,
        17,
        28,
        46,
        16,
        4,
        3,
        7,
        20,
        73,
        16,
        7,
        27,
        24,
        69,
        9,
        7,
        17,
        35,
        3,
        25,
        6,
        57,
        32,
        12,
        52,
        58,
        11,
        5,
        51,
        17,
        33,
        43,
        23,
        10,
        10,
        54,
        5,
        23,
        44,
        40,
        61,
        7,
        5,
        6,
        39,
        36,
        32,
        63,
        43,
        57,
        30,
        13,
        43,
        49,
        46,
        13,
        47,
        11,
        41,
        47,
        24,
        7,
        7,
        38,
        66,
        15,
        71,
        44,
        64,
        1,
        4,
        41,
        2,
        37,
        9,
        16,
        8,
        5,
        26,
        9,
        15,
        62,
        29,
        53,
        4,
        18,
        26,
        44,
        16,
        20,
        2,
        7,
        37,
        74,
        32,
        67,
        18,
        4,
        67,
        43,
        42,
        15,
        4,
        43,
        59,
        35,
        18,
        26,
        9,
        36,
        10,
        7,
        26,
        42,
        27,
        2,
        55,
        38,
        27,
        74,
        60,
        5,
        29,
        22,
        6,
        1,
        14,
        73,
        71,
        20,
        45,
        72,
        62,
        7,
        3,
        1,
        31,
        31,
        4,
        63,
        47,
        9,
        19,
        9,
        10,
        10,
        9,
        36,
        14,
        47,
        17,
        57,
        60,
        59,
        74,
        30,
        30,
        1,
        46,
        18,
        19,
        34,
        26,
        34,
        16,
        22,
        1,
        6,
        20,
        22,
        21,
        3,
        44,
        48,
        9,
        24,
        22,
        57,
        3,
        37,
        34,
        32,
        10,
        15,
        19,
        64,
        28,
        25,
        13,
        14,
        74,
        37,
        22,
        19,
        8,
        59,
        22,
        20,
        5,
        5,
        10,
        41,
        48,
        22,
        56,
        22,
        21,
        7,
        55,
        6,
        68,
        35,
        38,
        17,
        38,
        3,
        71,
        34,
        30,
        37,
        34,
        5,
        40,
        1,
        25,
        22,
        48,
        47,
        50,
        10,
        10,
        58,
        17,
        10,
        36,
        3,
        25,
        24,
        73,
        27,
        42,
        5,
        3,
        4,
        3,
        21,
        50,
        45,
        1,
        14,
        6,
        23,
        36,
        40,
        6,
        3,
        57,
        32,
        2,
        57,
        9,
        12,
        46,
        15,
        27,
        29,
        12,
        68,
        33,
        21,
        56,
        21,
        31,
        51,
        74,
        37,
        20,
        49,
        49,
        56,
        13,
        3,
        6,
        23,
        9,
        18,
        43,
        24,
        45,
        18,
        64,
        64,
        12,
        6,
        10,
        21,
        7,
        10,
        17,
        32,
        6,
        52,
        60,
        20,
        14,
        36,
        53,
        15,
        1,
        41,
        64,
        1,
        6,
        11,
        6,
        21,
        43,
        40,
        6,
        18,
        43,
        36,
        33,
        26,
        12,
        17,
        9,
        36,
        73,
        19,
        6,
        47,
        20,
        12,
        6,
        7,
        35,
        25,
        30,
        19,
        9,
        29,
        41,
        4,
        12,
        32,
        11,
        9,
        13,
        32,
        55,
        37,
        19,
        5,
        27,
        8,
        61,
        50,
        34,
        50,
        20,
        46,
        48,
        67,
        51,
        29,
        28,
        12,
        17,
        2,
        23,
        57,
        30,
        51,
        16,
        25,
        62,
        1,
        1,
        23,
        28,
        18,
        13,
        47,
        43,
        61,
        44,
        3,
        2,
        23,
        8,
        2,
        52,
        29,
        18,
        35,
        30,
        23,
        40,
        1,
        3,
        48,
        72,
        27,
        3,
        10,
        14,
        28,
        4,
        31,
        11,
        11,
        61,
        62,
        5,
        35,
        62,
        26,
        8,
        9,
        24,
        34,
        1,
        4,
        1,
        44,
        68,
        35,
        20,
        48,
        57,
        38,
        30,
        56,
        19,
        55,
        17,
        24,
        56,
        45,
        12,
        8,
        10,
        28,
        10,
        10,
        2,
        33,
        1,
        41,
        32,
        57,
        33,
        28,
        29,
        8,
        48,
        26,
        48,
        46,
        26,
        20,
        18,
        18,
        8,
        9,
        40,
        44,
        69,
        42,
        40,
        42,
        4,
        34,
        60,
        24,
        14,
        30,
        8,
        44,
        22,
        35,
        15,
        1,
        38,
        15,
        3,
        41,
        23,
        30,
        44,
        49,
        19,
        18,
        23,
        60,
        4,
        24,
        49,
        8,
        40,
        11,
        66,
        9,
        9,
        10,
        61,
        63,
        8,
        8,
        42,
        24,
        8,
        7,
        1,
        27,
        15,
        19,
        62,
        17,
        44,
        2,
        36,
        16,
        28,
        6,
        4,
        27,
        71,
        28,
        61,
        12,
        21,
        19,
        18,
        1,
        34,
        10,
        49,
        22,
        30,
        61,
        12,
        9,
        13,
        41,
        74,
        20,
        1,
        33,
        10,
        30,
        16,
        43,
        5,
        10,
        2,
        63,
        34,
        15,
        23,
        24,
        67,
        23,
        3,
        6,
        23,
        43,
        61,
        2,
        67,
        59,
        54,
        57,
        2,
        3,
        1,
        8,
        20,
        33,
        18,
        24,
        48,
        1,
        1,
        64,
        27,
        41,
        64,
        26,
        16,
        59,
        8,
        6,
        60,
        67,
        2,
