{
    "min_time": 0.000997781753540039,
    "max_time": 0.11500024795532227,
    "all_time": 0.015377320289611817,
    "min_round": 5,
    "max_round": 9779,
    "all_rounds": 2965174,
    "more_winner": 0,
    "winner": [
        14,
        1,
        33,
        10,
        3,
        18,
        26,
        30,
        11,
        47,
        7,
        24,
        9,
        2,
        8,
        19,
        2,
        2,
        14,
        2,
        30,
        49,
        27,
        45,
        5,
        46,
        44,
        13,
        47,
        44,
        8,
        6,
        36,
        6,
        25,
        43,
        20,
        17,
        21,
        5,
        1,
        21,
        25,
        4,
        25,
        35,
        46,
        31,
        39,
        11,
        32,
        47,
        34,
        49,
        52,
        51,
        28,
        1,
        35,
        10,
        43,
        20,
        43,
        45,
        34,
        32,
        2,
        9,
        2,
        11,
        20,
        12,
        31,
        1,
        6,
        5,
        22,
        3,
        2,
        5,
        37,
        10,
        1,
        30,
        15,
        38,
        3,
        34,
        29,
        33,
        46,
        26,
        3,
        49,
        43,
        23,
        10,
        41,
        19,
        37,
        38,
        29,
        27,
        21,
        17,
        44,
        34,
        51,
        51,
        52,
        34,
        27,
        16,
        21,
        24,
        15,
        2,
        11,
        6,
        12,
        38,
        10,
        29,
        48,
        7,
        14,
        19,
        4,
        9,
        13,
        16,
        13,
        44,
        19,
        45,
        28,
        16,
        20,
        23,
        4,
        7,
        9,
        35,
        43,
        8,
        13,
        27,
        22,
        21,
        18,
        23,
        43,
        9,
        50,
        31,
        28,
        38,
        1,
        15,
        28,
        50,
        17,
        17,
        8,
        8,
        13,
        29,
        52,
        1,
        19,
        16,
        37,
        41,
        13,
        9,
        25,
        20,
        16,
        26,
        42,
        12,
        9,
        14,
        4,
        48,
        33,
        2,
        2,
        35,
        6,
        27,
        43,
        10,
        9,
        36,
        39,
        19,
        34,
        34,
        38,
        1,
        18,
        18,
        10,
        1,
        14,
        7,
        31,
        5,
        43,
        26,
        13,
        12,
        13,
        14,
        3,
        51,
        18,
        13,
        29,
        16,
        5,
        1,
        3,
        14,
        27,
        3,
        7,
        45,
        41,
        8,
        37,
        6,
        35,
        25,
        14,
        43,
        39,
        18,
        38,
        21,
        1,
        25,
        18,
        6,
        38,
        15,
        51,
        8,
        43,
        44,
        2,
        11,
        5,
        35,
        50,
        41,
        8,
        32,
        10,
        1,
        12,
        6,
        23,
        36,
        52,
        31,
        28,
        30,
        24,
        27,
        24,
        44,
        6,
        7,
        10,
        42,
        8,
        45,
        10,
        8,
        27,
        18,
        11,
        14,
        12,
        38,
        10,
        7,
        6,
        37,
        46,
        51,
        15,
        24,
        38,
        20,
        10,
        41,
        30,
        48,
        30,
        22,
        19,
        15,
        2,
        33,
        9,
        7,
        4,
        29,
        30,
        19,
        22,
        51,
        48,
        22,
        27,
        6,
        4,
        28,
        18,
        26,
        21,
        34,
        28,
        8,
        20,
        15,
        6,
        2,
        11,
        20,
        45,
        6,
        12,
        40,
        12,
        23,
        34,
        51,
        21,
        32,
        7,
        15,
        40,
        6,
        4,
        24,
        29,
        14,
        29,
        23,
        31,
        32,
        7,
        49,
        35,
        31,
        4,
        39,
        4,
        13,
        19,
        5,
        1,
        46,
        11,
        10,
        44,
        43,
        27,
        44,
        17,
        3,
        35,
        15,
        3,
        15,
        44,
        3,
        2,
        38,
        16,
        19,
        1,
        11,
        31,
        7,
        44,
        28,
        6,
        27,
        9,
        25,
        12,
        8,
        44,
        48,
        9,
        2,
        51,
        18,
        8,
        15,
        31,
        14,
        7,
        37,
        12,
        46,
        19,
        51,
        15,
        6,
        9,
        50,
        41,
        50,
        17,
        48,
        19,
        21,
        17,
        25,
        44,
        8,
        3,
        51,
        2,
        23,
        31,
        11,
        6,
        5,
        38,
        8,
        18,
        34,
        19,
        46,
        18,
        49,
        33,
        40,
        17,
        44,
        15,
        42,
        10,
        5,
        7,
        44,
        10,
        32,
        7,
        2,
        21,
        35,
        29,
        26,
        10,
        2,
        47,
        8,
        13,
        10,
        32,
        24,
        12,
        50,
        27,
        20,
        4,
        19,
        52,
        36,
        23,
        4,
        25,
        37,
        2,
        38,
        4,
        10,
        52,
        21,
        33,
        10,
        21,
        42,
        34,
        52,
        15,
        30,
        4,
        50,
        14,
        7,
        1,
        9,
        43,
        27,
        37,
        42,
        32,
        6,
        18,
        6,
        14,
        14,
        11,
        4,
        49,
        29,
        8,
        8,
        51,
        27,
        20,
        21,
        1,
        7,
        9,
        47,
        20,
        44,
        1,
        21,
        48,
        31,
        47,
        7,
        50,
        12,
        29,
        2,
        14,
        20,
        3,
        34,
        35,
        49,
        4,
        2,
        3,
        10,
        28,
        34,
        51,
        18,
        22,
        6,
        34,
        31,
        3,
        19,
        2,
        32,
        12,
        37,
        36,
        7,
        5,
        43,
        16,
        1,
        3,
        49,
        10,
        31,
        11,
        18,
        9,
        2,
        6,
        6,
        20,
        13,
        21,
        4,
        7,
        25,
        11,
        18,
        33,
        41,
        36,
        46,
        20,
        48,
        12,
        35,
        6,
        28,
        30,
        4,
        17,
        22,
        30,
        1,
        7,
        7,
        11,
        1,
        15,
        11,
        24,
        9,
        14,
