{
    "min_time": 0.0009992122650146484,
    "max_time": 0.0410003662109375,
    "all_time": 0.012695171594619751,
    "min_round": 138,
    "max_round": 7300,
    "all_rounds": 2118606,
    "more_winner": 0,
    "winner": [
        13,
        11,
        10,
        8,
        7,
        12,
        5,
        11,
        9,
        17,
        8,
        9,
        5,
        12,
        12,
        6,
        5,
        10,
        6,
        6,
        6,
        3,
        21,
        12,
        4,
        16,
        17,
        3,
        10,
        10,
        3,
        8,
        20,
        6,
        13,
        8,
        5,
        20,
        5,
        15,
        1,
        4,
        5,
        16,
        20,
        7,
        1,
        15,
        13,
        6,
        1,
        21,
        18,
        2,
        6,
        2,
        7,
        12,
        1,
        6,
        8,
        13,
        4,
        4,
        22,
        3,
        1,
        20,
        14,
        13,
        5,
        11,
        11,
        4,
        12,
        5,
        6,
        2,
        7,
        16,
        10,
        13,
        10,
        2,
        19,
        2,
        6,
        7,
        4,
        19,
        10,
        14,
        12,
        5,
        16,
        13,
        6,
        9,
        1,
        4,
        4,
        3,
        5,
        2,
        3,
        3,
        7,
        18,
        4,
        2,
        3,
        17,
        21,
        5,
        16,
        7,
        18,
        11,
        3,
        18,
        4,
        2,
        3,
        1,
        20,
        4,
        14,
        19,
        5,
        6,
        3,
        19,
        6,
        10,
        6,
        18,
        7,
        7,
        8,
        1,
        2,
        5,
        11,
        15,
        2,
        7,
        4,
        2,
        3,
        4,
        5,
        17,
        1,
        1,
        2,
        4,
        10,
        20,
        19,
        18,
        1,
        2,
        9,
        1,
        7,
        2,
        12,
        3,
        6,
        7,
        8,
        9,
        2,
        19,
        3,
        10,
        13,
        3,
        4,
        7,
        21,
        22,
        19,
        15,
        2,
        1,
        16,
        1,
        9,
        7,
        7,
        7,
        6,
        19,
        9,
        18,
        19,
        1,
        7,
        5,
        22,
        2,
        15,
        22,
        1,
        1,
        8,
        22,
        12,
        1,
        5,
        14,
        16,
        12,
        2,
        5,
        11,
        1,
        1,
        10,
        6,
        18,
        12,
        7,
        17,
        4,
        2,
        12,
        1,
        10,
        10,
        7,
        18,
        3,
        1,
        15,
        10,
        5,
        1,
        2,
        22,
        19,
        22,
        2,
        4,
        18,
        10,
        2,
        11,
        14,
        15,
        7,
        7,
        8,
        1,
        14,
        3,
        3,
        7,
        19,
        20,
        14,
        17,
        4,
        15,
        3,
        2,
        18,
        13,
        4,
        13,
        14,
        5,
        9,
        18,
        4,
        10,
        5,
        1,
        8,
        11,
        1,
        7,
        3,
        1,
        19,
        16,
        7,
        4,
        17,
        17,
        8,
        11,
        4,
        15,
        12,
        2,
        20,
        6,
        1,
        5,
        21,
        1,
        5,
        8,
        13,
        1,
        5,
        7,
        19,
        20,
        19,
        10,
        12,
        5,
        7,
        11,
        8,
        5,
        1,
        9,
        10,
        6,
        1,
        10,
        10,
        4,
        22,
        16,
        3,
        15,
        5,
        7,
        4,
        8,
        6,
        9,
        11,
        8,
        11,
        9,
        1,
        13,
        8,
        1,
        1,
        1,
        7,
        3,
        3,
        13,
        1,
        13,
        5,
        10,
        1,
        18,
        18,
        8,
        14,
        1,
        15,
        5,
        10,
        1,
        7,
        9,
        14,
        15,
        3,
        16,
        2,
        5,
        21,
        13,
        7,
        22,
        4,
        9,
        8,
        3,
        13,
        5,
        3,
        18,
        8,
        3,
        16,
        10,
        19,
        10,
        5,
        1,
        10,
        8,
        7,
        9,
        11,
        2,
        12,
        7,
        9,
        14,
        2,
        2,
        1,
        19,
        2,
        6,
        15,
        1,
        4,
        14,
        19,
        13,
        2,
        1,
        6,
        18,
        15,
        4,
        1,
        11,
        12,
        2,
        3,
        16,
        3,
        12,
        7,
        1,
        11,
        2,
        1,
        3,
        5,
        3,
        1,
        5,
        5,
        14,
        6,
        15,
        20,
        22,
        9,
        1,
        6,
        6,
        7,
        2,
        21,
        6,
        4,
        14,
        2,
        5,
        14,
        4,
        20,
        22,
        3,
        18,
        9,
        1,
        14,
        8,
        4,
        18,
        11,
        10,
        5,
        2,
        20,
        15,
        12,
        1,
        19,
        11,
        6,
        8,
        1,
        10,
        2,
        13,
        3,
        7,
        14,
        10,
        5,
        3,
        1,
        21,
        20,
        2,
        5,
        4,
        3,
        4,
        4,
        19,
        22,
        14,
        10,
        10,
        6,
        5,
        5,
        9,
        1,
        2,
        18,
        5,
        11,
        5,
        1,
        13,
        22,
        13,
        3,
        13,
        17,
        2,
        1,
        22,
        4,
        20,
        5,
        5,
        21,
        2,
        7,
        6,
        7,
        9,
        19,
        15,
        17,
        3,
        9,
        2,
        22,
        6,
        18,
        2,
        11,
        1,
        18,
        2,
        14,
        5,
        13,
        2,
        11,
        6,
        22,
        2,
        5,
        14,
        16,
        14,
        10,
        15,
        10,
        14,
        8,
        1,
        7,
        8,
        2,
        3,
        10,
        12,
        3,
        18,
        5,
        6,
        20,
        1,
        10,
        3,
        22,
        18,
        8,
        18,
        15,
        20,
        1,
        16,
        14,
        11,
        15,
        8,
        22,
        6,
        12,
        10,
        2,
        2,
        13,
        10,
        17,
        11,
        10,
        15,
        16,
        3,
        22,
        1,
        13,
        9,
        1,
        2,
        5,
        7,
        4,
        19,
        2,
        1,
        13,
        13,
        8,
        21,
        11,
