{
    "min_time": 0.0009980201721191406,
    "max_time": 0.08499693870544434,
    "all_time": 0.021839027881622314,
    "min_round": 5,
    "max_round": 18200,
    "all_rounds": 5020601,
    "more_winner": 0,
    "winner": [
        54,
        51,
        42,
        1,
        15,
        5,
        18,
        21,
        28,
        17,
        4,
        53,
        40,
        41,
        47,
        23,
        75,
        24,
        36,
        45,
        30,
        74,
        68,
        47,
        39,
        5,
        50,
        4,
        51,
        82,
        51,
        43,
        6,
        40,
        20,
        4,
        56,
        4,
        64,
        63,
        22,
        76,
        10,
        57,
        34,
        43,
        8,
        85,
        16,
        9,
        10,
        74,
        14,
        15,
        5,
        8,
        26,
        28,
        31,
        64,
        24,
        26,
        58,
        49,
        23,
        59,
        79,
        46,
        14,
        30,
        39,
        8,
        23,
        34,
        66,
        12,
        17,
        45,
        30,
        4,
        9,
        6,
        3,
        8,
        14,
        21,
        12,
        1,
        64,
        10,
        50,
        7,
        76,
        6,
        38,
        2,
        3,
        12,
        85,
        45,
        68,
        9,
        7,
        68,
        13,
        21,
        54,
        81,
        47,
        45,
        77,
        9,
        9,
        39,
        11,
        36,
        45,
        42,
        51,
        75,
        83,
        2,
        63,
        42,
        4,
        10,
        1,
        17,
        41,
        71,
        46,
        60,
        8,
        63,
        45,
        43,
        17,
        2,
        34,
        70,
        19,
        72,
        52,
        24,
        60,
        37,
        12,
        14,
        65,
        16,
        2,
        64,
        23,
        33,
        4,
        77,
        8,
        68,
        24,
        72,
        12,
        67,
        74,
        9,
        9,
        17,
        61,
        56,
        25,
        36,
        7,
        43,
        38,
        37,
        37,
        19,
        9,
        77,
        6,
        5,
        42,
        7,
        36,
        68,
        9,
        42,
        1,
        25,
        80,
        26,
        74,
        42,
        54,
        1,
        50,
        77,
        7,
        35,
        29,
        3,
        6,
        1,
        18,
        2,
        67,
        27,
        2,
        25,
        29,
        74,
        10,
        63,
        17,
        1,
        74,
        10,
        53,
        1,
        9,
        29,
        14,
        28,
        51,
        8,
        9,
        12,
        15,
        76,
        17,
        4,
        34,
        18,
        27,
        71,
        10,
        9,
        26,
        50,
        11,
        36,
        15,
        86,
        18,
        3,
        24,
        1,
        17,
        3,
        24,
        10,
        19,
        58,
        57,
        52,
        25,
        34,
        33,
        42,
        28,
        19,
        63,
        51,
        74,
        68,
        59,
        41,
        16,
        4,
        29,
        63,
        80,
        62,
        35,
        45,
        11,
        11,
        12,
        49,
        25,
        8,
        83,
        41,
        72,
        32,
        9,
        39,
        44,
        33,
        30,
        29,
        13,
        50,
        12,
        17,
        40,
        68,
        7,
        78,
        38,
        3,
        2,
        80,
        7,
        5,
        76,
        33,
        68,
        8,
        22,
        82,
        31,
        22,
        10,
        65,
        2,
        30,
        49,
        13,
        3,
        11,
        37,
        51,
        12,
        64,
        12,
        8,
        33,
        34,
        41,
        76,
        26,
        23,
        46,
        57,
        4,
        41,
        12,
        60,
        36,
        10,
        4,
        6,
        34,
        48,
        5,
        36,
        27,
        11,
        67,
        55,
        20,
        53,
        24,
        68,
        3,
        54,
        13,
        11,
        21,
        84,
        50,
        14,
        32,
        75,
        27,
        33,
        46,
        42,
        7,
        10,
        66,
        81,
        11,
        41,
        7,
        8,
        66,
        8,
        39,
        59,
        33,
        2,
        16,
        38,
        22,
        36,
        7,
        45,
        66,
        8,
        43,
        82,
        11,
        31,
        43,
        29,
        52,
        27,
        5,
        57,
        57,
        34,
        52,
        16,
        70,
        82,
        3,
        69,
        23,
        31,
        8,
        28,
        58,
        17,
        24,
        29,
        37,
        22,
        32,
        1,
        14,
        64,
        7,
        51,
        4,
        2,
        42,
        10,
        10,
        64,
        24,
        42,
        47,
        5,
        68,
        30,
        5,
        60,
        2,
        39,
        6,
        13,
        7,
        25,
        13,
        10,
        6,
        28,
        14,
        42,
        27,
        25,
        58,
        78,
        23,
        9,
        4,
        69,
        46,
        39,
        3,
        55,
        15,
        38,
        14,
        20,
        42,
        6,
        40,
        27,
        85,
        9,
        63,
        3,
        13,
        17,
        41,
        55,
        30,
        61,
        44,
        12,
        13,
        86,
        86,
        22,
        16,
        28,
        40,
        44,
        18,
        34,
        32,
        19,
        9,
        35,
        2,
        5,
        58,
        24,
        31,
        19,
        10,
        5,
        4,
        55,
        57,
        22,
        12,
        6,
        39,
        59,
        11,
        1,
        10,
        16,
        55,
        40,
        1,
        12,
        40,
        38,
        6,
        53,
        28,
        12,
        55,
        73,
        31,
        29,
        29,
        32,
        46,
        15,
        51,
        32,
        81,
        8,
        45,
        8,
        33,
        24,
        51,
        29,
        74,
        1,
        1,
        77,
        11,
        3,
        9,
        45,
        19,
        14,
        79,
        53,
        53,
        71,
        42,
        36,
        60,
        25,
        60,
        21,
        15,
        29,
        49,
        40,
        2,
        17,
        85,
        4,
        65,
        42,
        75,
        56,
        48,
        24,
        52,
        80,
        16,
        30,
        8,
        51,
        19,
        6,
        33,
        9,
        81,
        69,
        5,
        26,
        23,
        47,
        2,
        8,
        48,
        12,
        86,
        5,
        9,
        77,
        45,
        2,
        14,
        1,
        17,
