{
    "min_time": 0.0,
    "max_time": 0.07399988174438477,
    "all_time": 0.019181001901626585,
    "min_round": 5,
    "max_round": 14964,
    "all_rounds": 4469421,
    "more_winner": 0,
    "winner": [
        16,
        61,
        49,
        5,
        66,
        64,
        22,
        42,
        40,
        11,
        10,
        52,
        17,
        7,
        27,
        40,
        22,
        51,
        14,
        33,
        46,
        16,
        6,
        24,
        15,
        3,
        20,
        66,
        30,
        42,
        59,
        30,
        51,
        28,
        6,
        34,
        45,
        49,
        49,
        57,
        31,
        68,
        6,
        27,
        27,
        1,
        4,
        6,
        49,
        22,
        11,
        2,
        23,
        48,
        2,
        6,
        10,
        43,
        64,
        62,
        24,
        53,
        11,
        18,
        1,
        5,
        42,
        5,
        8,
        37,
        14,
        3,
        57,
        72,
        40,
        9,
        57,
        24,
        3,
        25,
        23,
        59,
        1,
        7,
        2,
        27,
        19,
        30,
        29,
        75,
        2,
        15,
        7,
        19,
        17,
        20,
        21,
        73,
        64,
        8,
        3,
        61,
        42,
        35,
        44,
        4,
        31,
        39,
        40,
        1,
        44,
        28,
        46,
        17,
        7,
        20,
        14,
        25,
        64,
        1,
        38,
        8,
        39,
        7,
        11,
        54,
        25,
        54,
        34,
        18,
        51,
        43,
        16,
        70,
        50,
        5,
        9,
        39,
        23,
        74,
        37,
        12,
        7,
        60,
        7,
        58,
        5,
        71,
        47,
        37,
        66,
        6,
        1,
        5,
        28,
        5,
        14,
        4,
        3,
        42,
        24,
        16,
        7,
        59,
        29,
        65,
        27,
        66,
        18,
        43,
        10,
        40,
        36,
        4,
        41,
        59,
        6,
        3,
        18,
        6,
        30,
        7,
        44,
        7,
        24,
        9,
        12,
        51,
        15,
        54,
        8,
        22,
        20,
        20,
        17,
        4,
        5,
        36,
        5,
        4,
        33,
        53,
        75,
        21,
        16,
        25,
        21,
        12,
        6,
        56,
        26,
        72,
        9,
        43,
        37,
        2,
        31,
        72,
        2,
        9,
        27,
        44,
        7,
        52,
        22,
        9,
        6,
        48,
        31,
        46,
        67,
        15,
        47,
        70,
        50,
        13,
        55,
        54,
        21,
        34,
        21,
        59,
        44,
        17,
        8,
        49,
        75,
        50,
        11,
        42,
        10,
        30,
        38,
        71,
        32,
        34,
        9,
        31,
        33,
        9,
        29,
        56,
        8,
        3,
        17,
        7,
        32,
        20,
        7,
        10,
        41,
        9,
        15,
        66,
        27,
        39,
        67,
        66,
        70,
        2,
        68,
        58,
        46,
        5,
        62,
        42,
        13,
        32,
        51,
        3,
        29,
        19,
        4,
        9,
        26,
        63,
        1,
        9,
        13,
        23,
        19,
        38,
        67,
        68,
        14,
        23,
        67,
        12,
        50,
        18,
        11,
        37,
        69,
        8,
        36,
        32,
        47,
        66,
        8,
        62,
        42,
        50,
        11,
        35,
        73,
        18,
        7,
        57,
        29,
        70,
        68,
        45,
        27,
        10,
        51,
        6,
        7,
        64,
        22,
        42,
        53,
        43,
        41,
        39,
        6,
        41,
        2,
        36,
        20,
        22,
        23,
        23,
        75,
        18,
        17,
        44,
        44,
        54,
        25,
        34,
        5,
        17,
        44,
        9,
        11,
        64,
        14,
        42,
        14,
        3,
        6,
        40,
        26,
        58,
        48,
        23,
        26,
        55,
        39,
        9,
        23,
        12,
        33,
        55,
        40,
        70,
        23,
        46,
        30,
        54,
        40,
        9,
        11,
        12,
        12,
        25,
        57,
        46,
        16,
        36,
        42,
        7,
        66,
        2,
        11,
        62,
        7,
        62,
        22,
        11,
        23,
        14,
        72,
        12,
        4,
        37,
        66,
        61,
        56,
        66,
        22,
        34,
        2,
        55,
        25,
        31,
        23,
        1,
        63,
        12,
        66,
        1,
        51,
        10,
        22,
        11,
        55,
        51,
        36,
        41,
        32,
        72,
        26,
        2,
        26,
        9,
        4,
        12,
        20,
        4,
        24,
        65,
        2,
        59,
        58,
        15,
        1,
        56,
        15,
        2,
        62,
        74,
        53,
        27,
        44,
        7,
        61,
        17,
        39,
        21,
        39,
        8,
        21,
        21,
        21,
        40,
        42,
        63,
        3,
        34,
        47,
        8,
        14,
        35,
        14,
        43,
        56,
        48,
        8,
        5,
        67,
        8,
        5,
        1,
        11,
        2,
        52,
        38,
        49,
        16,
        47,
        11,
        16,
        32,
        69,
        20,
        35,
        31,
        8,
        69,
        1,
        56,
        27,
        60,
        40,
        19,
        52,
        67,
        17,
        6,
        52,
        20,
        20,
        9,
        45,
        43,
        1,
        32,
        28,
        19,
        32,
        51,
        4,
        4,
        67,
        11,
        38,
        20,
        16,
        2,
        24,
        32,
        26,
        53,
        40,
        33,
        5,
        13,
        9,
        38,
        16,
        26,
        12,
        12,
        62,
        14,
        59,
        30,
        57,
        35,
        28,
        5,
        13,
        49,
        15,
        28,
        61,
        3,
        32,
        8,
        11,
        21,
        4,
        49,
        13,
        39,
        13,
        10,
        10,
        65,
        25,
        7,
        30,
        3,
        40,
        59,
        66,
        27,
        16,
        10,
        29,
        8,
        58,
        24,
        2,
        49,
        10,
        18,
        8,
        11,
        7,
        30,
        68,
        27,
        13,
        37,
        37,
        36,
        2,
