{
    "min_time": 0.0,
    "max_time": 0.0729975700378418,
    "all_time": 0.01573340606689453,
    "min_round": 5,
    "max_round": 10326,
    "all_rounds": 2975444,
    "more_winner": 0,
    "winner": [
        30,
        26,
        35,
        3,
        1,
        26,
        5,
        1,
        26,
        13,
        14,
        7,
        5,
        42,
        45,
        20,
        37,
        21,
        46,
        18,
        30,
        18,
        47,
        28,
        25,
        24,
        47,
        44,
        10,
        8,
        34,
        14,
        50,
        51,
        2,
        27,
        38,
        2,
        10,
        3,
        44,
        20,
        7,
        5,
        35,
        2,
        2,
        15,
        18,
        34,
        7,
        22,
        1,
        7,
        3,
        6,
        8,
        12,
        27,
        18,
        40,
        9,
        44,
        21,
        34,
        41,
        28,
        31,
        22,
        5,
        5,
        2,
        4,
        14,
        18,
        25,
        17,
        16,
        51,
        29,
        35,
        6,
        18,
        30,
        1,
        39,
        8,
        17,
        5,
        5,
        10,
        20,
        18,
        21,
        38,
        17,
        2,
        5,
        12,
        6,
        4,
        20,
        19,
        42,
        44,
        12,
        36,
        6,
        45,
        12,
        7,
        49,
        24,
        25,
        11,
        48,
        7,
        43,
        23,
        35,
        23,
        14,
        5,
        17,
        5,
        20,
        9,
        1,
        5,
        8,
        18,
        19,
        39,
        22,
        29,
        16,
        42,
        10,
        37,
        7,
        28,
        33,
        7,
        12,
        10,
        11,
        10,
        10,
        17,
        19,
        25,
        15,
        1,
        6,
        50,
        1,
        26,
        1,
        23,
        25,
        35,
        40,
        26,
        20,
        4,
        9,
        41,
        42,
        2,
        25,
        1,
        26,
        32,
        3,
        2,
        13,
        11,
        15,
        7,
        6,
        4,
        26,
        14,
        28,
        7,
        6,
        28,
        5,
        12,
        41,
        24,
        39,
        11,
        31,
        26,
        1,
        4,
        7,
        25,
        11,
        2,
        11,
        1,
        14,
        22,
        8,
        20,
        8,
        35,
        48,
        3,
        30,
        15,
        39,
        45,
        21,
        14,
        17,
        4,
        1,
        19,
        6,
        30,
        38,
        50,
        20,
        8,
        36,
        44,
        1,
        29,
        1,
        13,
        51,
        7,
        18,
        7,
        7,
        19,
        12,
        36,
        47,
        36,
        32,
        9,
        13,
        40,
        22,
        39,
        3,
        26,
        28,
        47,
        14,
        37,
        48,
        50,
        27,
        21,
        20,
        24,
        28,
        45,
        2,
        43,
        22,
        16,
        46,
        14,
        15,
        11,
        32,
        44,
        24,
        38,
        30,
        18,
        23,
        9,
        25,
        4,
        2,
        25,
        2,
        10,
        15,
        9,
        23,
        6,
        49,
        2,
        4,
        8,
        46,
        12,
        8,
        33,
        25,
        2,
        28,
        33,
        19,
        13,
        5,
        44,
        23,
        1,
        39,
        29,
        12,
        6,
        8,
        9,
        13,
        22,
        41,
        16,
        9,
        3,
        38,
        4,
        3,
        7,
        26,
        33,
        17,
        19,
        4,
        30,
        44,
        22,
        14,
        1,
        3,
        29,
        32,
        24,
        20,
        9,
        9,
        47,
        32,
        20,
        22,
        5,
        5,
        32,
        1,
        18,
        23,
        11,
        3,
        36,
        37,
        25,
        28,
        47,
        21,
        7,
        22,
        11,
        5,
        38,
        19,
        14,
        34,
        9,
        1,
        39,
        16,
        43,
        14,
        15,
        25,
        27,
        3,
        3,
        37,
        46,
        51,
        36,
        29,
        9,
        50,
        48,
        39,
        10,
        50,
        25,
        24,
        14,
        19,
        45,
        18,
        29,
        4,
        1,
        44,
        41,
        34,
        24,
        17,
        7,
        22,
        8,
        2,
        1,
        12,
        36,
        24,
        34,
        30,
        5,
        32,
        12,
        16,
        47,
        4,
        21,
        4,
        27,
        9,
        49,
        2,
        40,
        33,
        24,
        3,
        32,
        50,
        2,
        26,
        13,
        41,
        9,
        18,
        49,
        2,
        7,
        22,
        19,
        1,
        26,
        3,
        8,
        1,
        1,
        14,
        21,
        17,
        8,
        9,
        31,
        15,
        18,
        22,
        33,
        7,
        17,
        6,
        15,
        41,
        1,
        7,
        43,
        3,
        3,
        28,
        15,
        35,
        30,
        10,
        47,
        8,
        20,
        29,
        1,
        17,
        20,
        14,
        28,
        44,
        38,
        48,
        2,
        19,
        33,
        1,
        27,
        17,
        10,
        1,
        25,
        50,
        6,
        46,
        8,
        49,
        5,
        28,
        26,
        30,
        21,
        14,
        1,
        19,
        25,
        25,
        20,
        6,
        35,
        8,
        17,
        40,
        50,
        10,
        8,
        5,
        43,
        50,
        10,
        36,
        46,
        7,
        4,
        3,
        15,
        36,
        7,
        34,
        27,
        28,
        10,
        31,
        7,
        14,
        7,
        41,
        11,
        11,
        4,
        16,
        9,
        27,
        6,
        47,
        50,
        1,
        7,
        20,
        1,
        2,
        19,
        8,
        11,
        9,
        5,
        8,
        7,
        20,
        2,
        32,
        38,
        47,
        12,
        15,
        15,
        36,
        38,
        32,
        17,
        20,
        7,
        1,
        1,
        12,
        18,
        2,
        22,
        31,
        8,
        6,
        29,
        9,
        13,
        47,
        15,
        1,
        13,
        5,
        13,
        15,
        20,
        8,
        9,
        10,
        40,
        46,
        13,
        35,
        9,
        6,
        1,
        30,
        22,
        12,
        2,
        2,
        13,
        39,
        13,
        16,
        21,
