{
    "min_time": 0.0,
    "max_time": 0.1100013256072998,
    "all_time": 0.01699570870399475,
    "min_round": 5,
    "max_round": 10437,
    "all_rounds": 3040690,
    "more_winner": 0,
    "winner": [
        39,
        15,
        15,
        28,
        18,
        22,
        34,
        14,
        9,
        18,
        38,
        50,
        32,
        11,
        6,
        4,
        15,
        26,
        53,
        35,
        15,
        33,
        16,
        39,
        23,
        3,
        18,
        15,
        41,
        12,
        15,
        10,
        12,
        14,
        36,
        7,
        16,
        39,
        36,
        11,
        10,
        38,
        17,
        50,
        22,
        45,
        53,
        17,
        18,
        11,
        27,
        3,
        48,
        22,
        39,
        16,
        15,
        39,
        9,
        4,
        34,
        27,
        1,
        17,
        15,
        7,
        30,
        14,
        16,
        13,
        28,
        46,
        50,
        31,
        1,
        27,
        41,
        11,
        9,
        22,
        34,
        28,
        13,
        6,
        23,
        34,
        3,
        21,
        30,
        52,
        32,
        49,
        50,
        22,
        36,
        7,
        20,
        10,
        51,
        41,
        24,
        11,
        20,
        33,
        36,
        19,
        6,
        48,
        22,
        53,
        13,
        20,
        13,
        3,
        49,
        31,
        6,
        34,
        20,
        17,
        11,
        9,
        16,
        25,
        16,
        6,
        1,
        5,
        49,
        5,
        36,
        5,
        31,
        9,
        21,
        51,
        38,
        7,
        47,
        10,
        21,
        4,
        22,
        18,
        1,
        6,
        53,
        35,
        19,
        10,
        4,
        8,
        22,
        40,
        4,
        1,
        41,
        49,
        33,
        39,
        12,
        35,
        14,
        12,
        7,
        17,
        44,
        18,
        10,
        32,
        49,
        25,
        1,
        13,
        10,
        16,
        25,
        40,
        22,
        2,
        35,
        12,
        14,
        4,
        10,
        3,
        10,
        26,
        53,
        14,
        14,
        40,
        42,
        20,
        21,
        1,
        30,
        28,
        14,
        9,
        32,
        49,
        3,
        4,
        2,
        22,
        47,
        41,
        17,
        3,
        27,
        25,
        17,
        32,
        3,
        2,
        28,
        7,
        38,
        45,
        10,
        1,
        5,
        21,
        24,
        44,
        51,
        4,
        50,
        40,
        39,
        32,
        16,
        13,
        11,
        28,
        8,
        30,
        47,
        6,
        46,
        31,
        2,
        41,
        22,
        1,
        49,
        12,
        1,
        15,
        8,
        53,
        36,
        2,
        23,
        11,
        28,
        42,
        39,
        25,
        26,
        4,
        6,
        9,
        36,
        28,
        11,
        6,
        35,
        19,
        38,
        26,
        53,
        16,
        27,
        5,
        42,
        2,
        39,
        15,
        24,
        36,
        25,
        38,
        1,
        38,
        18,
        2,
        21,
        1,
        44,
        33,
        17,
        13,
        27,
        23,
        37,
        20,
        18,
        6,
        2,
        11,
        35,
        25,
        4,
        38,
        13,
        38,
        42,
        49,
        2,
        53,
        34,
        10,
        31,
        24,
        4,
        51,
        4,
        6,
        6,
        11,
        6,
        26,
        19,
        43,
        37,
        25,
        1,
        1,
        7,
        25,
        18,
        3,
        50,
        24,
        8,
        29,
        33,
        33,
        3,
        9,
        47,
        14,
        1,
        28,
        34,
        11,
        6,
        32,
        18,
        37,
        17,
        1,
        19,
        7,
        37,
        29,
        17,
        16,
        23,
        46,
        44,
        7,
        14,
        10,
        37,
        43,
        11,
        47,
        36,
        8,
        36,
        12,
        29,
        12,
        37,
        47,
        34,
        39,
        1,
        12,
        20,
        24,
        46,
        11,
        19,
        20,
        44,
        27,
        25,
        17,
        53,
        17,
        19,
        41,
        19,
        31,
        1,
        24,
        15,
        45,
        3,
        13,
        28,
        6,
        4,
        30,
        35,
        5,
        2,
        23,
        50,
        5,
        36,
        42,
        43,
        49,
        14,
        27,
        11,
        12,
        12,
        33,
        40,
        1,
        22,
        28,
        24,
        13,
        12,
        22,
        1,
        34,
        30,
        6,
        13,
        19,
        7,
        9,
        43,
        6,
        18,
        10,
        13,
        8,
        28,
        35,
        23,
        13,
        2,
        11,
        6,
        17,
        2,
        14,
        22,
        21,
        13,
        15,
        51,
        53,
        53,
        1,
        14,
        20,
        5,
        26,
        14,
        40,
        38,
        1,
        14,
        16,
        10,
        13,
        11,
        25,
        32,
        23,
        36,
        30,
        10,
        5,
        28,
        32,
        27,
        3,
        39,
        20,
        18,
        32,
        30,
        19,
        39,
        5,
        15,
        53,
        9,
        8,
        12,
        11,
        1,
        1,
        38,
        10,
        1,
        32,
        2,
        48,
        40,
        5,
        8,
        25,
        5,
        27,
        4,
        12,
        17,
        32,
        2,
        36,
        7,
        47,
        11,
        47,
        2,
        14,
        29,
        36,
        5,
        12,
        3,
        22,
        6,
        13,
        11,
        10,
        7,
        40,
        17,
        19,
        27,
        30,
        39,
        28,
        17,
        2,
        36,
        12,
        49,
        1,
        26,
        2,
        11,
        16,
        30,
        11,
        18,
        6,
        37,
        4,
        23,
        5,
        47,
        16,
        9,
        7,
        28,
        8,
        38,
        8,
        21,
        13,
        53,
        50,
        10,
        24,
        13,
        52,
        3,
        31,
        22,
        22,
        11,
        39,
        3,
        27,
        45,
        3,
        2,
        24,
        2,
        25,
        7,
        17,
        9,
        21,
        17,
        25,
        6,
        4,
        13,
        15,
        32,
        1,
        3,
        53,
        27,
        33,
