{
    "min_time": 0.0,
    "max_time": 0.06399846076965332,
    "all_time": 0.01959903621673584,
    "min_round": 5,
    "max_round": 15245,
    "all_rounds": 4619553,
    "more_winner": 0,
    "winner": [
        48,
        11,
        16,
        14,
        1,
        25,
        73,
        12,
        36,
        17,
        68,
        50,
        26,
        24,
        33,
        71,
        59,
        16,
        58,
        54,
        4,
        23,
        21,
        17,
        4,
        66,
        37,
        15,
        1,
        18,
        17,
        36,
        37,
        62,
        13,
        40,
        58,
        17,
        23,
        5,
        21,
        10,
        9,
        20,
        19,
        18,
        38,
        12,
        75,
        24,
        13,
        10,
        58,
        71,
        17,
        28,
        29,
        56,
        5,
        7,
        11,
        4,
        17,
        14,
        14,
        9,
        49,
        55,
        45,
        28,
        21,
        4,
        46,
        1,
        41,
        39,
        30,
        47,
        20,
        50,
        10,
        2,
        16,
        21,
        6,
        60,
        10,
        30,
        2,
        61,
        23,
        77,
        7,
        35,
        6,
        75,
        4,
        34,
        27,
        8,
        4,
        10,
        75,
        76,
        9,
        73,
        78,
        16,
        5,
        50,
        9,
        8,
        67,
        2,
        36,
        32,
        22,
        19,
        36,
        20,
        9,
        25,
        5,
        17,
        13,
        40,
        12,
        5,
        44,
        53,
        10,
        47,
        69,
        15,
        47,
        59,
        46,
        28,
        1,
        64,
        26,
        2,
        25,
        30,
        75,
        16,
        36,
        37,
        51,
        72,
        29,
        1,
        16,
        45,
        2,
        51,
        38,
        70,
        31,
        54,
        73,
        49,
        30,
        1,
        13,
        64,
        46,
        63,
        39,
        12,
        44,
        28,
        22,
        69,
        37,
        44,
        1,
        28,
        78,
        48,
        8,
        30,
        40,
        41,
        32,
        56,
        6,
        67,
        7,
        52,
        5,
        4,
        25,
        66,
        48,
        16,
        31,
        38,
        34,
        33,
        6,
        28,
        8,
        17,
        14,
        25,
        30,
        61,
        75,
        67,
        3,
        30,
        67,
        10,
        42,
        9,
        13,
        24,
        6,
        24,
        1,
        57,
        21,
        27,
        23,
        22,
        9,
        72,
        35,
        1,
        15,
        4,
        15,
        28,
        1,
        14,
        17,
        20,
        18,
        52,
        66,
        10,
        21,
        23,
        57,
        19,
        1,
        8,
        26,
        36,
        61,
        36,
        27,
        19,
        30,
        42,
        21,
        14,
        38,
        59,
        46,
        10,
        42,
        73,
        1,
        70,
        18,
        48,
        3,
        15,
        22,
        12,
        56,
        53,
        52,
        8,
        24,
        24,
        23,
        34,
        41,
        15,
        1,
        6,
        55,
        7,
        34,
        41,
        5,
        3,
        27,
        21,
        36,
        43,
        22,
        1,
        1,
        74,
        16,
        10,
        15,
        51,
        68,
        37,
        20,
        77,
        42,
        15,
        5,
        47,
        40,
        34,
        27,
        3,
        51,
        44,
        44,
        9,
        60,
        22,
        6,
        11,
        11,
        21,
        72,
        15,
        7,
        43,
        5,
        24,
        10,
        65,
        22,
        41,
        44,
        47,
        9,
        14,
        68,
        37,
        52,
        60,
        9,
        24,
        36,
        49,
        33,
        1,
        30,
        56,
        8,
        6,
        22,
        4,
        36,
        5,
        27,
        31,
        32,
        18,
        33,
        11,
        2,
        42,
        38,
        74,
        54,
        14,
        12,
        1,
        54,
        6,
        73,
        40,
        57,
        6,
        5,
        21,
        22,
        25,
        11,
        55,
        45,
        13,
        19,
        24,
        28,
        13,
        23,
        5,
        70,
        47,
        36,
        18,
        1,
        2,
        15,
        14,
        72,
        15,
        13,
        61,
        14,
        44,
        28,
        23,
        42,
        32,
        60,
        54,
        32,
        3,
        6,
        29,
        70,
        16,
        50,
        34,
        70,
        17,
        41,
        13,
        23,
        23,
        6,
        3,
        36,
        2,
        38,
        33,
        6,
        19,
        25,
        44,
        1,
        3,
        15,
        60,
        76,
        24,
        15,
        63,
        24,
        22,
        63,
        34,
        10,
        29,
        11,
        24,
        23,
        63,
        49,
        25,
        30,
        28,
        39,
        40,
        8,
        20,
        32,
        4,
        3,
        30,
        41,
        21,
        5,
        16,
        23,
        3,
        43,
        9,
        31,
        48,
        16,
        60,
        72,
        62,
        45,
        29,
        62,
        3,
        22,
        58,
        59,
        4,
        4,
        28,
        22,
        48,
        5,
        7,
        9,
        58,
        33,
        57,
        66,
        50,
        15,
        10,
        15,
        72,
        38,
        31,
        25,
        42,
        13,
        30,
        16,
        48,
        47,
        12,
        33,
        38,
        34,
        23,
        31,
        25,
        34,
        76,
        26,
        20,
        64,
        41,
        2,
        18,
        19,
        66,
        22,
        50,
        47,
        65,
        4,
        7,
        17,
        70,
        25,
        22,
        52,
        77,
        17,
        67,
        24,
        50,
        1,
        26,
        4,
        13,
        16,
        58,
        28,
        11,
        1,
        4,
        10,
        78,
        65,
        71,
        47,
        64,
        38,
        22,
        32,
        38,
        78,
        21,
        14,
        19,
        21,
        48,
        47,
        22,
        31,
        35,
        41,
        36,
        60,
        44,
        9,
        40,
        52,
        49,
        55,
        28,
        4,
        37,
        14,
        38,
        1,
        43,
        11,
        59,
        7,
        25,
        36,
        64,
        58,
        52,
        28,
        21,
        67,
        28,
        34,
        5,
        22,
        3,
        3,
