{
    "min_time": 0.0,
    "max_time": 0.11100292205810547,
    "all_time": 0.02443251657485962,
    "min_round": 5,
    "max_round": 19600,
    "all_rounds": 5261830,
    "more_winner": 0,
    "winner": [
        13,
        41,
        24,
        17,
        10,
        22,
        7,
        29,
        6,
        65,
        8,
        9,
        76,
        45,
        2,
        25,
        60,
        37,
        16,
        58,
        61,
        56,
        1,
        19,
        53,
        36,
        36,
        32,
        38,
        33,
        30,
        39,
        63,
        28,
        16,
        65,
        13,
        17,
        3,
        5,
        74,
        22,
        22,
        34,
        32,
        21,
        19,
        43,
        46,
        45,
        67,
        20,
        10,
        15,
        68,
        20,
        16,
        79,
        82,
        9,
        36,
        66,
        20,
        46,
        79,
        48,
        65,
        50,
        75,
        45,
        26,
        42,
        59,
        19,
        32,
        47,
        31,
        77,
        32,
        15,
        47,
        32,
        63,
        16,
        48,
        38,
        74,
        27,
        31,
        9,
        40,
        31,
        16,
        61,
        28,
        62,
        3,
        13,
        27,
        44,
        6,
        21,
        5,
        7,
        2,
        2,
        61,
        55,
        19,
        29,
        10,
        28,
        1,
        38,
        57,
        22,
        21,
        64,
        15,
        39,
        70,
        23,
        13,
        23,
        20,
        53,
        63,
        20,
        16,
        42,
        42,
        26,
        29,
        30,
        29,
        69,
        25,
        51,
        33,
        35,
        8,
        42,
        27,
        73,
        14,
        76,
        12,
        27,
        63,
        15,
        26,
        14,
        8,
        35,
        82,
        65,
        24,
        62,
        4,
        32,
        4,
        6,
        16,
        46,
        73,
        10,
        18,
        37,
        2,
        20,
        8,
        84,
        35,
        9,
        15,
        22,
        21,
        1,
        51,
        31,
        11,
        16,
        15,
        19,
        32,
        73,
        10,
        13,
        6,
        3,
        28,
        64,
        73,
        61,
        35,
        32,
        26,
        28,
        56,
        37,
        40,
        46,
        4,
        14,
        84,
        47,
        44,
        18,
        25,
        5,
        10,
        37,
        13,
        14,
        20,
        40,
        29,
        4,
        20,
        82,
        50,
        70,
        34,
        49,
        80,
        47,
        6,
        29,
        56,
        15,
        20,
        74,
        36,
        70,
        74,
        2,
        17,
        30,
        39,
        18,
        10,
        47,
        9,
        63,
        54,
        18,
        17,
        12,
        11,
        59,
        2,
        32,
        55,
        25,
        82,
        8,
        37,
        52,
        32,
        2,
        36,
        70,
        50,
        48,
        78,
        22,
        26,
        27,
        74,
        17,
        58,
        9,
        40,
        46,
        22,
        2,
        2,
        5,
        16,
        19,
        45,
        70,
        14,
        61,
        2,
        3,
        41,
        29,
        6,
        48,
        7,
        42,
        43,
        47,
        66,
        24,
        63,
        9,
        17,
        48,
        17,
        65,
        44,
        21,
        34,
        22,
        21,
        77,
        17,
        23,
        44,
        20,
        81,
        30,
        9,
        24,
        19,
        21,
        30,
        83,
        16,
        51,
        54,
        52,
        18,
        37,
        73,
        57,
        55,
        13,
        22,
        6,
        16,
        13,
        8,
        38,
        10,
        9,
        42,
        11,
        70,
        21,
        18,
        34,
        59,
        17,
        14,
        1,
        28,
        76,
        49,
        48,
        1,
        34,
        11,
        9,
        23,
        1,
        55,
        1,
        34,
        52,
        81,
        24,
        30,
        41,
        31,
        18,
        52,
        2,
        83,
        40,
        58,
        25,
        41,
        42,
        81,
        25,
        19,
        46,
        27,
        57,
        4,
        64,
        7,
        35,
        2,
        65,
        14,
        80,
        15,
        50,
        19,
        5,
        28,
        45,
        6,
        14,
        42,
        15,
        2,
        11,
        11,
        81,
        17,
        55,
        52,
        2,
        84,
        32,
        14,
        12,
        71,
        42,
        65,
        5,
        9,
        26,
        73,
        69,
        41,
        3,
        20,
        72,
        46,
        20,
        34,
        24,
        66,
        13,
        50,
        76,
        35,
        14,
        23,
        1,
        49,
        4,
        84,
        25,
        43,
        30,
        31,
        26,
        23,
        57,
        54,
        29,
        5,
        39,
        29,
        48,
        18,
        24,
        8,
        68,
        4,
        28,
        28,
        79,
        8,
        43,
        4,
        75,
        78,
        9,
        18,
        30,
        23,
        10,
        27,
        11,
        2,
        30,
        53,
        30,
        71,
        43,
        75,
        31,
        35,
        78,
        68,
        75,
        71,
        73,
        10,
        2,
        40,
        4,
        48,
        54,
        45,
        19,
        21,
        12,
        77,
        25,
        11,
        13,
        50,
        8,
        11,
        50,
        29,
        32,
        2,
        3,
        71,
        3,
        84,
        6,
        28,
        8,
        2,
        6,
        31,
        22,
        33,
        31,
        32,
        43,
        5,
        15,
        36,
        33,
        14,
        1,
        8,
        70,
        12,
        16,
        2,
        6,
        54,
        13,
        69,
        28,
        10,
        22,
        37,
        4,
        21,
        57,
        49,
        55,
        47,
        63,
        32,
        72,
        45,
        14,
        2,
        9,
        6,
        57,
        60,
        38,
        16,
        67,
        63,
        43,
        16,
        22,
        5,
        37,
        31,
        2,
        51,
        11,
        55,
        32,
        71,
        39,
        1,
        62,
        1,
        10,
        27,
        41,
        23,
        9,
        64,
        21,
        60,
        18,
        78,
        62,
        53,
        2,
        67,
        10,
        36,
        4,
        1,
        3,
        40,
        18,
        60,
        33,
        10,
        42,
        43,
        6,
        55,
        38,
