{
    "min_time": 0.00099945068359375,
    "max_time": 0.06200075149536133,
    "all_time": 0.010215881586074829,
    "min_round": 87,
    "max_round": 6100,
    "all_rounds": 1690565,
    "more_winner": 0,
    "winner": [
        20,
        19,
        9,
        12,
        4,
        5,
        16,
        3,
        9,
        8,
        5,
        9,
        16,
        14,
        7,
        7,
        2,
        3,
        6,
        16,
        7,
        1,
        23,
        23,
        1,
        3,
        14,
        2,
        12,
        20,
        12,
        1,
        1,
        6,
        7,
        18,
        16,
        8,
        14,
        16,
        7,
        2,
        18,
        17,
        8,
        12,
        19,
        2,
        7,
        22,
        1,
        16,
        2,
        2,
        18,
        12,
        8,
        8,
        10,
        4,
        8,
        5,
        4,
        3,
        4,
        7,
        11,
        17,
        1,
        6,
        7,
        12,
        9,
        23,
        14,
        19,
        15,
        7,
        16,
        1,
        23,
        11,
        2,
        23,
        3,
        12,
        21,
        13,
        6,
        16,
        7,
        9,
        17,
        10,
        7,
        18,
        21,
        3,
        14,
        3,
        6,
        2,
        21,
        1,
        9,
        1,
        14,
        2,
        9,
        7,
        19,
        12,
        2,
        1,
        4,
        22,
        1,
        17,
        4,
        2,
        3,
        4,
        3,
        15,
        15,
        22,
        5,
        18,
        8,
        19,
        14,
        10,
        2,
        19,
        16,
        11,
        9,
        7,
        3,
        9,
        6,
        8,
        13,
        19,
        17,
        20,
        6,
        10,
        17,
        6,
        10,
        5,
        10,
        15,
        2,
        16,
        12,
        19,
        8,
        5,
        7,
        6,
        5,
        8,
        10,
        8,
        17,
        23,
        9,
        1,
        1,
        12,
        3,
        1,
        8,
        1,
        3,
        9,
        8,
        10,
        1,
        5,
        1,
        9,
        9,
        16,
        12,
        7,
        1,
        13,
        22,
        8,
        23,
        19,
        13,
        13,
        17,
        7,
        5,
        3,
        2,
        10,
        6,
        1,
        1,
        17,
        11,
        2,
        14,
        11,
        2,
        2,
        6,
        10,
        4,
        14,
        8,
        19,
        16,
        22,
        1,
        11,
        2,
        7,
        2,
        2,
        4,
        10,
        17,
        14,
        11,
        10,
        9,
        13,
        18,
        1,
        15,
        10,
        2,
        13,
        7,
        10,
        16,
        3,
        5,
        5,
        17,
        6,
        20,
        4,
        11,
        4,
        17,
        10,
        7,
        6,
        2,
        2,
        12,
        12,
        18,
        1,
        14,
        11,
        13,
        9,
        16,
        12,
        10,
        23,
        7,
        3,
        2,
        20,
        3,
        20,
        14,
        5,
        11,
        5,
        3,
        2,
        10,
        12,
        8,
        6,
        5,
        14,
        7,
        11,
        2,
        14,
        22,
        5,
        8,
        4,
        6,
        10,
        9,
        2,
        21,
        17,
        2,
        1,
        14,
        13,
        11,
        10,
        18,
        17,
        1,
        6,
        9,
        10,
        4,
        16,
        9,
        12,
        3,
        1,
        2,
        2,
        6,
        21,
        1,
        4,
        17,
        6,
        7,
        2,
        2,
        5,
        22,
        23,
        20,
        11,
        5,
        8,
        17,
        12,
        15,
        13,
        12,
        10,
        23,
        2,
        9,
        4,
        2,
        14,
        8,
        9,
        4,
        19,
        4,
        20,
        2,
        5,
        19,
        2,
        5,
        1,
        18,
        22,
        8,
        2,
        4,
        8,
        14,
        23,
        5,
        22,
        12,
        14,
        7,
        15,
        10,
        6,
        14,
        13,
        5,
        7,
        3,
        2,
        1,
        3,
        8,
        5,
        13,
        23,
        9,
        5,
        4,
        7,
        21,
        8,
        2,
        2,
        13,
        23,
        9,
        7,
        14,
        10,
        14,
        6,
        13,
        11,
        14,
        4,
        14,
        1,
        20,
        3,
        11,
        19,
        16,
        9,
        18,
        6,
        3,
        11,
        15,
        8,
        2,
        15,
        20,
        15,
        3,
        14,
        21,
        5,
        2,
        5,
        5,
        23,
        6,
        3,
        8,
        16,
        12,
        9,
        9,
        15,
        20,
        15,
        6,
        19,
        8,
        1,
        2,
        4,
        23,
        16,
        9,
        3,
        5,
        16,
        19,
        3,
        17,
        11,
        1,
        15,
        14,
        5,
        10,
        12,
        6,
        6,
        23,
        3,
        2,
        3,
        4,
        2,
        5,
        15,
        12,
        9,
        3,
        1,
        13,
        13,
        14,
        9,
        5,
        5,
        15,
        6,
        4,
        22,
        3,
        13,
        4,
        4,
        14,
        4,
        7,
        5,
        14,
        14,
        10,
        11,
        4,
        20,
        14,
        4,
        13,
        10,
        5,
        9,
        3,
        17,
        23,
        3,
        2,
        6,
        17,
        3,
        18,
        1,
        12,
        11,
        6,
        2,
        9,
        5,
        21,
        13,
        6,
        22,
        13,
        14,
        16,
        1,
        10,
        9,
        3,
        1,
        8,
        18,
        15,
        6,
        6,
        2,
        13,
        2,
        10,
        18,
        13,
        5,
        17,
        2,
        14,
        3,
        1,
        3,
        2,
        1,
        10,
        5,
        14,
        11,
        11,
        10,
        7,
        5,
        18,
        13,
        20,
        21,
        15,
        5,
        20,
        12,
        17,
        7,
        21,
        9,
        11,
        1,
        10,
        8,
        20,
        21,
        11,
        15,
        11,
        19,
        2,
        18,
        3,
        8,
        18,
        22,
        1,
        19,
        11,
        3,
        19,
        11,
        5,
        2,
        20,
        8,
        17,
        15,
        13,
        17,
        16,
        4,
        14,
        10,
        18,
        10,
        23,
        13,
        10,
        5,
        16,
        12,
