{
    "min_time": 0.0,
    "max_time": 0.059999942779541016,
    "all_time": 0.019721565008163452,
    "min_round": 5,
    "max_round": 15212,
    "all_rounds": 4691088,
    "more_winner": 0,
    "winner": [
        16,
        78,
        67,
        14,
        18,
        38,
        5,
        41,
        6,
        47,
        6,
        62,
        54,
        8,
        73,
        62,
        31,
        12,
        75,
        22,
        50,
        20,
        51,
        20,
        12,
        19,
        50,
        12,
        32,
        46,
        50,
        5,
        21,
        67,
        6,
        14,
        17,
        50,
        5,
        42,
        50,
        46,
        2,
        74,
        12,
        17,
        62,
        22,
        71,
        5,
        40,
        64,
        58,
        57,
        73,
        7,
        4,
        21,
        65,
        66,
        41,
        1,
        13,
        33,
        57,
        32,
        13,
        46,
        34,
        2,
        14,
        31,
        7,
        19,
        22,
        61,
        63,
        7,
        51,
        12,
        40,
        10,
        37,
        5,
        31,
        49,
        27,
        46,
        31,
        3,
        43,
        53,
        19,
        28,
        24,
        45,
        4,
        15,
        13,
        1,
        32,
        32,
        32,
        7,
        14,
        19,
        66,
        6,
        54,
        31,
        2,
        57,
        37,
        34,
        9,
        38,
        8,
        13,
        6,
        5,
        70,
        32,
        40,
        15,
        2,
        27,
        10,
        2,
        10,
        5,
        17,
        48,
        29,
        32,
        59,
        36,
        22,
        16,
        8,
        19,
        32,
        10,
        7,
        45,
        35,
        13,
        44,
        4,
        4,
        49,
        46,
        28,
        32,
        19,
        29,
        51,
        16,
        19,
        4,
        41,
        72,
        25,
        20,
        6,
        23,
        63,
        38,
        12,
        23,
        5,
        17,
        42,
        50,
        75,
        32,
        50,
        33,
        27,
        19,
        1,
        66,
        35,
        65,
        52,
        52,
        27,
        79,
        56,
        63,
        29,
        2,
        24,
        32,
        14,
        22,
        72,
        30,
        42,
        8,
        35,
        36,
        7,
        20,
        33,
        48,
        9,
        25,
        24,
        49,
        28,
        9,
        14,
        38,
        49,
        2,
        4,
        24,
        68,
        17,
        11,
        17,
        11,
        28,
        38,
        47,
        23,
        8,
        7,
        19,
        30,
        41,
        39,
        15,
        26,
        67,
        48,
        10,
        24,
        43,
        43,
        10,
        34,
        40,
        16,
        41,
        34,
        23,
        55,
        31,
        1,
        75,
        31,
        65,
        35,
        41,
        31,
        1,
        18,
        30,
        17,
        9,
        24,
        9,
        2,
        6,
        14,
        44,
        33,
        12,
        59,
        5,
        36,
        8,
        60,
        65,
        67,
        40,
        2,
        60,
        7,
        15,
        49,
        20,
        41,
        2,
        10,
        7,
        50,
        70,
        6,
        23,
        28,
        13,
        46,
        51,
        20,
        17,
        38,
        6,
        18,
        24,
        51,
        12,
        77,
        3,
        7,
        64,
        1,
        41,
        78,
        28,
        21,
        16,
        31,
        29,
        10,
        78,
        46,
        20,
        11,
        30,
        26,
        8,
        22,
        74,
        32,
        50,
        2,
        62,
        44,
        62,
        9,
        40,
        20,
        12,
        7,
        7,
        71,
        35,
        29,
        61,
        32,
        21,
        20,
        39,
        13,
        36,
        2,
        13,
        53,
        3,
        24,
        10,
        22,
        69,
        5,
        33,
        43,
        61,
        72,
        15,
        28,
        22,
        79,
        74,
        62,
        65,
        21,
        73,
        47,
        39,
        11,
        28,
        3,
        6,
        17,
        35,
        19,
        13,
        61,
        3,
        12,
        21,
        2,
        70,
        7,
        61,
        5,
        47,
        43,
        26,
        13,
        17,
        15,
        32,
        51,
        8,
        36,
        8,
        42,
        11,
        5,
        13,
        34,
        11,
        39,
        22,
        49,
        42,
        33,
        50,
        9,
        8,
        49,
        18,
        63,
        6,
        9,
        59,
        28,
        18,
        10,
        15,
        75,
        36,
        17,
        25,
        2,
        61,
        9,
        44,
        5,
        29,
        1,
        5,
        56,
        27,
        58,
        20,
        44,
        5,
        68,
        67,
        36,
        4,
        41,
        24,
        48,
        54,
        6,
        33,
        61,
        7,
        20,
        3,
        31,
        5,
        12,
        27,
        39,
        15,
        2,
        2,
        35,
        66,
        30,
        29,
        34,
        1,
        54,
        48,
        22,
        35,
        73,
        37,
        47,
        79,
        29,
        8,
        36,
        5,
        48,
        47,
        73,
        58,
        16,
        28,
        35,
        1,
        10,
        76,
        16,
        17,
        27,
        7,
        6,
        20,
        63,
        21,
        61,
        11,
        31,
        61,
        41,
        16,
        15,
        44,
        17,
        22,
        63,
        7,
        6,
        24,
        19,
        76,
        21,
        21,
        38,
        50,
        27,
        7,
        6,
        9,
        19,
        48,
        34,
        37,
        17,
        1,
        49,
        60,
        44,
        41,
        76,
        57,
        7,
        42,
        7,
        76,
        33,
        3,
        35,
        4,
        21,
        30,
        30,
        37,
        6,
        12,
        58,
        30,
        28,
        76,
        55,
        32,
        9,
        35,
        33,
        54,
        39,
        1,
        1,
        31,
        36,
        77,
        1,
        68,
        41,
        24,
        13,
        52,
        14,
        25,
        19,
        27,
        11,
        20,
        38,
        33,
        42,
        13,
        43,
        13,
        21,
        29,
        35,
        46,
        54,
        72,
        13,
        5,
        43,
        8,
        71,
        73,
        54,
        13,
        41,
        35,
        44,
        59,
        63,
        51,
        25,
        69,
        13,
        36,
