{
    "min_time": 0.000997304916381836,
    "max_time": 0.03900003433227539,
    "all_time": 0.0093718421459198,
    "min_round": 73,
    "max_round": 6000,
    "all_rounds": 1797817,
    "more_winner": 0,
    "winner": [
        17,
        9,
        9,
        8,
        9,
        9,
        5,
        4,
        15,
        2,
        11,
        19,
        7,
        3,
        10,
        2,
        20,
        16,
        6,
        14,
        22,
        8,
        2,
        4,
        3,
        21,
        4,
        6,
        5,
        24,
        8,
        10,
        6,
        2,
        11,
        7,
        12,
        7,
        24,
        5,
        4,
        13,
        1,
        18,
        24,
        19,
        14,
        3,
        13,
        8,
        20,
        1,
        2,
        21,
        10,
        5,
        4,
        18,
        8,
        10,
        7,
        3,
        13,
        24,
        15,
        2,
        2,
        1,
        12,
        22,
        15,
        18,
        14,
        22,
        24,
        9,
        2,
        9,
        9,
        20,
        6,
        6,
        2,
        11,
        11,
        2,
        15,
        18,
        5,
        17,
        7,
        12,
        4,
        13,
        8,
        4,
        8,
        4,
        12,
        8,
        20,
        3,
        3,
        10,
        23,
        17,
        15,
        2,
        9,
        11,
        6,
        16,
        11,
        10,
        16,
        5,
        22,
        6,
        12,
        16,
        2,
        7,
        4,
        16,
        17,
        7,
        4,
        4,
        3,
        7,
        12,
        5,
        1,
        8,
        18,
        3,
        20,
        6,
        7,
        1,
        10,
        5,
        14,
        8,
        1,
        2,
        5,
        1,
        6,
        1,
        2,
        1,
        3,
        19,
        16,
        5,
        1,
        9,
        4,
        2,
        4,
        9,
        16,
        17,
        20,
        8,
        12,
        12,
        10,
        5,
        4,
        11,
        8,
        7,
        8,
        1,
        13,
        9,
        7,
        20,
        12,
        9,
        2,
        5,
        9,
        8,
        8,
        2,
        12,
        18,
        12,
        3,
        7,
        3,
        1,
        5,
        1,
        13,
        22,
        19,
        5,
        2,
        1,
        4,
        8,
        1,
        12,
        1,
        11,
        16,
        3,
        9,
        2,
        12,
        9,
        14,
        21,
        12,
        12,
        14,
        22,
        16,
        3,
        12,
        14,
        1,
        11,
        18,
        4,
        14,
        16,
        23,
        1,
        2,
        2,
        15,
        12,
        1,
        2,
        10,
        8,
        16,
        18,
        22,
        13,
        22,
        1,
        8,
        2,
        7,
        4,
        16,
        9,
        13,
        9,
        15,
        5,
        23,
        10,
        9,
        22,
        17,
        8,
        21,
        23,
        8,
        18,
        9,
        3,
        9,
        17,
        8,
        7,
        9,
        14,
        12,
        10,
        3,
        2,
        19,
        1,
        7,
        8,
        21,
        5,
        4,
        7,
        6,
        14,
        13,
        5,
        2,
        5,
        3,
        2,
        8,
        17,
        16,
        6,
        6,
        9,
        22,
        1,
        10,
        11,
        6,
        2,
        12,
        3,
        24,
        6,
        10,
        24,
        17,
        20,
        10,
        20,
        6,
        5,
        6,
        10,
        6,
        22,
        10,
        7,
        5,
        2,
        14,
        11,
        16,
        3,
        23,
        15,
        21,
        8,
        6,
        3,
        2,
        3,
        14,
        4,
        15,
        9,
        12,
        5,
        11,
        6,
        4,
        18,
        12,
        6,
        24,
        13,
        12,
        22,
        2,
        1,
        3,
        1,
        2,
        21,
        17,
        2,
        21,
        5,
        5,
        14,
        5,
        8,
        13,
        3,
        5,
        3,
        8,
        7,
        2,
        12,
        7,
        5,
        13,
        7,
        7,
        9,
        19,
        21,
        6,
        16,
        20,
        19,
        14,
        17,
        16,
        21,
        23,
        5,
        21,
        8,
        12,
        2,
        13,
        2,
        14,
        4,
        23,
        8,
        18,
        4,
        10,
        11,
        6,
        17,
        22,
        1,
        14,
        5,
        21,
        2,
        19,
        4,
        5,
        9,
        2,
        19,
        2,
        2,
        5,
        14,
        9,
        12,
        11,
        23,
        3,
        5,
        2,
        18,
        6,
        1,
        3,
        13,
        8,
        4,
        9,
        13,
        18,
        5,
        16,
        1,
        10,
        16,
        6,
        16,
        4,
        12,
        3,
        12,
        1,
        8,
        4,
        6,
        21,
        18,
        11,
        22,
        16,
        12,
        13,
        15,
        18,
        2,
        13,
        23,
        22,
        7,
        24,
        3,
        1,
        8,
        19,
        3,
        12,
        21,
        12,
        2,
        12,
        12,
        2,
        13,
        5,
        1,
        10,
        7,
        4,
        17,
        14,
        12,
        1,
        14,
        21,
        8,
        23,
        12,
        16,
        6,
        2,
        4,
        13,
        12,
        9,
        13,
        8,
        5,
        4,
        12,
        24,
        2,
        20,
        4,
        20,
        1,
        20,
        9,
        8,
        4,
        2,
        15,
        14,
        23,
        3,
        2,
        8,
        21,
        12,
        18,
        6,
        11,
        3,
        9,
        2,
        10,
        11,
        13,
        20,
        4,
        12,
        1,
        9,
        19,
        17,
        16,
        13,
        17,
        5,
        9,
        21,
        20,
        4,
        3,
        24,
        16,
        13,
        4,
        10,
        6,
        4,
        19,
        6,
        3,
        2,
        13,
        7,
        7,
        11,
        6,
        2,
        10,
        18,
        12,
        6,
        11,
        9,
        11,
        8,
        11,
        4,
        24,
        6,
        20,
        9,
        10,
        3,
        15,
        3,
        16,
        3,
        16,
        8,
        2,
        12,
        24,
        5,
        1,
        19,
        14,
        6,
        14,
        3,
        22,
        16,
        11,
        9,
        5,
        19,
        1,
        10,
        19,
        6,
        1,
        17,
        14,
        4,
        8,
        11,
        2,
