{
    "min_time": 0.0,
    "max_time": 0.030001163482666016,
    "all_time": 0.005155999422073365,
    "min_round": 5,
    "max_round": 4200,
    "all_rounds": 959581,
    "more_winner": 0,
    "winner": [
        9,
        7,
        1,
        12,
        1,
        11,
        12,
        15,
        8,
        3,
        6,
        1,
        14,
        12,
        7,
        12,
        3,
        3,
        16,
        14,
        18,
        13,
        15,
        9,
        8,
        8,
        7,
        1,
        10,
        12,
        3,
        14,
        8,
        1,
        7,
        4,
        15,
        17,
        4,
        5,
        6,
        16,
        17,
        10,
        9,
        5,
        14,
        3,
        4,
        4,
        5,
        7,
        15,
        7,
        8,
        15,
        8,
        17,
        1,
        16,
        7,
        2,
        1,
        3,
        17,
        12,
        2,
        1,
        16,
        8,
        9,
        8,
        5,
        13,
        12,
        3,
        11,
        12,
        10,
        5,
        4,
        11,
        12,
        16,
        16,
        15,
        1,
        12,
        14,
        7,
        4,
        7,
        13,
        12,
        7,
        11,
        6,
        6,
        13,
        10,
        8,
        3,
        16,
        9,
        13,
        1,
        2,
        16,
        10,
        8,
        4,
        14,
        16,
        14,
        11,
        6,
        1,
        2,
        7,
        11,
        13,
        7,
        2,
        6,
        12,
        7,
        2,
        2,
        11,
        9,
        3,
        7,
        6,
        7,
        4,
        8,
        10,
        9,
        7,
        5,
        9,
        4,
        12,
        2,
        3,
        2,
        2,
        9,
        1,
        17,
        6,
        13,
        4,
        1,
        17,
        13,
        6,
        1,
        8,
        2,
        3,
        8,
        14,
        14,
        9,
        5,
        17,
        11,
        2,
        18,
        5,
        4,
        5,
        13,
        18,
        8,
        7,
        6,
        5,
        1,
        3,
        7,
        12,
        11,
        8,
        11,
        4,
        6,
        2,
        9,
        8,
        12,
        7,
        4,
        5,
        1,
        1,
        18,
        9,
        15,
        16,
        1,
        3,
        2,
        14,
        10,
        10,
        1,
        11,
        17,
        14,
        14,
        10,
        2,
        9,
        2,
        8,
        5,
        15,
        5,
        13,
        3,
        7,
        12,
        9,
        15,
        18,
        18,
        3,
        9,
        2,
        1,
        10,
        7,
        5,
        8,
        6,
        15,
        15,
        8,
        1,
        11,
        14,
        17,
        18,
        7,
        12,
        14,
        11,
        4,
        15,
        3,
        8,
        15,
        1,
        9,
        1,
        15,
        6,
        17,
        6,
        1,
        6,
        3,
        15,
        13,
        1,
        9,
        8,
        6,
        2,
        1,
        1,
        11,
        10,
        15,
        14,
        13,
        2,
        4,
        3,
        16,
        12,
        3,
        9,
        2,
        2,
        1,
        6,
        14,
        1,
        4,
        9,
        3,
        5,
        3,
        18,
        2,
        10,
        2,
        2,
        3,
        12,
        3,
        1,
        10,
        4,
        7,
        9,
        2,
        4,
        7,
        1,
        4,
        6,
        14,
        12,
        5,
        6,
        10,
        18,
        13,
        2,
        3,
        5,
        2,
        6,
        6,
        9,
        6,
        4,
        15,
        8,
        6,
        6,
        3,
        1,
        16,
        6,
        1,
        7,
        18,
        14,
        1,
        18,
        4,
        6,
        6,
        5,
        7,
        10,
        13,
        9,
        3,
        16,
        2,
        10,
        13,
        18,
        5,
        2,
        4,
        3,
        10,
        6,
        11,
        10,
        11,
        13,
        15,
        4,
        17,
        1,
        9,
        9,
        10,
        3,
        7,
        13,
        14,
        12,
        1,
        17,
        14,
        8,
        6,
        1,
        14,
        2,
        2,
        13,
        8,
        15,
        4,
        1,
        10,
        1,
        6,
        1,
        9,
        3,
        2,
        1,
        12,
        10,
        16,
        11,
        15,
        11,
        5,
        13,
        9,
        16,
        16,
        8,
        4,
        14,
        18,
        1,
        5,
        4,
        14,
        12,
        8,
        10,
        12,
        6,
        1,
        1,
        8,
        16,
        7,
        8,
        11,
        8,
        3,
        3,
        13,
        4,
        1,
        4,
        15,
        4,
        7,
        14,
        7,
        18,
        10,
        2,
        4,
        3,
        14,
        14,
        1,
        2,
        2,
        11,
        12,
        8,
        2,
        4,
        8,
        18,
        6,
        5,
        15,
        14,
        8,
        7,
        16,
        10,
        18,
        10,
        2,
        5,
        1,
        12,
        14,
        7,
        6,
        7,
        17,
        4,
        3,
        18,
        3,
        10,
        17,
        3,
        17,
        9,
        1,
        12,
        6,
        18,
        17,
        11,
        14,
        13,
        3,
        4,
        11,
        17,
        2,
        15,
        10,
        2,
        16,
        13,
        8,
        6,
        15,
        13,
        17,
        3,
        5,
        5,
        5,
        3,
        10,
        4,
        3,
        1,
        16,
        6,
        18,
        8,
        3,
        2,
        11,
        7,
        14,
        18,
        6,
        8,
        12,
        13,
        3,
        1,
        6,
        9,
        18,
        1,
        6,
        4,
        2,
        14,
        18,
        14,
        6,
        16,
        7,
        4,
        2,
        3,
        6,
        3,
        5,
        5,
        4,
        8,
        10,
        7,
        6,
        16,
        8,
        8,
        14,
        2,
        1,
        15,
        1,
        8,
        17,
        1,
        1,
        1,
        16,
        3,
        14,
        11,
        11,
        2,
        6,
        6,
        6,
        4,
        13,
        5,
        4,
        4,
        4,
        12,
        6,
        10,
        5,
        1,
        11,
        8,
        12,
        3,
        1,
        14,
        4,
        12,
        2,
        2,
        7,
        12,
        2,
        6,
        5,
        14,
        3,
        8,
        2,
        4,
        2,
        7,
        12,
        5,
        5,
        14,
        16,
        3,
        2,
        6,
        3,
