{
    "min_time": 0.0,
    "max_time": 0.07399892807006836,
    "all_time": 0.016726601123809814,
    "min_round": 5,
    "max_round": 12380,
    "all_rounds": 3331616,
    "more_winner": 1,
    "winner": [
        34,
        22,
        4,
        15,
        59,
        5,
        7,
        24,
        44,
        40,
        41,
        2,
        10,
        47,
        53,
        7,
        40,
        17,
        56,
        20,
        24,
        30,
        31,
        6,
        7,
        8,
        39,
        59,
        38,
        47,
        32,
        45,
        41,
        43,
        53,
        1,
        34,
        19,
        5,
        24,
        44,
        15,
        28,
        4,
        26,
        2,
        13,
        25,
        20,
        41,
        9,
        49,
        4,
        1,
        24,
        20,
        44,
        25,
        9,
        18,
        25,
        44,
        9,
        56,
        26,
        41,
        3,
        28,
        4,
        4,
        43,
        16,
        18,
        5,
        58,
        59,
        35,
        10,
        27,
        10,
        14,
        40,
        19,
        58,
        3,
        38,
        6,
        35,
        30,
        3,
        2,
        10,
        47,
        8,
        45,
        24,
        58,
        55,
        25,
        29,
        26,
        47,
        31,
        16,
        5,
        29,
        20,
        36,
        28,
        14,
        28,
        41,
        2,
        21,
        10,
        52,
        5,
        19,
        5,
        12,
        49,
        56,
        19,
        3,
        44,
        7,
        46,
        17,
        26,
        2,
        29,
        50,
        15,
        8,
        17,
        12,
        19,
        4,
        5,
        56,
        11,
        22,
        6,
        3,
        2,
        1,
        14,
        29,
        53,
        35,
        30,
        54,
        24,
        3,
        50,
        32,
        5,
        12,
        26,
        22,
        19,
        14,
        45,
        23,
        2,
        5,
        17,
        44,
        33,
        27,
        27,
        12,
        41,
        17,
        57,
        14,
        48,
        36,
        35,
        16,
        51,
        7,
        39,
        10,
        2,
        44,
        36,
        51,
        34,
        42,
        46,
        1,
        5,
        39,
        8,
        38,
        21,
        20,
        11,
        12,
        27,
        11,
        53,
        7,
        57,
        12,
        16,
        10,
        24,
        29,
        28,
        13,
        6,
        24,
        13,
        3,
        56,
        36,
        26,
        41,
        41,
        14,
        17,
        18,
        28,
        53,
        4,
        52,
        54,
        52,
        11,
        12,
        18,
        31,
        2,
        32,
        14,
        52,
        27,
        28,
        32,
        28,
        46,
        12,
        13,
        39,
        10,
        1,
        3,
        1,
        8,
        25,
        5,
        27,
        22,
        52,
        52,
        2,
        18,
        53,
        36,
        33,
        14,
        8,
        2,
        3,
        15,
        14,
        9,
        21,
        57,
        7,
        23,
        20,
        41,
        4,
        51,
        19,
        46,
        1,
        40,
        21,
        12,
        3,
        3,
        7,
        29,
        19,
        37,
        26,
        18,
        15,
        58,
        43,
        3,
        39,
        21,
        29,
        53,
        24,
        39,
        48,
        29,
        36,
        35,
        59,
        18,
        46,
        19,
        14,
        17,
        17,
        18,
        53,
        3,
        4,
        13,
        34,
        22,
        22,
        35,
        39,
        28,
        19,
        14,
        3,
        18,
        36,
        50,
        26,
        18,
        43,
        59,
        55,
        25,
        58,
        9,
        12,
        27,
        43,
        59,
        20,
        37,
        24,
        31,
        41,
        25,
        2,
        19,
        13,
        38,
        25,
        14,
        26,
        44,
        8,
        11,
        38,
        23,
        29,
        47,
        11,
        43,
        29,
        40,
        28,
        17,
        45,
        48,
        46,
        17,
        2,
        6,
        39,
        17,
        3,
        10,
        13,
        10,
        16,
        3,
        29,
        42,
        34,
        34,
        5,
        2,
        5,
        22,
        34,
        58,
        32,
        17,
        16,
        36,
        17,
        50,
        8,
        28,
        48,
        15,
        53,
        46,
        3,
        10,
        10,
        14,
        29,
        2,
        4,
        34,
        48,
        12,
        5,
        12,
        52,
        10,
        12,
        24,
        2,
        37,
        4,
        29,
        22,
        9,
        20,
        42,
        3,
        5,
        1,
        52,
        31,
        1,
        13,
        40,
        48,
        11,
        5,
        3,
        20,
        15,
        24,
        42,
        18,
        21,
        30,
        11,
        21,
        1,
        45,
        13,
        34,
        36,
        25,
        20,
        30,
        11,
        2,
        24,
        31,
        18,
        2,
        3,
        15,
        8,
        8,
        6,
        22,
        6,
        10,
        21,
        58,
        36,
        6,
        18,
        32,
        3,
        19,
        30,
        2,
        17,
        3,
        57,
        17,
        27,
        50,
        17,
        16,
        1,
        40,
        9,
        28,
        53,
        6,
        16,
        12,
        17,
        45,
        11,
        35,
        1,
        2,
        37,
        46,
        9,
        18,
        54,
        3,
        54,
        20,
        11,
        21,
        13,
        18,
        23,
        35,
        5,
        10,
        10,
        1,
        29,
        6,
        23,
        35,
        5,
        14,
        18,
        31,
        32,
        19,
        31,
        21,
        44,
        17,
        31,
        11,
        12,
        19,
        56,
        32,
        5,
        1,
        24,
        38,
        1,
        53,
        29,
        22,
        35,
        42,
        1,
        24,
        53,
        15,
        21,
        14,
        26,
        11,
        50,
        13,
        48,
        51,
        35,
        47,
        2,
        53,
        48,
        18,
        18,
        15,
        15,
        37,
        6,
        9,
        14,
        8,
        20,
        50,
        33,
        17,
        7,
        19,
        31,
        39,
        13,
        15,
        16,
        14,
        29,
        15,
        3,
        13,
        53,
        36,
        45,
        2,
        43,
        3,
        44,
        47,
        36,
        56,
        52,
        8,
        53,
        54,
        21,
        14,
        11,
