{
    "min_time": 0.0,
    "max_time": 0.05999922752380371,
    "all_time": 0.017339675426483153,
    "min_round": 5,
    "max_round": 14512,
    "all_rounds": 3912471,
    "more_winner": 0,
    "winner": [
        26,
        22,
        38,
        35,
        61,
        3,
        45,
        9,
        24,
        16,
        44,
        16,
        41,
        13,
        27,
        18,
        16,
        16,
        15,
        39,
        4,
        5,
        26,
        26,
        53,
        12,
        63,
        49,
        1,
        2,
        9,
        4,
        1,
        41,
        34,
        8,
        15,
        37,
        44,
        47,
        47,
        20,
        55,
        1,
        28,
        1,
        2,
        56,
        7,
        31,
        30,
        50,
        45,
        13,
        7,
        8,
        9,
        20,
        35,
        61,
        14,
        53,
        23,
        18,
        31,
        7,
        46,
        38,
        23,
        64,
        24,
        65,
        40,
        53,
        2,
        43,
        18,
        8,
        25,
        41,
        1,
        25,
        30,
        11,
        19,
        1,
        14,
        7,
        24,
        28,
        59,
        7,
        5,
        11,
        7,
        9,
        30,
        5,
        31,
        53,
        49,
        12,
        39,
        48,
        26,
        36,
        21,
        8,
        38,
        24,
        46,
        35,
        2,
        8,
        56,
        55,
        57,
        6,
        14,
        19,
        7,
        23,
        21,
        44,
        55,
        18,
        24,
        13,
        29,
        18,
        29,
        46,
        4,
        55,
        7,
        18,
        63,
        26,
        17,
        58,
        21,
        63,
        34,
        23,
        1,
        12,
        4,
        35,
        21,
        8,
        5,
        50,
        51,
        29,
        56,
        20,
        40,
        16,
        23,
        19,
        36,
        52,
        38,
        45,
        7,
        7,
        14,
        24,
        28,
        51,
        47,
        42,
        8,
        8,
        47,
        13,
        11,
        35,
        1,
        33,
        32,
        1,
        49,
        4,
        1,
        11,
        15,
        17,
        36,
        35,
        5,
        3,
        18,
        26,
        3,
        14,
        1,
        46,
        54,
        46,
        47,
        54,
        34,
        14,
        33,
        35,
        16,
        2,
        52,
        28,
        13,
        16,
        29,
        9,
        6,
        8,
        4,
        9,
        4,
        16,
        23,
        26,
        13,
        6,
        63,
        53,
        16,
        14,
        27,
        15,
        33,
        28,
        37,
        4,
        32,
        36,
        3,
        14,
        62,
        5,
        47,
        57,
        28,
        46,
        31,
        21,
        5,
        62,
        34,
        34,
        29,
        56,
        10,
        32,
        39,
        20,
        8,
        9,
        25,
        20,
        18,
        2,
        50,
        15,
        27,
        9,
        21,
        53,
        23,
        3,
        14,
        4,
        26,
        23,
        55,
        18,
        26,
        22,
        11,
        8,
        27,
        4,
        17,
        1,
        20,
        34,
        28,
        18,
        8,
        28,
        7,
        36,
        17,
        40,
        17,
        60,
        25,
        28,
        16,
        10,
        30,
        45,
        30,
        1,
        40,
        22,
        26,
        44,
        65,
        3,
        35,
        53,
        19,
        4,
        19,
        6,
        34,
        33,
        31,
        3,
        61,
        6,
        13,
        34,
        49,
        29,
        36,
        22,
        21,
        2,
        45,
        4,
        15,
        11,
        13,
        6,
        15,
        29,
        5,
        23,
        49,
        47,
        16,
        53,
        29,
        26,
        23,
        23,
        35,
        52,
        1,
        41,
        11,
        45,
        46,
        6,
        40,
        51,
        43,
        42,
        2,
        58,
        29,
        10,
        28,
        42,
        20,
        48,
        32,
        3,
        3,
        15,
        14,
        31,
        58,
        33,
        33,
        5,
        36,
        15,
        41,
        10,
        21,
        46,
        5,
        50,
        28,
        4,
        61,
        25,
        30,
        53,
        28,
        9,
        39,
        25,
        34,
        16,
        35,
        2,
        16,
        7,
        28,
        16,
        62,
        38,
        10,
        34,
        27,
        3,
        58,
        64,
        38,
        30,
        15,
        50,
        8,
        11,
        36,
        32,
        21,
        17,
        25,
        11,
        15,
        44,
        54,
        62,
        11,
        46,
        11,
        35,
        33,
        6,
        17,
        3,
        49,
        36,
        38,
        33,
        11,
        16,
        49,
        44,
        10,
        1,
        24,
        11,
        63,
        19,
        43,
        51,
        31,
        19,
        18,
        45,
        45,
        12,
        33,
        24,
        31,
        20,
        24,
        45,
        24,
        17,
        36,
        57,
        25,
        52,
        50,
        33,
        1,
        57,
        57,
        35,
        13,
        32,
        50,
        1,
        59,
        10,
        45,
        28,
        8,
        2,
        1,
        30,
        26,
        64,
        48,
        63,
        28,
        15,
        18,
        38,
        17,
        11,
        36,
        17,
        16,
        18,
        20,
        20,
        45,
        45,
        63,
        25,
        35,
        3,
        16,
        1,
        1,
        6,
        35,
        16,
        15,
        2,
        18,
        12,
        2,
        48,
        34,
        18,
        13,
        5,
        59,
        33,
        3,
        36,
        36,
        10,
        11,
        38,
        17,
        10,
        1,
        42,
        28,
        26,
        3,
        32,
        59,
        3,
        63,
        6,
        53,
        15,
        22,
        25,
        3,
        18,
        20,
        36,
        18,
        2,
        52,
        1,
        57,
        5,
        7,
        29,
        57,
        15,
        17,
        55,
        23,
        12,
        58,
        5,
        42,
        3,
        31,
        23,
        49,
        23,
        24,
        61,
        40,
        39,
        1,
        12,
        44,
        33,
        2,
        38,
        8,
        19,
        6,
        38,
        46,
        43,
        1,
        29,
        51,
        6,
        10,
        28,
        40,
        61,
        30,
        39,
        24,
        10,
        31,
        11,
        22,
        3,
