{
    "min_time": 0.0,
    "max_time": 0.021999597549438477,
    "all_time": 0.002660515546798706,
    "min_round": 31,
    "max_round": 2400,
    "all_rounds": 415571,
    "more_winner": 0,
    "winner": [
        1,
        2,
        1,
        1,
        2,
        1,
        3,
        2,
        2,
        3,
        3,
        2,
        1,
        3,
        2,
        1,
        3,
        2,
        1,
        1,
        2,
        1,
        2,
        1,
        2,
        1,
        3,
        1,
        1,
        2,
        1,
        3,
        1,
        2,
        3,
        3,
        2,
        3,
        2,
        1,
        1,
        1,
        1,
        1,
        2,
        3,
        2,
        2,
        1,
        1,
        1,
        2,
        2,
        2,
        1,
        1,
        1,
        3,
        2,
        2,
        2,
        2,
        1,
        3,
        3,
        2,
        1,
        1,
        2,
        1,
        1,
        1,
        1,
        1,
        1,
        3,
        3,
        2,
        3,
        3,
        2,
        3,
        2,
        3,
        2,
        1,
        1,
        2,
        3,
        2,
        2,
        1,
        2,
        2,
        1,
        1,
        3,
        1,
        3,
        1,
        1,
        1,
        2,
        3,
        3,
        3,
        2,
        3,
        1,
        1,
        1,
        1,
        2,
        1,
        1,
        2,
        2,
        1,
        3,
        1,
        1,
        2,
        2,
        1,
        2,
        2,
        2,
        2,
        2,
        3,
        3,
        2,
        2,
        3,
        1,
        3,
        1,
        1,
        1,
        1,
        1,
        1,
        2,
        1,
        1,
        3,
        1,
        1,
        1,
        1,
        2,
        2,
        1,
        1,
        2,
        3,
        1,
        3,
        1,
        3,
        3,
        2,
        3,
        2,
        3,
        2,
        2,
        1,
        2,
        1,
        1,
        1,
        1,
        1,
        3,
        3,
        1,
        3,
        1,
        1,
        1,
        3,
        2,
        2,
        1,
        3,
        1,
        1,
        2,
        2,
        1,
        1,
        1,
        3,
        2,
        3,
        3,
        2,
        3,
        3,
        1,
        1,
        3,
        1,
        1,
        1,
        3,
        3,
        1,
        1,
        2,
        2,
        3,
        2,
        2,
        2,
        3,
        3,
        2,
        1,
        1,
        1,
        1,
        1,
        1,
        2,
        2,
        3,
        2,
        2,
        2,
        2,
        1,
        1,
        3,
        1,
        2,
        1,
        3,
        1,
        3,
        3,
        2,
        1,
        2,
        3,
        1,
        1,
        1,
        3,
        1,
        3,
        1,
        1,
        3,
        3,
        1,
        1,
        2,
        3,
        1,
        2,
        2,
        2,
        1,
        1,
        2,
        1,
        1,
        3,
        1,
        1,
        1,
        3,
        1,
        3,
        1,
        1,
        1,
        3,
        2,
        1,
        3,
        2,
        1,
        1,
        1,
        1,
        1,
        1,
        2,
        2,
        1,
        1,
        3,
        2,
        1,
        1,
        1,
        3,
        1,
        3,
        2,
        1,
        1,
        3,
        2,
        2,
        3,
        3,
        3,
        3,
        1,
        2,
        1,
        1,
        2,
        1,
        2,
        3,
        1,
        1,
        2,
        2,
        2,
        2,
        3,
        1,
        3,
        1,
        1,
        1,
        3,
        1,
        3,
        1,
        2,
        1,
        3,
        3,
        2,
        1,
        1,
        3,
        2,
        2,
        2,
        1,
        2,
        2,
        1,
        3,
        3,
        1,
        1,
        2,
        3,
        2,
        2,
        2,
        2,
        2,
        2,
        3,
        3,
        1,
        1,
        1,
        2,
        1,
        1,
        2,
        2,
        3,
        1,
        1,
        2,
        3,
        3,
        1,
        1,
        2,
        1,
        3,
        3,
        2,
        2,
        3,
        3,
        3,
        3,
        1,
        3,
        1,
        2,
        2,
        1,
        1,
        3,
        3,
        1,
        2,
        1,
        2,
        1,
        2,
        1,
        1,
        1,
        2,
        2,
        1,
        1,
        2,
        3,
        1,
        2,
        3,
        1,
        1,
        2,
        3,
        3,
        3,
        2,
        1,
        2,
        2,
        1,
        3,
        1,
        3,
        3,
        3,
        1,
        1,
        3,
        3,
        1,
        1,
        3,
        3,
        1,
        1,
        3,
        1,
        3,
        2,
        3,
        2,
        2,
        3,
        1,
        2,
        3,
        1,
        2,
        2,
        1,
        1,
        3,
        2,
        1,
        3,
        1,
        1,
        2,
        2,
        1,
        1,
        1,
        2,
        1,
        1,
        1,
        2,
        3,
        1,
        2,
        1,
        2,
        3,
        1,
        1,
        2,
        1,
        1,
        3,
        1,
        1,
        2,
        2,
        2,
        2,
        1,
        2,
        1,
        1,
        1,
        2,
        2,
        2,
        1,
        2,
        1,
        1,
        2,
        2,
        3,
        2,
        1,
        1,
        3,
        1,
        3,
        3,
        1,
        1,
        2,
        1,
        2,
        2,
        2,
        3,
        1,
        1,
        1,
        2,
        2,
        1,
        1,
        1,
        3,
        1,
        1,
        1,
        3,
        2,
        1,
        2,
        1,
        1,
        2,
        1,
        2,
        2,
        2,
        1,
        2,
        3,
        1,
        3,
        3,
        3,
        2,
        3,
        3,
        1,
        1,
        1,
        1,
        3,
        1,
        2,
        2,
        3,
        2,
        1,
        3,
        2,
        1,
        2,
        1,
        3,
        3,
        2,
        3,
        1,
        2,
        1,
        3,
        3,
        1,
        1,
        1,
        2,
        3,
        3,
        2,
        1,
        2,
        1,
        1,
        1,
        1,
        1,
        1,
        3,
        3,
        1,
        2,
        1,
        1,
        1,
        3,
        2,
        1,
        1,
        1,
        3,
        1,
        3,
        1,
        2,
        1,
        1,
        3,
        1,
        3,
        3,
        2,
        3,
        2,
        2,
        3,
        3,
        2,
        2,
        1,
        1,
        2,
        1,
        1,
        2,
        2,
        1,
        2,
        1,
        3,
        1,
        2,
        2,
        1,
        3,
        3,
        1,
        1,
        3,
