{
    "min_time": 0.0,
    "max_time": 0.045999765396118164,
    "all_time": 0.0079804048538208,
    "min_round": 5,
    "max_round": 6000,
    "all_rounds": 1410793,
    "more_winner": 0,
    "winner": [
        5,
        15,
        21,
        11,
        13,
        12,
        12,
        15,
        11,
        19,
        22,
        15,
        20,
        1,
        24,
        7,
        25,
        21,
        4,
        13,
        12,
        3,
        17,
        19,
        13,
        16,
        23,
        7,
        20,
        21,
        5,
        3,
        15,
        2,
        2,
        2,
        15,
        21,
        27,
        25,
        21,
        22,
        3,
        6,
        4,
        11,
        4,
        7,
        11,
        16,
        11,
        7,
        7,
        15,
        22,
        7,
        16,
        1,
        9,
        25,
        1,
        6,
        12,
        24,
        25,
        23,
        1,
        5,
        2,
        13,
        15,
        15,
        6,
        13,
        15,
        3,
        16,
        14,
        2,
        11,
        3,
        18,
        26,
        5,
        20,
        2,
        19,
        18,
        23,
        13,
        9,
        3,
        16,
        21,
        8,
        8,
        19,
        19,
        21,
        9,
        18,
        4,
        11,
        7,
        16,
        24,
        4,
        12,
        3,
        8,
        19,
        2,
        14,
        1,
        5,
        8,
        4,
        2,
        14,
        24,
        2,
        13,
        2,
        8,
        22,
        23,
        8,
        6,
        9,
        16,
        18,
        10,
        7,
        5,
        27,
        1,
        5,
        12,
        10,
        12,
        17,
        4,
        5,
        1,
        13,
        25,
        18,
        23,
        22,
        3,
        8,
        23,
        15,
        7,
        3,
        27,
        13,
        5,
        6,
        22,
        7,
        11,
        7,
        2,
        3,
        6,
        5,
        20,
        3,
        7,
        19,
        1,
        1,
        1,
        15,
        12,
        11,
        7,
        16,
        7,
        19,
        13,
        1,
        4,
        10,
        11,
        22,
        8,
        6,
        12,
        15,
        19,
        14,
        15,
        10,
        16,
        17,
        4,
        14,
        3,
        4,
        12,
        13,
        4,
        17,
        4,
        1,
        20,
        13,
        15,
        9,
        18,
        4,
        12,
        2,
        21,
        25,
        22,
        21,
        3,
        25,
        14,
        3,
        25,
        3,
        18,
        10,
        23,
        12,
        9,
        1,
        14,
        7,
        10,
        26,
        5,
        12,
        12,
        1,
        1,
        22,
        2,
        1,
        26,
        14,
        6,
        10,
        24,
        21,
        8,
        20,
        7,
        6,
        4,
        23,
        22,
        5,
        5,
        1,
        24,
        5,
        10,
        10,
        6,
        2,
        13,
        4,
        4,
        1,
        15,
        6,
        4,
        14,
        5,
        14,
        19,
        3,
        16,
        11,
        23,
        2,
        7,
        26,
        18,
        1,
        24,
        14,
        13,
        2,
        9,
        5,
        8,
        4,
        19,
        1,
        5,
        11,
        2,
        21,
        12,
        4,
        5,
        9,
        15,
        8,
        12,
        7,
        6,
        26,
        1,
        23,
        17,
        25,
        11,
        11,
        8,
        6,
        2,
        24,
        21,
        13,
        23,
        5,
        15,
        26,
        19,
        16,
        25,
        8,
        24,
        22,
        14,
        10,
        23,
        12,
        17,
        2,
        14,
        5,
        24,
        27,
        9,
        27,
        2,
        2,
        3,
        1,
        19,
        21,
        6,
        8,
        1,
        6,
        5,
        20,
        12,
        13,
        16,
        8,
        13,
        12,
        24,
        17,
        15,
        6,
        5,
        2,
        9,
        27,
        1,
        12,
        24,
        26,
        17,
        11,
        2,
        14,
        3,
        11,
        15,
        12,
        4,
        26,
        16,
        13,
        14,
        22,
        1,
        12,
        22,
        5,
        7,
        19,
        10,
        19,
        3,
        25,
        4,
        14,
        27,
        16,
        11,
        6,
        20,
        7,
        13,
        14,
        2,
        6,
        19,
        10,
        12,
        26,
        18,
        27,
        22,
        5,
        6,
        10,
        21,
        14,
        6,
        23,
        12,
        13,
        2,
        4,
        3,
        26,
        5,
        23,
        14,
        2,
        8,
        21,
        9,
        2,
        24,
        6,
        6,
        22,
        4,
        16,
        5,
        20,
        18,
        10,
        14,
        12,
        18,
        24,
        16,
        20,
        2,
        9,
        24,
        5,
        6,
        27,
        18,
        23,
        13,
        1,
        19,
        10,
        14,
        20,
        26,
        6,
        5,
        17,
        27,
        19,
        4,
        5,
        6,
        24,
        11,
        16,
        2,
        12,
        6,
        9,
        3,
        11,
        4,
        18,
        11,
        19,
        14,
        15,
        10,
        15,
        17,
        26,
        5,
        5,
        16,
        13,
        9,
        7,
        19,
        24,
        3,
        2,
        2,
        25,
        7,
        23,
        18,
        3,
        17,
        2,
        1,
        6,
        11,
        1,
        9,
        8,
        2,
        3,
        22,
        1,
        6,
        16,
        1,
        6,
        26,
        1,
        15,
        3,
        14,
        19,
        1,
        22,
        2,
        10,
        17,
        6,
        10,
        17,
        15,
        4,
        15,
        2,
        17,
        4,
        17,
        7,
        19,
        18,
        2,
        10,
        1,
        23,
        12,
        21,
        3,
        12,
        2,
        2,
        16,
        25,
        27,
        5,
        1,
        26,
        11,
        18,
        2,
        6,
        20,
        22,
        19,
        2,
        27,
        4,
        27,
        22,
        11,
        25,
        16,
        19,
        9,
        12,
        12,
        21,
        27,
        27,
        1,
        4,
        14,
        24,
        17,
        17,
        3,
        26,
        15,
        25,
        10,
        5,
        26,
        19,
        14,
        16,
        8,
        22,
        11,
        21,
        14,
        10,
        9,
        15,
        3,
        24,
        18,
        9,
        1,
