{
    "min_time": 0.0,
    "max_time": 0.1869966983795166,
    "all_time": 0.016858997583389282,
    "min_round": 6,
    "max_round": 7612,
    "all_rounds": 2639372,
    "more_winner": 0,
    "winner": [
        25,
        4,
        25,
        4,
        2,
        12,
        1,
        3,
        13,
        28,
        3,
        8,
        8,
        33,
        5,
        22,
        1,
        5,
        10,
        16,
        19,
        16,
        8,
        10,
        32,
        9,
        31,
        24,
        4,
        3,
        7,
        28,
        18,
        17,
        19,
        7,
        29,
        32,
        17,
        14,
        1,
        29,
        22,
        20,
        6,
        8,
        12,
        13,
        18,
        4,
        12,
        14,
        22,
        4,
        13,
        1,
        22,
        2,
        9,
        2,
        12,
        14,
        1,
        30,
        16,
        2,
        23,
        23,
        5,
        1,
        3,
        1,
        9,
        16,
        9,
        21,
        5,
        17,
        15,
        17,
        16,
        2,
        9,
        20,
        3,
        32,
        16,
        25,
        5,
        32,
        4,
        27,
        22,
        9,
        15,
        9,
        15,
        2,
        2,
        17,
        6,
        16,
        12,
        1,
        9,
        11,
        9,
        14,
        8,
        28,
        26,
        29,
        12,
        12,
        20,
        29,
        6,
        11,
        6,
        1,
        25,
        23,
        18,
        22,
        1,
        6,
        9,
        26,
        3,
        5,
        26,
        16,
        22,
        7,
        15,
        19,
        10,
        28,
        5,
        3,
        25,
        8,
        17,
        25,
        26,
        30,
        3,
        21,
        14,
        30,
        1,
        2,
        11,
        20,
        6,
        31,
        15,
        24,
        2,
        14,
        10,
        9,
        9,
        17,
        7,
        12,
        2,
        6,
        11,
        7,
        28,
        11,
        21,
        16,
        33,
        17,
        16,
        4,
        24,
        18,
        24,
        12,
        31,
        28,
        1,
        23,
        15,
        13,
        1,
        4,
        20,
        4,
        30,
        19,
        31,
        10,
        3,
        19,
        21,
        10,
        3,
        8,
        1,
        25,
        23,
        24,
        10,
        10,
        29,
        2,
        10,
        12,
        27,
        25,
        2,
        8,
        10,
        10,
        14,
        15,
        1,
        12,
        18,
        11,
        1,
        14,
        3,
        30,
        1,
        3,
        19,
        32,
        4,
        24,
        16,
        2,
        21,
        18,
        10,
        19,
        33,
        30,
        4,
        5,
        5,
        21,
        3,
        33,
        17,
        2,
        3,
        1,
        7,
        21,
        7,
        5,
        5,
        16,
        24,
        23,
        9,
        7,
        31,
        4,
        9,
        22,
        30,
        28,
        21,
        11,
        16,
        8,
        4,
        22,
        7,
        2,
        25,
        2,
        17,
        8,
        10,
        19,
        8,
        33,
        4,
        12,
        31,
        2,
        4,
        11,
        7,
        12,
        16,
        1,
        24,
        18,
        19,
        10,
        24,
        20,
        12,
        24,
        13,
        4,
        1,
        29,
        1,
        1,
        27,
        23,
        3,
        1,
        27,
        9,
        2,
        10,
        10,
        1,
        2,
        6,
        1,
        11,
        23,
        4,
        9,
        29,
        33,
        25,
        4,
        2,
        14,
        15,
        1,
        1,
        25,
        20,
        4,
        23,
        10,
        14,
        8,
        16,
        5,
        2,
        2,
        19,
        25,
        15,
        5,
        21,
        6,
        32,
        9,
        11,
        2,
        16,
        24,
        6,
        17,
        1,
        14,
        12,
        7,
        9,
        3,
        14,
        7,
        8,
        26,
        5,
        1,
        5,
        9,
        3,
        19,
        1,
        6,
        2,
        1,
        15,
        9,
        27,
        22,
        11,
        15,
        13,
        21,
        18,
        11,
        31,
        2,
        11,
        27,
        30,
        8,
        14,
        2,
        3,
        3,
        13,
        1,
        11,
        3,
        15,
        30,
        16,
        27,
        2,
        11,
        7,
        1,
        8,
        14,
        14,
        15,
        28,
        12,
        21,
        33,
        17,
        8,
        5,
        26,
        3,
        10,
        4,
        6,
        27,
        6,
        7,
        18,
        17,
        9,
        2,
        14,
        4,
        27,
        6,
        1,
        33,
        12,
        15,
        5,
        7,
        19,
        2,
        3,
        15,
        13,
        29,
        1,
        12,
        8,
        5,
        22,
        26,
        11,
        5,
        4,
        22,
        1,
        2,
        20,
        1,
        4,
        13,
        8,
        17,
        18,
        4,
        27,
        25,
        21,
        4,
        9,
        19,
        32,
        19,
        30,
        19,
        30,
        3,
        9,
        28,
        14,
        3,
        6,
        3,
        6,
        3,
        27,
        31,
        13,
        8,
        7,
        2,
        2,
        26,
        13,
        19,
        32,
        1,
        31,
        10,
        4,
        29,
        3,
        28,
        26,
        32,
        4,
        14,
        19,
        16,
        3,
        27,
        6,
        22,
        6,
        29,
        8,
        20,
        25,
        25,
        20,
        15,
        1,
        17,
        7,
        17,
        30,
        1,
        14,
        14,
        31,
        6,
        6,
        28,
        2,
        19,
        33,
        14,
        22,
        31,
        11,
        4,
        29,
        3,
        5,
        10,
        24,
        7,
        21,
        12,
        8,
        15,
        7,
        2,
        14,
        10,
        5,
        17,
        6,
        8,
        26,
        2,
        7,
        7,
        11,
        7,
        18,
        21,
        2,
        13,
        20,
        22,
        25,
        9,
        14,
        26,
        15,
        25,
        32,
        14,
        13,
        25,
        3,
        11,
        7,
        21,
        31,
        2,
        5,
        23,
        7,
        2,
        28,
        29,
        30,
        10,
        18,
        2,
        26,
        13,
        17,
        26,
        15,
        31,
        12,
        4,
        22,
        2,
        32,
        15,
        3,
        19,
        22,
        7,
