{
    "min_time": 0.0,
    "max_time": 0.0260009765625,
    "all_time": 0.005658143043518067,
    "min_round": 5,
    "max_round": 4600,
    "all_rounds": 924366,
    "more_winner": 0,
    "winner": [
        15,
        8,
        2,
        13,
        9,
        10,
        16,
        1,
        8,
        18,
        14,
        11,
        4,
        11,
        16,
        1,
        16,
        2,
        3,
        7,
        3,
        1,
        11,
        2,
        3,
        8,
        5,
        3,
        3,
        16,
        12,
        3,
        2,
        2,
        15,
        8,
        7,
        2,
        3,
        6,
        18,
        7,
        1,
        15,
        12,
        6,
        9,
        8,
        14,
        9,
        11,
        6,
        15,
        4,
        14,
        10,
        7,
        17,
        1,
        15,
        3,
        3,
        13,
        3,
        11,
        16,
        14,
        11,
        4,
        7,
        2,
        7,
        13,
        12,
        15,
        5,
        3,
        3,
        9,
        19,
        6,
        1,
        2,
        9,
        7,
        3,
        13,
        7,
        8,
        16,
        12,
        12,
        4,
        3,
        2,
        10,
        14,
        3,
        2,
        3,
        11,
        3,
        13,
        7,
        2,
        10,
        11,
        9,
        8,
        5,
        17,
        3,
        12,
        7,
        15,
        3,
        16,
        14,
        17,
        15,
        1,
        5,
        7,
        18,
        4,
        5,
        1,
        13,
        16,
        12,
        7,
        13,
        2,
        19,
        19,
        9,
        8,
        3,
        12,
        9,
        11,
        14,
        3,
        14,
        14,
        3,
        12,
        3,
        6,
        1,
        13,
        3,
        12,
        8,
        16,
        6,
        3,
        10,
        15,
        16,
        8,
        4,
        6,
        12,
        13,
        11,
        7,
        7,
        14,
        1,
        5,
        13,
        6,
        11,
        1,
        17,
        19,
        6,
        8,
        9,
        5,
        5,
        9,
        4,
        5,
        8,
        8,
        6,
        11,
        12,
        11,
        1,
        1,
        7,
        3,
        8,
        19,
        1,
        6,
        4,
        6,
        2,
        19,
        7,
        4,
        17,
        2,
        8,
        18,
        7,
        5,
        11,
        1,
        6,
        12,
        6,
        2,
        2,
        8,
        3,
        13,
        2,
        19,
        16,
        7,
        9,
        12,
        18,
        2,
        18,
        1,
        17,
        16,
        15,
        18,
        4,
        5,
        3,
        9,
        18,
        16,
        6,
        17,
        2,
        17,
        19,
        17,
        4,
        7,
        6,
        8,
        8,
        2,
        18,
        4,
        5,
        4,
        17,
        2,
        6,
        6,
        5,
        2,
        14,
        18,
        12,
        12,
        10,
        7,
        16,
        6,
        13,
        2,
        14,
        3,
        7,
        7,
        4,
        6,
        2,
        12,
        6,
        2,
        8,
        13,
        6,
        18,
        14,
        4,
        10,
        4,
        9,
        7,
        7,
        4,
        18,
        14,
        4,
        6,
        16,
        13,
        11,
        5,
        10,
        2,
        4,
        18,
        14,
        2,
        13,
        14,
        5,
        2,
        12,
        14,
        1,
        6,
        7,
        14,
        7,
        6,
        10,
        7,
        12,
        12,
        15,
        7,
        7,
        2,
        6,
        1,
        6,
        7,
        9,
        11,
        7,
        13,
        7,
        12,
        3,
        19,
        13,
        10,
        19,
        19,
        12,
        14,
        16,
        2,
        10,
        18,
        1,
        4,
        9,
        1,
        3,
        7,
        13,
        2,
        7,
        3,
        1,
        14,
        6,
        19,
        7,
        16,
        19,
        13,
        1,
        7,
        18,
        4,
        9,
        17,
        1,
        11,
        4,
        2,
        18,
        4,
        14,
        9,
        1,
        10,
        16,
        7,
        12,
        8,
        15,
        4,
        4,
        15,
        14,
        13,
        3,
        1,
        4,
        1,
        3,
        19,
        19,
        4,
        6,
        19,
        6,
        3,
        12,
        8,
        12,
        18,
        9,
        11,
        4,
        5,
        18,
        1,
        15,
        4,
        11,
        2,
        14,
        16,
        2,
        1,
        2,
        5,
        8,
        4,
        5,
        1,
        18,
        7,
        12,
        2,
        12,
        15,
        13,
        3,
        5,
        7,
        7,
        12,
        2,
        7,
        15,
        10,
        6,
        10,
        3,
        4,
        19,
        16,
        1,
        18,
        7,
        16,
        18,
        17,
        3,
        4,
        8,
        11,
        7,
        9,
        12,
        4,
        4,
        15,
        6,
        2,
        5,
        10,
        4,
        7,
        11,
        8,
        15,
        1,
        19,
        15,
        15,
        3,
        2,
        7,
        14,
        19,
        4,
        19,
        12,
        3,
        17,
        16,
        6,
        1,
        5,
        13,
        18,
        5,
        5,
        17,
        7,
        11,
        9,
        1,
        3,
        6,
        1,
        14,
        3,
        1,
        9,
        16,
        8,
        8,
        3,
        10,
        1,
        13,
        8,
        4,
        2,
        4,
        3,
        1,
        12,
        4,
        11,
        11,
        18,
        2,
        13,
        7,
        4,
        13,
        13,
        6,
        19,
        10,
        12,
        6,
        8,
        13,
        11,
        8,
        7,
        8,
        4,
        10,
        13,
        8,
        11,
        13,
        4,
        17,
        1,
        10,
        3,
        8,
        13,
        9,
        1,
        4,
        6,
        4,
        7,
        8,
        1,
        11,
        11,
        16,
        10,
        12,
        4,
        13,
        11,
        11,
        3,
        14,
        5,
        6,
        1,
        18,
        6,
        10,
        9,
        4,
        6,
        7,
        17,
        16,
        18,
        10,
        4,
        11,
        16,
        12,
        3,
        19,
        13,
        6,
        8,
        7,
        1,
        13,
        2,
        16,
        1,
        8,
        1,
        19,
        15,
        5,
        2,
        8,
        4,
        13,
        15,
        4,
        11,
        8,
        7,
        2,
        1,
        6,
        13,
        17,
