{
    "min_time": 0.0,
    "max_time": 0.06999945640563965,
    "all_time": 0.016617099046707152,
    "min_round": 5,
    "max_round": 12616,
    "all_rounds": 3845774,
    "more_winner": 0,
    "winner": [
        1,
        23,
        40,
        59,
        46,
        9,
        41,
        51,
        40,
        13,
        4,
        4,
        51,
        46,
        13,
        41,
        42,
        25,
        3,
        35,
        32,
        5,
        27,
        9,
        46,
        6,
        2,
        46,
        8,
        23,
        35,
        12,
        3,
        5,
        17,
        49,
        27,
        11,
        39,
        6,
        49,
        62,
        17,
        12,
        50,
        3,
        21,
        33,
        4,
        40,
        18,
        1,
        27,
        40,
        21,
        30,
        34,
        35,
        54,
        10,
        7,
        34,
        60,
        8,
        26,
        3,
        48,
        5,
        48,
        48,
        9,
        10,
        57,
        40,
        9,
        19,
        17,
        51,
        50,
        5,
        31,
        2,
        21,
        1,
        55,
        18,
        35,
        37,
        55,
        43,
        59,
        45,
        13,
        19,
        20,
        26,
        53,
        37,
        25,
        47,
        56,
        60,
        13,
        6,
        11,
        62,
        3,
        12,
        17,
        50,
        3,
        1,
        24,
        2,
        29,
        30,
        4,
        1,
        13,
        8,
        7,
        14,
        35,
        29,
        17,
        20,
        33,
        27,
        43,
        10,
        14,
        11,
        5,
        55,
        32,
        31,
        5,
        5,
        13,
        1,
        51,
        28,
        43,
        30,
        2,
        47,
        34,
        43,
        18,
        3,
        53,
        24,
        5,
        5,
        15,
        54,
        14,
        17,
        39,
        52,
        13,
        7,
        21,
        40,
        63,
        46,
        55,
        1,
        50,
        46,
        5,
        54,
        57,
        26,
        23,
        14,
        18,
        51,
        46,
        11,
        9,
        46,
        22,
        14,
        28,
        37,
        24,
        1,
        12,
        53,
        32,
        5,
        2,
        45,
        41,
        14,
        58,
        39,
        29,
        29,
        17,
        43,
        5,
        27,
        18,
        42,
        36,
        54,
        5,
        13,
        31,
        5,
        49,
        22,
        41,
        15,
        28,
        37,
        13,
        36,
        45,
        7,
        39,
        2,
        1,
        52,
        53,
        9,
        48,
        14,
        28,
        26,
        20,
        54,
        14,
        25,
        14,
        2,
        29,
        55,
        11,
        3,
        61,
        9,
        17,
        20,
        42,
        37,
        48,
        39,
        34,
        10,
        52,
        1,
        1,
        1,
        12,
        53,
        13,
        8,
        27,
        40,
        30,
        13,
        37,
        31,
        7,
        16,
        6,
        21,
        8,
        28,
        18,
        12,
        35,
        12,
        37,
        25,
        60,
        45,
        16,
        62,
        25,
        39,
        1,
        23,
        34,
        7,
        22,
        14,
        12,
        24,
        21,
        41,
        6,
        29,
        24,
        3,
        14,
        32,
        2,
        29,
        13,
        16,
        42,
        4,
        22,
        19,
        26,
        39,
        6,
        5,
        12,
        42,
        1,
        49,
        28,
        34,
        38,
        15,
        8,
        38,
        27,
        43,
        58,
        4,
        4,
        51,
        5,
        24,
        17,
        62,
        11,
        2,
        58,
        25,
        23,
        29,
        38,
        51,
        47,
        38,
        5,
        21,
        47,
        3,
        5,
        5,
        32,
        24,
        57,
        12,
        17,
        35,
        42,
        4,
        40,
        4,
        2,
        38,
        54,
        52,
        33,
        9,
        30,
        27,
        29,
        22,
        25,
        27,
        14,
        2,
        33,
        25,
        41,
        10,
        23,
        3,
        1,
        8,
        41,
        24,
        17,
        50,
        19,
        6,
        23,
        4,
        30,
        8,
        4,
        42,
        1,
        48,
        2,
        7,
        18,
        22,
        58,
        9,
        49,
        5,
        17,
        5,
        29,
        10,
        23,
        36,
        61,
        35,
        13,
        28,
        5,
        4,
        1,
        5,
        48,
        1,
        41,
        6,
        35,
        9,
        4,
        21,
        18,
        9,
        13,
        31,
        18,
        45,
        11,
        17,
        19,
        40,
        25,
        10,
        43,
        28,
        42,
        54,
        38,
        46,
        7,
        2,
        60,
        8,
        10,
        47,
        12,
        19,
        47,
        38,
        5,
        4,
        5,
        10,
        30,
        11,
        2,
        11,
        31,
        20,
        1,
        7,
        53,
        8,
        5,
        8,
        7,
        54,
        5,
        5,
        37,
        48,
        32,
        57,
        15,
        60,
        3,
        9,
        6,
        55,
        31,
        31,
        26,
        46,
        42,
        39,
        52,
        41,
        5,
        35,
        30,
        59,
        35,
        46,
        34,
        21,
        6,
        10,
        3,
        23,
        30,
        60,
        9,
        36,
        31,
        38,
        11,
        30,
        12,
        45,
        3,
        23,
        1,
        21,
        3,
        45,
        14,
        10,
        61,
        3,
        29,
        13,
        24,
        37,
        55,
        16,
        34,
        12,
        17,
        9,
        31,
        56,
        1,
        56,
        4,
        55,
        15,
        10,
        17,
        39,
        7,
        29,
        43,
        17,
        17,
        23,
        35,
        14,
        42,
        50,
        23,
        28,
        14,
        46,
        31,
        21,
        44,
        25,
        23,
        34,
        19,
        50,
        12,
        41,
        18,
        4,
        6,
        50,
        38,
        32,
        8,
        13,
        35,
        48,
        38,
        32,
        6,
        14,
        47,
        28,
        3,
        62,
        6,
        1,
        16,
        20,
        55,
        31,
        47,
        35,
        1,
        1,
        50,
        19,
        58,
        46,
        9,
        13,
        23,
        32,
        24,
        16,
        35,
        54,
        38,
        48,
        9,
        11,
