{
    "min_time": 0.0010006427764892578,
    "max_time": 0.09195756912231445,
    "all_time": 0.02031027674674988,
    "min_round": 6,
    "max_round": 10221,
    "all_rounds": 3462203,
    "more_winner": 0,
    "winner": [
        10,
        1,
        33,
        16,
        1,
        41,
        43,
        15,
        1,
        34,
        27,
        4,
        10,
        14,
        4,
        39,
        33,
        7,
        7,
        23,
        16,
        10,
        20,
        2,
        14,
        14,
        3,
        6,
        9,
        43,
        21,
        27,
        9,
        17,
        17,
        21,
        28,
        40,
        15,
        31,
        33,
        35,
        13,
        7,
        26,
        17,
        6,
        15,
        14,
        19,
        22,
        15,
        9,
        17,
        42,
        29,
        8,
        12,
        4,
        7,
        10,
        18,
        2,
        4,
        7,
        28,
        18,
        5,
        10,
        14,
        37,
        23,
        3,
        42,
        14,
        27,
        23,
        33,
        42,
        16,
        7,
        7,
        29,
        3,
        32,
        4,
        5,
        37,
        33,
        3,
        27,
        12,
        11,
        21,
        17,
        10,
        42,
        18,
        36,
        43,
        19,
        25,
        9,
        5,
        24,
        3,
        5,
        25,
        18,
        14,
        18,
        17,
        14,
        30,
        1,
        2,
        17,
        33,
        41,
        12,
        26,
        14,
        4,
        15,
        6,
        3,
        8,
        3,
        17,
        37,
        5,
        4,
        2,
        26,
        36,
        14,
        28,
        10,
        18,
        9,
        22,
        11,
        8,
        31,
        11,
        5,
        11,
        6,
        36,
        19,
        10,
        10,
        11,
        12,
        3,
        43,
        11,
        14,
        8,
        25,
        6,
        7,
        15,
        15,
        29,
        10,
        30,
        3,
        42,
        1,
        6,
        25,
        12,
        6,
        18,
        20,
        20,
        30,
        2,
        12,
        30,
        37,
        34,
        42,
        31,
        1,
        20,
        29,
        36,
        10,
        8,
        4,
        12,
        8,
        6,
        3,
        37,
        1,
        6,
        2,
        5,
        16,
        2,
        37,
        8,
        3,
        36,
        2,
        20,
        19,
        2,
        8,
        11,
        15,
        5,
        8,
        9,
        25,
        5,
        29,
        7,
        9,
        3,
        23,
        37,
        1,
        24,
        5,
        23,
        23,
        7,
        41,
        13,
        26,
        5,
        36,
        2,
        8,
        12,
        4,
        5,
        9,
        28,
        5,
        24,
        1,
        22,
        31,
        31,
        6,
        8,
        5,
        5,
        20,
        11,
        2,
        14,
        41,
        8,
        7,
        24,
        22,
        3,
        1,
        34,
        6,
        7,
        19,
        4,
        30,
        25,
        2,
        25,
        12,
        10,
        24,
        28,
        14,
        31,
        42,
        1,
        31,
        4,
        22,
        4,
        37,
        2,
        13,
        8,
        6,
        19,
        19,
        23,
        42,
        26,
        5,
        22,
        27,
        1,
        15,
        18,
        7,
        21,
        5,
        33,
        31,
        1,
        12,
        35,
        9,
        17,
        5,
        7,
        2,
        9,
        24,
        7,
        8,
        3,
        13,
        33,
        15,
        11,
        20,
        17,
        21,
        27,
        20,
        37,
        2,
        2,
        27,
        11,
        35,
        8,
        7,
        9,
        3,
        2,
        19,
        7,
        3,
        24,
        2,
        2,
        26,
        12,
        8,
        7,
        26,
        28,
        11,
        14,
        15,
        3,
        21,
        15,
        2,
        1,
        32,
        43,
        10,
        5,
        18,
        42,
        26,
        1,
        10,
        8,
        9,
        12,
        15,
        6,
        19,
        7,
        32,
        12,
        5,
        15,
        25,
        19,
        32,
        25,
        16,
        20,
        13,
        6,
        6,
        33,
        1,
        10,
        5,
        36,
        19,
        17,
        4,
        40,
        5,
        8,
        22,
        17,
        14,
        41,
        14,
        14,
        7,
        10,
        15,
        13,
        2,
        9,
        1,
        11,
        32,
        3,
        8,
        14,
        13,
        22,
        16,
        6,
        3,
        21,
        20,
        30,
        15,
        27,
        1,
        11,
        22,
        18,
        16,
        13,
        6,
        22,
        29,
        3,
        12,
        6,
        32,
        5,
        21,
        18,
        2,
        18,
        2,
        7,
        19,
        34,
        6,
        19,
        12,
        24,
        9,
        6,
        19,
        1,
        12,
        8,
        24,
        20,
        6,
        14,
        1,
        8,
        17,
        41,
        7,
        9,
        42,
        7,
        3,
        2,
        39,
        1,
        3,
        22,
        11,
        2,
        12,
        16,
        4,
        26,
        2,
        7,
        3,
        9,
        35,
        7,
        36,
        31,
        13,
        1,
        3,
        3,
        1,
        37,
        35,
        14,
        9,
        3,
        19,
        37,
        3,
        35,
        3,
        17,
        22,
        2,
        37,
        13,
        3,
        14,
        27,
        10,
        16,
        5,
        16,
        11,
        14,
        23,
        7,
        2,
        4,
        12,
        22,
        6,
        3,
        18,
        4,
        10,
        42,
        42,
        11,
        5,
        5,
        38,
        11,
        20,
        6,
        2,
        2,
        6,
        3,
        5,
        34,
        27,
        4,
        1,
        37,
        7,
        25,
        4,
        9,
        4,
        26,
        21,
        10,
        29,
        21,
        10,
        15,
        24,
        26,
        18,
        2,
        2,
        16,
        34,
        22,
        11,
        15,
        15,
        5,
        28,
        11,
        39,
        1,
        19,
        33,
        34,
        2,
        14,
        9,
        19,
        1,
        2,
        1,
        11,
        2,
        22,
        32,
        20,
        33,
        31,
        7,
        3,
        32,
        14,
        11,
        1,
        8,
        17,
        7,
        12,
        8,
        21,
        23,
        12,
        6,
        1,
        8,
        20,
        13,
        29,
        4,
