{
    "min_time": 0.0009982585906982422,
    "max_time": 0.11899971961975098,
    "all_time": 0.025441999912261964,
    "min_round": 5,
    "max_round": 19888,
    "all_rounds": 5804751,
    "more_winner": 0,
    "winner": [
        25,
        77,
        29,
        55,
        17,
        20,
        60,
        3,
        54,
        12,
        8,
        72,
        57,
        75,
        1,
        60,
        47,
        15,
        36,
        38,
        31,
        28,
        10,
        23,
        14,
        4,
        5,
        40,
        84,
        42,
        86,
        52,
        17,
        43,
        19,
        54,
        50,
        86,
        64,
        28,
        85,
        95,
        71,
        8,
        84,
        17,
        59,
        25,
        36,
        18,
        4,
        41,
        44,
        69,
        10,
        50,
        90,
        53,
        63,
        1,
        62,
        8,
        75,
        56,
        24,
        18,
        9,
        11,
        84,
        10,
        18,
        84,
        28,
        6,
        13,
        5,
        13,
        2,
        40,
        30,
        3,
        8,
        22,
        38,
        73,
        1,
        67,
        18,
        31,
        32,
        38,
        57,
        24,
        1,
        75,
        45,
        1,
        92,
        21,
        89,
        20,
        38,
        40,
        66,
        24,
        11,
        35,
        51,
        53,
        38,
        7,
        45,
        32,
        15,
        66,
        34,
        80,
        22,
        10,
        22,
        61,
        5,
        83,
        12,
        32,
        5,
        44,
        5,
        26,
        73,
        8,
        53,
        90,
        36,
        58,
        10,
        73,
        77,
        9,
        48,
        11,
        39,
        77,
        70,
        23,
        19,
        14,
        26,
        69,
        17,
        12,
        88,
        61,
        16,
        12,
        14,
        13,
        13,
        2,
        14,
        16,
        42,
        8,
        3,
        87,
        21,
        24,
        47,
        35,
        81,
        14,
        12,
        32,
        34,
        5,
        93,
        8,
        17,
        49,
        3,
        12,
        95,
        5,
        40,
        2,
        5,
        6,
        27,
        43,
        91,
        36,
        10,
        1,
        31,
        58,
        15,
        25,
        62,
        21,
        5,
        38,
        63,
        84,
        42,
        43,
        61,
        66,
        4,
        39,
        49,
        79,
        58,
        95,
        12,
        45,
        81,
        45,
        68,
        65,
        26,
        69,
        70,
        73,
        77,
        16,
        71,
        9,
        63,
        14,
        45,
        81,
        72,
        43,
        11,
        26,
        66,
        29,
        1,
        29,
        22,
        87,
        61,
        10,
        68,
        18,
        12,
        43,
        42,
        21,
        28,
        19,
        74,
        22,
        54,
        81,
        67,
        37,
        56,
        31,
        77,
        41,
        3,
        35,
        92,
        64,
        20,
        17,
        54,
        7,
        24,
        66,
        3,
        19,
        47,
        51,
        73,
        20,
        59,
        20,
        7,
        53,
        27,
        45,
        2,
        1,
        56,
        78,
        52,
        5,
        77,
        74,
        71,
        14,
        65,
        23,
        36,
        18,
        26,
        14,
        27,
        33,
        70,
        27,
        28,
        13,
        54,
        1,
        30,
        90,
        53,
        49,
        89,
        27,
        19,
        29,
        10,
        12,
        47,
        22,
        18,
        58,
        38,
        26,
        71,
        30,
        27,
        9,
        11,
        12,
        33,
        30,
        49,
        34,
        35,
        45,
        45,
        6,
        32,
        85,
        4,
        80,
        41,
        17,
        55,
        17,
        53,
        22,
        90,
        18,
        10,
        59,
        66,
        5,
        3,
        2,
        15,
        40,
        16,
        91,
        32,
        56,
        37,
        61,
        61,
        12,
        41,
        17,
        16,
        26,
        33,
        50,
        9,
        93,
        11,
        18,
        24,
        41,
        14,
        30,
        12,
        5,
        2,
        6,
        25,
        51,
        39,
        9,
        62,
        37,
        72,
        71,
        25,
        22,
        16,
        7,
        44,
        1,
        13,
        34,
        48,
        13,
        72,
        18,
        26,
        50,
        5,
        63,
        33,
        84,
        31,
        38,
        72,
        1,
        56,
        9,
        34,
        91,
        56,
        12,
        16,
        34,
        10,
        3,
        30,
        78,
        9,
        4,
        70,
        33,
        90,
        4,
        95,
        14,
        64,
        39,
        8,
        34,
        19,
        80,
        37,
        18,
        5,
        16,
        44,
        52,
        11,
        2,
        59,
        12,
        46,
        11,
        5,
        95,
        50,
        8,
        42,
        11,
        3,
        1,
        3,
        53,
        91,
        23,
        64,
        23,
        45,
        46,
        55,
        67,
        31,
        43,
        1,
        56,
        54,
        5,
        3,
        49,
        12,
        43,
        9,
        33,
        20,
        50,
        77,
        12,
        34,
        13,
        65,
        40,
        86,
        60,
        41,
        39,
        17,
        10,
        1,
        24,
        33,
        78,
        4,
        75,
        21,
        5,
        4,
        54,
        1,
        21,
        11,
        26,
        63,
        25,
        2,
        36,
        20,
        52,
        31,
        52,
        3,
        32,
        15,
        84,
        34,
        53,
        73,
        94,
        18,
        40,
        79,
        9,
        24,
        62,
        28,
        40,
        39,
        12,
        64,
        25,
        95,
        8,
        56,
        4,
        34,
        34,
        19,
        14,
        19,
        30,
        23,
        65,
        22,
        76,
        26,
        9,
        1,
        2,
        54,
        80,
        35,
        94,
        15,
        40,
        5,
        17,
        38,
        32,
        94,
        33,
        23,
        43,
        59,
        14,
        3,
        93,
        27,
        17,
        39,
        25,
        47,
        56,
        64,
        28,
        49,
        37,
        32,
        6,
        26,
        28,
        44,
        9,
        16,
        16,
        29,
        2,
        22,
        51,
        7,
        8,
        17,
        11,
        60,
        51,
        29,
        69,
        67,
        49,
