{
    "min_time": 0.0009975433349609375,
    "max_time": 0.07999968528747559,
    "all_time": 0.0233830509185791,
    "min_round": 5,
    "max_round": 19298,
    "all_rounds": 5491759,
    "more_winner": 1,
    "winner": [
        5,
        2,
        69,
        72,
        29,
        14,
        33,
        14,
        29,
        86,
        89,
        86,
        82,
        1,
        53,
        4,
        30,
        88,
        5,
        51,
        23,
        7,
        71,
        11,
        38,
        30,
        44,
        38,
        52,
        42,
        23,
        63,
        28,
        11,
        32,
        87,
        53,
        25,
        38,
        5,
        6,
        53,
        41,
        15,
        55,
        58,
        55,
        16,
        58,
        84,
        19,
        34,
        11,
        21,
        45,
        26,
        1,
        4,
        38,
        67,
        44,
        29,
        22,
        10,
        30,
        19,
        47,
        58,
        64,
        64,
        7,
        37,
        47,
        2,
        21,
        6,
        20,
        17,
        34,
        2,
        76,
        7,
        14,
        86,
        20,
        43,
        6,
        44,
        22,
        64,
        64,
        16,
        11,
        38,
        14,
        4,
        16,
        7,
        29,
        66,
        26,
        30,
        62,
        10,
        21,
        10,
        20,
        88,
        18,
        9,
        50,
        9,
        14,
        20,
        12,
        41,
        20,
        47,
        47,
        11,
        10,
        77,
        10,
        1,
        84,
        34,
        36,
        84,
        32,
        52,
        9,
        20,
        56,
        5,
        61,
        35,
        67,
        59,
        27,
        76,
        17,
        10,
        8,
        21,
        8,
        39,
        29,
        63,
        35,
        1,
        54,
        48,
        8,
        81,
        20,
        10,
        45,
        19,
        18,
        30,
        69,
        44,
        47,
        18,
        10,
        9,
        68,
        6,
        76,
        40,
        15,
        26,
        4,
        2,
        19,
        63,
        56,
        24,
        22,
        70,
        3,
        60,
        9,
        1,
        54,
        18,
        20,
        24,
        22,
        10,
        26,
        1,
        20,
        19,
        2,
        60,
        19,
        38,
        16,
        10,
        19,
        7,
        9,
        22,
        51,
        7,
        15,
        80,
        15,
        80,
        45,
        43,
        10,
        36,
        8,
        86,
        64,
        9,
        62,
        5,
        31,
        12,
        84,
        21,
        50,
        8,
        66,
        27,
        7,
        2,
        47,
        4,
        47,
        48,
        12,
        40,
        71,
        27,
        3,
        9,
        5,
        26,
        22,
        8,
        13,
        80,
        21,
        12,
        30,
        65,
        22,
        7,
        14,
        18,
        41,
        87,
        8,
        5,
        21,
        24,
        46,
        23,
        80,
        58,
        6,
        29,
        10,
        40,
        73,
        32,
        5,
        14,
        43,
        30,
        71,
        66,
        82,
        86,
        86,
        40,
        62,
        46,
        19,
        34,
        10,
        12,
        41,
        31,
        17,
        50,
        79,
        41,
        53,
        1,
        37,
        14,
        15,
        84,
        58,
        71,
        33,
        49,
        22,
        64,
        40,
        17,
        87,
        3,
        22,
        21,
        40,
        3,
        26,
        14,
        43,
        46,
        26,
        14,
        12,
        7,
        54,
        31,
        48,
        33,
        33,
        21,
        1,
        56,
        73,
        36,
        56,
        19,
        76,
        49,
        74,
        17,
        59,
        22,
        7,
        17,
        65,
        3,
        4,
        23,
        10,
        24,
        42,
        33,
        38,
        33,
        88,
        72,
        51,
        50,
        7,
        53,
        7,
        3,
        11,
        21,
        50,
        2,
        74,
        68,
        64,
        85,
        13,
        5,
        38,
        8,
        57,
        45,
        40,
        31,
        25,
        41,
        33,
        64,
        48,
        2,
        39,
        18,
        21,
        53,
        69,
        85,
        48,
        40,
        4,
        34,
        6,
        56,
        4,
        47,
        61,
        45,
        19,
        14,
        65,
        69,
        26,
        4,
        7,
        19,
        43,
        53,
        75,
        26,
        42,
        57,
        22,
        31,
        2,
        29,
        34,
        4,
        61,
        23,
        49,
        1,
        18,
        11,
        75,
        17,
        12,
        72,
        25,
        20,
        12,
        26,
        32,
        15,
        23,
        71,
        3,
        32,
        89,
        22,
        14,
        34,
        5,
        35,
        55,
        2,
        13,
        9,
        67,
        20,
        1,
        31,
        1,
        2,
        2,
        47,
        53,
        1,
        39,
        16,
        85,
        66,
        39,
        16,
        11,
        71,
        48,
        40,
        29,
        77,
        6,
        67,
        31,
        29,
        35,
        5,
        51,
        9,
        32,
        8,
        8,
        85,
        22,
        76,
        4,
        22,
        53,
        57,
        19,
        11,
        33,
        59,
        5,
        12,
        42,
        26,
        28,
        37,
        83,
        7,
        74,
        14,
        11,
        81,
        19,
        8,
        48,
        23,
        87,
        1,
        1,
        26,
        17,
        49,
        39,
        8,
        11,
        38,
        32,
        84,
        13,
        77,
        75,
        37,
        13,
        20,
        35,
        33,
        24,
        20,
        61,
        3,
        2,
        27,
        22,
        5,
        46,
        47,
        42,
        24,
        50,
        22,
        68,
        14,
        77,
        20,
        19,
        7,
        26,
        9,
        22,
        11,
        30,
        67,
        12,
        7,
        8,
        12,
        47,
        10,
        33,
        44,
        43,
        6,
        15,
        27,
        38,
        28,
        86,
        49,
        40,
        39,
        53,
        4,
        10,
        53,
        31,
        4,
        1,
        28,
        63,
        13,
        9,
        13,
        75,
        17,
        34,
        75,
        66,
        65,
        11,
        44,
        36,
        6,
        18,
        49,
        86,
        49,
        9,
        61,
        25,
        84,
        88,
        10,
        27,
        71,
        48,
        38,
