{
    "min_time": 0.0,
    "max_time": 0.059999704360961914,
    "all_time": 0.01543723201751709,
    "min_round": 5,
    "max_round": 11200,
    "all_rounds": 3515400,
    "more_winner": 0,
    "winner": [
        22,
        10,
        33,
        18,
        2,
        17,
        5,
        7,
        59,
        45,
        5,
        1,
        46,
        41,
        3,
        21,
        27,
        21,
        33,
        4,
        1,
        53,
        1,
        47,
        16,
        31,
        32,
        34,
        36,
        13,
        30,
        2,
        11,
        1,
        29,
        25,
        34,
        30,
        58,
        3,
        33,
        17,
        34,
        25,
        41,
        3,
        1,
        2,
        40,
        13,
        29,
        56,
        35,
        18,
        7,
        2,
        55,
        25,
        2,
        36,
        32,
        14,
        56,
        19,
        3,
        14,
        9,
        33,
        18,
        39,
        44,
        55,
        3,
        23,
        30,
        59,
        13,
        28,
        49,
        25,
        25,
        21,
        22,
        25,
        4,
        18,
        58,
        2,
        1,
        31,
        11,
        29,
        15,
        5,
        46,
        30,
        1,
        2,
        28,
        40,
        35,
        9,
        19,
        1,
        41,
        39,
        20,
        2,
        37,
        47,
        31,
        15,
        13,
        32,
        1,
        8,
        3,
        16,
        25,
        55,
        12,
        59,
        50,
        32,
        2,
        11,
        55,
        8,
        30,
        3,
        11,
        2,
        58,
        44,
        14,
        16,
        52,
        25,
        9,
        1,
        40,
        10,
        19,
        21,
        22,
        46,
        11,
        34,
        38,
        14,
        4,
        5,
        59,
        46,
        45,
        44,
        43,
        24,
        48,
        11,
        13,
        55,
        51,
        60,
        36,
        5,
        3,
        24,
        19,
        1,
        2,
        52,
        16,
        6,
        47,
        24,
        26,
        28,
        17,
        24,
        36,
        5,
        32,
        29,
        12,
        17,
        20,
        10,
        2,
        22,
        16,
        14,
        19,
        16,
        15,
        7,
        12,
        52,
        32,
        4,
        31,
        28,
        3,
        60,
        1,
        8,
        6,
        51,
        15,
        3,
        26,
        8,
        31,
        32,
        40,
        59,
        14,
        17,
        7,
        2,
        34,
        4,
        14,
        26,
        15,
        1,
        5,
        26,
        3,
        56,
        42,
        35,
        22,
        35,
        45,
        11,
        34,
        11,
        35,
        51,
        56,
        1,
        49,
        15,
        6,
        30,
        19,
        47,
        45,
        28,
        40,
        4,
        1,
        31,
        15,
        9,
        57,
        9,
        18,
        1,
        40,
        8,
        16,
        17,
        39,
        31,
        36,
        23,
        10,
        36,
        1,
        4,
        18,
        57,
        26,
        2,
        2,
        11,
        43,
        29,
        9,
        14,
        31,
        12,
        8,
        1,
        44,
        3,
        50,
        17,
        31,
        25,
        1,
        2,
        41,
        2,
        26,
        11,
        40,
        56,
        49,
        20,
        19,
        23,
        9,
        19,
        11,
        32,
        2,
        21,
        17,
        4,
        47,
        12,
        55,
        8,
        47,
        41,
        25,
        38,
        24,
        25,
        1,
        34,
        3,
        3,
        33,
        1,
        11,
        36,
        8,
        43,
        47,
        40,
        2,
        6,
        34,
        4,
        22,
        56,
        43,
        4,
        33,
        3,
        16,
        39,
        3,
        21,
        28,
        20,
        25,
        27,
        21,
        17,
        7,
        23,
        9,
        9,
        16,
        21,
        36,
        14,
        13,
        12,
        20,
        21,
        42,
        18,
        30,
        34,
        9,
        20,
        22,
        12,
        24,
        13,
        31,
        15,
        50,
        57,
        23,
        23,
        17,
        41,
        31,
        22,
        8,
        42,
        57,
        22,
        45,
        36,
        51,
        4,
        4,
        9,
        22,
        36,
        39,
        27,
        42,
        40,
        51,
        1,
        57,
        7,
        58,
        11,
        20,
        32,
        13,
        18,
        40,
        38,
        42,
        26,
        43,
        7,
        4,
        17,
        26,
        54,
        53,
        43,
        4,
        9,
        6,
        34,
        53,
        45,
        32,
        24,
        43,
        38,
        14,
        15,
        51,
        54,
        18,
        57,
        38,
        16,
        1,
        12,
        12,
        33,
        40,
        9,
        1,
        44,
        16,
        46,
        2,
        25,
        33,
        23,
        38,
        29,
        21,
        3,
        42,
        11,
        2,
        48,
        21,
        59,
        17,
        10,
        22,
        53,
        2,
        56,
        19,
        48,
        46,
        43,
        14,
        9,
        1,
        26,
        3,
        22,
        16,
        47,
        6,
        14,
        23,
        7,
        56,
        6,
        28,
        22,
        18,
        20,
        43,
        40,
        50,
        24,
        48,
        12,
        26,
        57,
        58,
        34,
        4,
        41,
        39,
        21,
        56,
        53,
        16,
        9,
        23,
        28,
        34,
        2,
        12,
        18,
        18,
        26,
        47,
        46,
        28,
        42,
        49,
        21,
        36,
        37,
        4,
        18,
        48,
        9,
        7,
        22,
        32,
        40,
        19,
        49,
        1,
        1,
        14,
        19,
        26,
        10,
        37,
        42,
        12,
        25,
        36,
        57,
        17,
        29,
        41,
        4,
        5,
        3,
        6,
        46,
        30,
        25,
        24,
        26,
        20,
        13,
        36,
        48,
        43,
        24,
        4,
        2,
        38,
        60,
        19,
        29,
        51,
        27,
        20,
        61,
        12,
        22,
        18,
        15,
        14,
        17,
        19,
        28,
        11,
        33,
        53,
        29,
        9,
        54,
        13,
        59,
        44,
        52,
        33,
        2,
        7,
        2,
        6,
        4,
        35,
        5,
        26,
        19,
        28,
        21,
        20,
