{
    "min_time": 0.0,
    "max_time": 0.09300112724304199,
    "all_time": 0.01503652572631836,
    "min_round": 5,
    "max_round": 8000,
    "all_rounds": 2228694,
    "more_winner": 0,
    "winner": [
        23,
        19,
        19,
        17,
        1,
        14,
        34,
        23,
        6,
        1,
        19,
        16,
        25,
        10,
        28,
        19,
        2,
        3,
        1,
        12,
        13,
        14,
        8,
        3,
        14,
        7,
        1,
        13,
        20,
        21,
        22,
        10,
        32,
        28,
        23,
        2,
        17,
        1,
        12,
        1,
        10,
        10,
        4,
        1,
        2,
        10,
        32,
        2,
        24,
        24,
        21,
        3,
        10,
        13,
        19,
        26,
        34,
        2,
        21,
        31,
        26,
        3,
        18,
        2,
        10,
        28,
        39,
        12,
        31,
        25,
        19,
        26,
        12,
        9,
        24,
        6,
        14,
        4,
        21,
        21,
        7,
        11,
        11,
        24,
        7,
        18,
        4,
        5,
        34,
        10,
        7,
        12,
        35,
        23,
        16,
        1,
        19,
        5,
        9,
        9,
        38,
        2,
        6,
        19,
        23,
        5,
        9,
        12,
        14,
        10,
        34,
        13,
        8,
        8,
        5,
        17,
        11,
        3,
        36,
        19,
        35,
        2,
        33,
        21,
        3,
        5,
        1,
        22,
        10,
        8,
        3,
        19,
        37,
        39,
        9,
        25,
        22,
        3,
        17,
        27,
        5,
        8,
        15,
        10,
        22,
        12,
        25,
        1,
        13,
        26,
        3,
        3,
        4,
        32,
        8,
        27,
        35,
        38,
        24,
        27,
        3,
        35,
        25,
        5,
        5,
        18,
        7,
        26,
        9,
        31,
        14,
        5,
        24,
        24,
        19,
        10,
        27,
        18,
        33,
        38,
        14,
        16,
        34,
        22,
        15,
        1,
        9,
        9,
        15,
        7,
        4,
        23,
        30,
        4,
        7,
        3,
        9,
        19,
        1,
        8,
        4,
        5,
        33,
        1,
        14,
        20,
        18,
        28,
        7,
        9,
        20,
        23,
        6,
        35,
        28,
        22,
        24,
        1,
        37,
        37,
        29,
        9,
        6,
        8,
        34,
        18,
        28,
        15,
        17,
        30,
        6,
        9,
        30,
        24,
        30,
        5,
        5,
        8,
        18,
        20,
        14,
        3,
        11,
        5,
        5,
        31,
        2,
        21,
        7,
        26,
        29,
        2,
        25,
        4,
        23,
        5,
        4,
        9,
        2,
        18,
        23,
        39,
        38,
        26,
        28,
        27,
        4,
        14,
        34,
        1,
        29,
        12,
        6,
        10,
        32,
        5,
        10,
        29,
        18,
        12,
        28,
        30,
        11,
        8,
        6,
        22,
        22,
        20,
        13,
        9,
        15,
        26,
        13,
        24,
        3,
        9,
        32,
        28,
        10,
        8,
        15,
        3,
        6,
        5,
        21,
        30,
        5,
        26,
        32,
        6,
        21,
        14,
        14,
        16,
        9,
        8,
        24,
        25,
        36,
        9,
        34,
        18,
        25,
        13,
        2,
        33,
        6,
        27,
        27,
        4,
        34,
        4,
        28,
        13,
        11,
        21,
        35,
        37,
        14,
        38,
        11,
        5,
        7,
        11,
        26,
        32,
        3,
        5,
        13,
        23,
        9,
        29,
        9,
        7,
        17,
        11,
        23,
        27,
        2,
        30,
        2,
        27,
        4,
        12,
        12,
        34,
        29,
        19,
        14,
        3,
        2,
        7,
        1,
        16,
        1,
        28,
        16,
        28,
        6,
        12,
        8,
        36,
        2,
        11,
        33,
        9,
        32,
        34,
        2,
        18,
        15,
        16,
        20,
        3,
        27,
        35,
        14,
        37,
        24,
        6,
        34,
        9,
        19,
        10,
        22,
        14,
        2,
        14,
        20,
        19,
        30,
        11,
        5,
        30,
        28,
        4,
        20,
        4,
        19,
        33,
        19,
        17,
        18,
        25,
        1,
        37,
        24,
        17,
        21,
        6,
        30,
        17,
        22,
        23,
        20,
        17,
        19,
        24,
        10,
        4,
        6,
        34,
        6,
        5,
        36,
        5,
        2,
        9,
        16,
        17,
        18,
        9,
        4,
        5,
        35,
        15,
        16,
        16,
        26,
        4,
        29,
        12,
        1,
        5,
        5,
        13,
        4,
        6,
        21,
        14,
        17,
        10,
        33,
        3,
        2,
        30,
        11,
        17,
        21,
        15,
        22,
        27,
        2,
        11,
        6,
        4,
        9,
        8,
        11,
        30,
        33,
        34,
        29,
        9,
        17,
        15,
        21,
        3,
        23,
        17,
        1,
        21,
        2,
        38,
        36,
        8,
        2,
        26,
        25,
        6,
        18,
        17,
        19,
        29,
        7,
        10,
        17,
        3,
        5,
        27,
        36,
        18,
        5,
        12,
        1,
        17,
        38,
        26,
        1,
        17,
        37,
        29,
        24,
        22,
        18,
        10,
        30,
        11,
        10,
        34,
        14,
        20,
        7,
        39,
        16,
        26,
        8,
        11,
        28,
        9,
        13,
        13,
        3,
        5,
        12,
        3,
        13,
        1,
        32,
        19,
        1,
        14,
        38,
        7,
        3,
        19,
        6,
        12,
        12,
        11,
        28,
        10,
        19,
        13,
        13,
        28,
        9,
        15,
        14,
        7,
        18,
        6,
        23,
        3,
        29,
        18,
        8,
        20,
        23,
        3,
        15,
        22,
        24,
        35,
        12,
        30,
        22,
        9,
        15,
        20,
        1,
        6,
        1,
        31,
        17,
        12,
        11,
        12,
        18,
        17,
        5,
        18,
        4,
        22,
        11,
