{
    "min_time": 0.0009963512420654297,
    "max_time": 0.08700037002563477,
    "all_time": 0.023508054971694947,
    "min_round": 5,
    "max_round": 18115,
    "all_rounds": 5359252,
    "more_winner": 0,
    "winner": [
        36,
        76,
        26,
        37,
        34,
        9,
        40,
        28,
        29,
        83,
        10,
        36,
        41,
        70,
        2,
        15,
        15,
        35,
        47,
        42,
        39,
        22,
        8,
        46,
        7,
        14,
        41,
        46,
        46,
        42,
        37,
        47,
        19,
        17,
        16,
        41,
        70,
        20,
        14,
        87,
        5,
        40,
        24,
        43,
        33,
        66,
        43,
        27,
        15,
        6,
        33,
        43,
        48,
        40,
        82,
        5,
        1,
        19,
        15,
        22,
        40,
        27,
        43,
        12,
        46,
        81,
        88,
        81,
        7,
        13,
        69,
        24,
        43,
        36,
        68,
        18,
        75,
        25,
        2,
        8,
        22,
        86,
        26,
        2,
        3,
        72,
        23,
        44,
        54,
        64,
        71,
        2,
        49,
        30,
        66,
        24,
        9,
        34,
        24,
        34,
        4,
        59,
        18,
        47,
        57,
        23,
        6,
        41,
        51,
        2,
        4,
        8,
        42,
        42,
        10,
        28,
        61,
        52,
        36,
        86,
        9,
        11,
        45,
        7,
        6,
        5,
        81,
        14,
        25,
        23,
        11,
        23,
        49,
        63,
        42,
        1,
        65,
        6,
        7,
        55,
        11,
        44,
        32,
        17,
        53,
        14,
        52,
        23,
        55,
        70,
        21,
        7,
        32,
        37,
        24,
        15,
        10,
        79,
        13,
        15,
        29,
        6,
        14,
        10,
        34,
        65,
        14,
        9,
        8,
        12,
        20,
        57,
        19,
        2,
        4,
        11,
        19,
        73,
        45,
        27,
        40,
        17,
        11,
        88,
        30,
        7,
        4,
        72,
        47,
        29,
        58,
        13,
        41,
        5,
        7,
        2,
        5,
        85,
        39,
        36,
        46,
        10,
        59,
        3,
        33,
        23,
        23,
        63,
        82,
        7,
        62,
        4,
        3,
        2,
        43,
        3,
        14,
        9,
        23,
        72,
        2,
        48,
        3,
        43,
        73,
        63,
        1,
        3,
        57,
        35,
        40,
        27,
        6,
        49,
        41,
        10,
        80,
        17,
        40,
        56,
        71,
        18,
        46,
        21,
        52,
        3,
        62,
        72,
        73,
        38,
        1,
        6,
        47,
        56,
        12,
        29,
        74,
        2,
        2,
        20,
        15,
        70,
        9,
        34,
        45,
        3,
        34,
        13,
        33,
        31,
        6,
        3,
        69,
        9,
        46,
        74,
        4,
        23,
        6,
        18,
        38,
        39,
        20,
        40,
        30,
        73,
        15,
        33,
        13,
        79,
        13,
        1,
        19,
        28,
        58,
        34,
        1,
        65,
        36,
        24,
        45,
        58,
        23,
        85,
        23,
        49,
        49,
        33,
        3,
        26,
        4,
        63,
        59,
        36,
        41,
        10,
        76,
        67,
        53,
        23,
        47,
        30,
        6,
        21,
        87,
        27,
        11,
        51,
        68,
        43,
        20,
        14,
        49,
        35,
        69,
        63,
        5,
        1,
        35,
        21,
        25,
        39,
        49,
        80,
        6,
        45,
        10,
        10,
        62,
        86,
        45,
        79,
        47,
        32,
        55,
        3,
        42,
        44,
        26,
        32,
        41,
        15,
        8,
        47,
        29,
        15,
        70,
        25,
        11,
        41,
        40,
        41,
        8,
        1,
        7,
        20,
        60,
        80,
        72,
        39,
        16,
        48,
        45,
        50,
        48,
        16,
        57,
        11,
        88,
        21,
        36,
        15,
        16,
        4,
        2,
        45,
        27,
        34,
        68,
        2,
        47,
        60,
        37,
        1,
        47,
        27,
        78,
        73,
        12,
        2,
        78,
        27,
        12,
        54,
        11,
        66,
        73,
        84,
        31,
        73,
        88,
        58,
        28,
        30,
        27,
        5,
        53,
        82,
        23,
        7,
        23,
        42,
        60,
        10,
        4,
        74,
        16,
        26,
        5,
        1,
        27,
        3,
        36,
        8,
        38,
        84,
        70,
        38,
        1,
        54,
        10,
        13,
        2,
        77,
        78,
        1,
        35,
        88,
        76,
        44,
        76,
        87,
        2,
        26,
        34,
        4,
        1,
        2,
        29,
        2,
        16,
        31,
        39,
        53,
        30,
        56,
        19,
        86,
        10,
        37,
        75,
        45,
        38,
        5,
        59,
        9,
        16,
        36,
        6,
        49,
        65,
        11,
        14,
        12,
        66,
        4,
        86,
        6,
        15,
        56,
        37,
        39,
        11,
        6,
        40,
        48,
        21,
        49,
        13,
        5,
        81,
        38,
        35,
        65,
        84,
        3,
        38,
        79,
        19,
        44,
        26,
        46,
        2,
        30,
        36,
        75,
        16,
        13,
        84,
        68,
        60,
        49,
        78,
        17,
        70,
        26,
        85,
        59,
        57,
        3,
        51,
        2,
        35,
        17,
        47,
        9,
        53,
        15,
        78,
        10,
        7,
        5,
        68,
        26,
        80,
        69,
        63,
        42,
        5,
        17,
        23,
        8,
        4,
        7,
        54,
        14,
        3,
        3,
        4,
        58,
        36,
        9,
        67,
        24,
        42,
        88,
        18,
        88,
        62,
        82,
        9,
        17,
        11,
        32,
        24,
        13,
        4,
        16,
        26,
        40,
        7,
        12,
        3,
        22,
        15,
        17,
        14,
        5,
        20,
        8,
        18,
        29,
        19,
        42,
        42,
        46,
