{
    "min_time": 0.0,
    "max_time": 0.07800006866455078,
    "all_time": 0.018007599353790284,
    "min_round": 5,
    "max_round": 14973,
    "all_rounds": 4202839,
    "more_winner": 0,
    "winner": [
        47,
        20,
        41,
        2,
        9,
        19,
        64,
        67,
        26,
        10,
        16,
        17,
        14,
        21,
        1,
        22,
        1,
        8,
        11,
        25,
        44,
        6,
        51,
        15,
        4,
        67,
        27,
        5,
        14,
        23,
        45,
        10,
        32,
        63,
        12,
        51,
        24,
        57,
        1,
        27,
        31,
        59,
        39,
        1,
        67,
        13,
        59,
        8,
        27,
        1,
        41,
        20,
        46,
        8,
        35,
        64,
        67,
        13,
        64,
        14,
        35,
        26,
        2,
        15,
        16,
        10,
        36,
        50,
        29,
        63,
        64,
        11,
        41,
        54,
        39,
        18,
        34,
        46,
        57,
        2,
        15,
        17,
        38,
        36,
        37,
        22,
        42,
        13,
        26,
        7,
        27,
        28,
        50,
        54,
        43,
        4,
        11,
        13,
        55,
        22,
        49,
        57,
        4,
        1,
        39,
        25,
        15,
        8,
        45,
        12,
        2,
        17,
        55,
        16,
        11,
        62,
        26,
        21,
        65,
        32,
        45,
        39,
        3,
        32,
        28,
        52,
        4,
        12,
        30,
        1,
        1,
        26,
        27,
        27,
        66,
        43,
        3,
        69,
        21,
        1,
        24,
        17,
        62,
        24,
        29,
        4,
        21,
        59,
        21,
        5,
        38,
        24,
        39,
        32,
        52,
        12,
        19,
        43,
        20,
        30,
        35,
        5,
        25,
        10,
        1,
        4,
        18,
        4,
        1,
        66,
        15,
        61,
        38,
        3,
        29,
        59,
        45,
        2,
        18,
        25,
        52,
        20,
        62,
        3,
        48,
        7,
        2,
        16,
        24,
        51,
        30,
        9,
        33,
        34,
        32,
        14,
        31,
        51,
        7,
        6,
        48,
        4,
        9,
        39,
        5,
        26,
        43,
        28,
        2,
        31,
        14,
        32,
        25,
        59,
        52,
        33,
        60,
        64,
        22,
        4,
        23,
        33,
        27,
        3,
        39,
        3,
        26,
        55,
        24,
        40,
        30,
        6,
        23,
        38,
        63,
        6,
        3,
        21,
        66,
        17,
        27,
        10,
        39,
        58,
        49,
        36,
        13,
        37,
        19,
        48,
        46,
        23,
        32,
        30,
        42,
        42,
        45,
        46,
        52,
        22,
        36,
        28,
        28,
        15,
        16,
        17,
        66,
        32,
        43,
        3,
        43,
        25,
        3,
        71,
        24,
        4,
        16,
        53,
        36,
        22,
        68,
        7,
        2,
        9,
        24,
        32,
        65,
        53,
        67,
        65,
        41,
        56,
        13,
        2,
        4,
        3,
        40,
        26,
        14,
        19,
        54,
        12,
        16,
        26,
        8,
        9,
        31,
        56,
        10,
        19,
        31,
        7,
        16,
        4,
        23,
        34,
        1,
        47,
        4,
        65,
        14,
        36,
        12,
        42,
        29,
        8,
        65,
        24,
        33,
        13,
        59,
        40,
        1,
        10,
        19,
        28,
        53,
        1,
        67,
        57,
        24,
        20,
        27,
        17,
        19,
        36,
        31,
        1,
        21,
        47,
        19,
        40,
        37,
        67,
        40,
        39,
        37,
        7,
        28,
        11,
        69,
        22,
        6,
        25,
        34,
        38,
        63,
        46,
        13,
        12,
        13,
        14,
        4,
        52,
        7,
        11,
        47,
        64,
        8,
        40,
        41,
        7,
        29,
        15,
        29,
        11,
        20,
        36,
        19,
        44,
        29,
        64,
        63,
        25,
        17,
        48,
        18,
        19,
        17,
        30,
        43,
        3,
        17,
        11,
        14,
        12,
        2,
        14,
        7,
        20,
        42,
        30,
        16,
        14,
        43,
        1,
        16,
        39,
        2,
        18,
        9,
        66,
        9,
        16,
        41,
        19,
        39,
        59,
        30,
        14,
        31,
        47,
        4,
        16,
        11,
        33,
        26,
        12,
        5,
        7,
        71,
        33,
        47,
        65,
        32,
        36,
        1,
        15,
        17,
        24,
        25,
        52,
        36,
        2,
        27,
        51,
        7,
        34,
        2,
        6,
        11,
        7,
        13,
        7,
        17,
        46,
        11,
        31,
        24,
        64,
        70,
        19,
        6,
        3,
        18,
        23,
        33,
        18,
        33,
        43,
        14,
        1,
        19,
        10,
        9,
        9,
        17,
        24,
        11,
        25,
        32,
        42,
        3,
        42,
        28,
        65,
        37,
        33,
        63,
        19,
        9,
        11,
        56,
        18,
        12,
        47,
        23,
        67,
        56,
        7,
        9,
        32,
        33,
        27,
        23,
        28,
        1,
        33,
        71,
        13,
        58,
        8,
        1,
        20,
        14,
        31,
        43,
        3,
        1,
        25,
        18,
        58,
        29,
        12,
        53,
        49,
        24,
        10,
        48,
        17,
        15,
        38,
        14,
        9,
        10,
        34,
        39,
        65,
        7,
        38,
        65,
        38,
        61,
        28,
        49,
        27,
        21,
        71,
        9,
        43,
        5,
        8,
        29,
        54,
        13,
        41,
        58,
        50,
        59,
        4,
        50,
        38,
        22,
        38,
        32,
        18,
        17,
        41,
        45,
        31,
        15,
        57,
        25,
        36,
        10,
        22,
        28,
        51,
        9,
        27,
        16,
        12,
        6,
        6,
        23,
        70,
        1,
        30,
        16,
        11,
        57,
        27,
        52,
        24,
        44,
        24,
        45,
