{
    "min_time": 0.000997781753540039,
    "max_time": 0.13400006294250488,
    "all_time": 0.026594562768936156,
    "min_round": 5,
    "max_round": 20168,
    "all_rounds": 5934924,
    "more_winner": 0,
    "winner": [
        7,
        62,
        54,
        20,
        45,
        67,
        50,
        22,
        41,
        9,
        9,
        17,
        6,
        61,
        57,
        18,
        44,
        12,
        18,
        53,
        19,
        4,
        15,
        71,
        84,
        22,
        52,
        11,
        49,
        56,
        2,
        62,
        54,
        35,
        17,
        92,
        10,
        46,
        12,
        18,
        37,
        53,
        37,
        5,
        14,
        76,
        30,
        57,
        89,
        27,
        39,
        4,
        90,
        45,
        33,
        93,
        54,
        64,
        18,
        19,
        90,
        35,
        35,
        59,
        12,
        12,
        60,
        37,
        52,
        70,
        45,
        51,
        38,
        47,
        5,
        51,
        28,
        69,
        33,
        12,
        20,
        4,
        95,
        39,
        1,
        78,
        86,
        54,
        29,
        36,
        40,
        12,
        9,
        76,
        68,
        23,
        29,
        7,
        37,
        12,
        38,
        38,
        1,
        58,
        2,
        82,
        9,
        9,
        53,
        26,
        1,
        64,
        18,
        1,
        55,
        65,
        11,
        82,
        7,
        15,
        51,
        28,
        30,
        8,
        32,
        44,
        42,
        58,
        5,
        66,
        70,
        53,
        73,
        26,
        76,
        86,
        21,
        12,
        72,
        28,
        45,
        1,
        72,
        33,
        36,
        93,
        18,
        87,
        55,
        11,
        63,
        81,
        3,
        37,
        92,
        14,
        33,
        5,
        61,
        49,
        12,
        34,
        89,
        61,
        53,
        5,
        46,
        31,
        13,
        35,
        66,
        30,
        16,
        9,
        22,
        29,
        7,
        21,
        81,
        20,
        11,
        44,
        12,
        40,
        90,
        10,
        28,
        56,
        93,
        21,
        14,
        25,
        39,
        52,
        6,
        24,
        18,
        65,
        51,
        31,
        15,
        20,
        27,
        10,
        32,
        2,
        89,
        16,
        4,
        43,
        9,
        5,
        25,
        17,
        40,
        65,
        49,
        17,
        17,
        43,
        32,
        1,
        15,
        89,
        93,
        38,
        2,
        17,
        22,
        1,
        5,
        29,
        35,
        23,
        2,
        3,
        38,
        28,
        48,
        15,
        13,
        23,
        65,
        15,
        21,
        91,
        40,
        21,
        48,
        6,
        87,
        92,
        18,
        56,
        35,
        44,
        28,
        56,
        14,
        35,
        1,
        75,
        67,
        20,
        77,
        7,
        16,
        26,
        51,
        33,
        8,
        42,
        62,
        39,
        19,
        58,
        8,
        48,
        31,
        28,
        42,
        85,
        28,
        29,
        21,
        3,
        76,
        19,
        64,
        32,
        3,
        23,
        31,
        45,
        75,
        92,
        28,
        21,
        96,
        41,
        13,
        61,
        62,
        66,
        80,
        4,
        21,
        27,
        30,
        67,
        8,
        31,
        32,
        25,
        18,
        77,
        36,
        16,
        87,
        2,
        13,
        27,
        62,
        12,
        69,
        48,
        61,
        72,
        42,
        38,
        14,
        27,
        11,
        57,
        9,
        61,
        18,
        6,
        90,
        32,
        5,
        95,
        52,
        21,
        89,
        48,
        87,
        45,
        64,
        1,
        41,
        13,
        38,
        90,
        2,
        71,
        30,
        71,
        77,
        74,
        9,
        32,
        1,
        77,
        20,
        45,
        52,
        34,
        45,
        4,
        28,
        66,
        87,
        30,
        43,
        34,
        80,
        21,
        27,
        39,
        85,
        72,
        41,
        2,
        17,
        15,
        16,
        82,
        75,
        75,
        17,
        98,
        82,
        57,
        49,
        20,
        1,
        52,
        3,
        34,
        60,
        33,
        32,
        56,
        65,
        37,
        14,
        20,
        18,
        36,
        37,
        80,
        40,
        13,
        46,
        74,
        11,
        7,
        68,
        66,
        7,
        8,
        32,
        28,
        6,
        6,
        53,
        19,
        57,
        86,
        5,
        27,
        29,
        12,
        27,
        49,
        26,
        1,
        17,
        19,
        60,
        14,
        98,
        32,
        18,
        57,
        64,
        69,
        32,
        7,
        69,
        9,
        38,
        7,
        2,
        21,
        8,
        7,
        90,
        10,
        62,
        38,
        53,
        35,
        1,
        5,
        87,
        40,
        65,
        21,
        37,
        63,
        8,
        98,
        14,
        79,
        73,
        61,
        11,
        30,
        23,
        2,
        12,
        78,
        67,
        1,
        2,
        16,
        39,
        38,
        38,
        8,
        16,
        21,
        4,
        26,
        24,
        12,
        61,
        82,
        92,
        33,
        40,
        84,
        12,
        7,
        64,
        38,
        95,
        19,
        39,
        23,
        46,
        12,
        69,
        12,
        5,
        1,
        50,
        17,
        55,
        60,
        13,
        17,
        73,
        92,
        67,
        32,
        25,
        5,
        5,
        83,
        1,
        72,
        15,
        32,
        26,
        88,
        51,
        3,
        51,
        94,
        7,
        82,
        34,
        26,
        86,
        16,
        13,
        71,
        68,
        27,
        25,
        27,
        33,
        40,
        14,
        22,
        79,
        1,
        29,
        23,
        42,
        4,
        80,
        45,
        21,
        32,
        8,
        70,
        37,
        16,
        67,
        50,
        74,
        2,
        6,
        61,
        55,
        49,
        29,
        69,
        17,
        13,
        40,
        10,
        7,
        16,
        22,
        64,
        84,
        98,
        74,
        31,
        62,
        14,
        11,
        44,
        58,
        46,
        28,
        39,
        23,
        60,
