{
    "min_time": 0.0,
    "max_time": 0.029001712799072266,
    "all_time": 0.005462523460388184,
    "min_round": 55,
    "max_round": 4400,
    "all_rounds": 994271,
    "more_winner": 0,
    "winner": [
        7,
        11,
        9,
        14,
        1,
        5,
        2,
        12,
        6,
        3,
        4,
        13,
        10,
        12,
        5,
        3,
        3,
        3,
        14,
        2,
        5,
        13,
        1,
        8,
        2,
        7,
        2,
        2,
        12,
        1,
        3,
        13,
        15,
        13,
        9,
        1,
        15,
        1,
        5,
        9,
        1,
        1,
        13,
        8,
        7,
        12,
        1,
        9,
        2,
        14,
        10,
        9,
        3,
        1,
        13,
        12,
        5,
        2,
        14,
        8,
        8,
        15,
        7,
        2,
        2,
        11,
        4,
        15,
        6,
        7,
        2,
        3,
        6,
        4,
        1,
        9,
        6,
        10,
        9,
        1,
        5,
        9,
        9,
        10,
        10,
        3,
        1,
        1,
        14,
        12,
        12,
        4,
        15,
        12,
        10,
        4,
        10,
        10,
        11,
        13,
        15,
        5,
        5,
        3,
        6,
        3,
        14,
        2,
        3,
        5,
        1,
        8,
        5,
        8,
        11,
        1,
        11,
        8,
        1,
        5,
        2,
        11,
        2,
        1,
        1,
        6,
        8,
        10,
        10,
        5,
        10,
        11,
        13,
        6,
        2,
        8,
        4,
        7,
        13,
        13,
        3,
        2,
        4,
        3,
        13,
        1,
        10,
        12,
        15,
        2,
        4,
        4,
        10,
        13,
        15,
        12,
        4,
        5,
        15,
        12,
        5,
        8,
        9,
        13,
        4,
        3,
        4,
        9,
        6,
        6,
        2,
        11,
        7,
        10,
        15,
        3,
        5,
        3,
        7,
        12,
        1,
        12,
        1,
        10,
        10,
        9,
        13,
        7,
        14,
        15,
        1,
        11,
        4,
        6,
        2,
        3,
        11,
        13,
        6,
        10,
        7,
        7,
        11,
        9,
        7,
        1,
        11,
        1,
        1,
        5,
        1,
        2,
        10,
        7,
        2,
        12,
        3,
        8,
        4,
        14,
        2,
        5,
        3,
        14,
        9,
        3,
        11,
        1,
        2,
        10,
        6,
        1,
        14,
        10,
        5,
        2,
        5,
        8,
        13,
        11,
        7,
        3,
        6,
        1,
        12,
        13,
        3,
        14,
        4,
        6,
        6,
        4,
        9,
        2,
        6,
        13,
        1,
        10,
        5,
        4,
        9,
        2,
        5,
        9,
        5,
        1,
        3,
        2,
        14,
        1,
        3,
        13,
        15,
        3,
        6,
        15,
        2,
        4,
        3,
        8,
        3,
        2,
        3,
        6,
        10,
        1,
        11,
        5,
        5,
        12,
        5,
        6,
        10,
        5,
        2,
        6,
        8,
        11,
        6,
        14,
        11,
        15,
        9,
        2,
        15,
        3,
        13,
        12,
        2,
        7,
        4,
        8,
        4,
        12,
        8,
        13,
        9,
        7,
        12,
        14,
        1,
        2,
        7,
        2,
        5,
        6,
        13,
        15,
        3,
        1,
        1,
        5,
        11,
        6,
        11,
        4,
        14,
        13,
        11,
        1,
        4,
        14,
        3,
        2,
        5,
        6,
        3,
        10,
        4,
        7,
        6,
        7,
        7,
        11,
        12,
        4,
        14,
        2,
        3,
        12,
        15,
        3,
        4,
        1,
        4,
        10,
        7,
        1,
        5,
        1,
        6,
        15,
        12,
        2,
        2,
        5,
        7,
        2,
        2,
        15,
        13,
        6,
        5,
        11,
        2,
        5,
        1,
        12,
        10,
        1,
        6,
        8,
        11,
        13,
        10,
        8,
        4,
        11,
        12,
        5,
        14,
        1,
        3,
        2,
        12,
        7,
        3,
        7,
        11,
        11,
        5,
        11,
        2,
        9,
        9,
        6,
        12,
        9,
        4,
        1,
        1,
        7,
        12,
        5,
        3,
        15,
        5,
        3,
        5,
        6,
        14,
        2,
        6,
        1,
        9,
        7,
        6,
        5,
        4,
        7,
        2,
        8,
        1,
        5,
        11,
        1,
        12,
        4,
        5,
        5,
        11,
        9,
        12,
        8,
        3,
        1,
        6,
        9,
        5,
        9,
        15,
        1,
        10,
        6,
        1,
        10,
        4,
        15,
        2,
        4,
        6,
        12,
        11,
        1,
        15,
        10,
        5,
        9,
        5,
        4,
        14,
        5,
        4,
        13,
        3,
        10,
        12,
        6,
        4,
        11,
        10,
        13,
        11,
        1,
        4,
        2,
        1,
        9,
        7,
        11,
        1,
        9,
        2,
        2,
        11,
        5,
        2,
        6,
        10,
        4,
        14,
        8,
        13,
        9,
        3,
        14,
        2,
        8,
        14,
        2,
        6,
        3,
        6,
        9,
        15,
        9,
        1,
        5,
        12,
        4,
        10,
        14,
        1,
        3,
        1,
        5,
        15,
        2,
        12,
        5,
        11,
        10,
        2,
        12,
        8,
        2,
        2,
        9,
        13,
        10,
        15,
        4,
        4,
        6,
        11,
        7,
        2,
        2,
        10,
        2,
        1,
        11,
        4,
        1,
        10,
        3,
        4,
        10,
        13,
        1,
        12,
        4,
        9,
        5,
        1,
        15,
        4,
        7,
        14,
        1,
        1,
        2,
        6,
        15,
        7,
        8,
        7,
        4,
        4,
        2,
        1,
        4,
        5,
        2,
        12,
        6,
        1,
        5,
        15,
        14,
        3,
        14,
        7,
        6,
        6,
        6,
        6,
        10,
        8,
        11,
        10,
        10,
        14,
        14,
        12,
        2,
        4,
        5,
        6,
        1,
        1,
        6,
        10,
        5,
        6,
        1,
        1,
        7,
        8,
        3,
        10,
