{
    "min_time": 0.0010001659393310547,
    "max_time": 0.09900021553039551,
    "all_time": 0.014889596462249756,
    "min_round": 138,
    "max_round": 10000,
    "all_rounds": 2723576,
    "more_winner": 0,
    "winner": [
        16,
        1,
        34,
        5,
        31,
        13,
        8,
        22,
        7,
        2,
        8,
        30,
        4,
        32,
        7,
        1,
        25,
        1,
        1,
        17,
        28,
        1,
        4,
        14,
        12,
        14,
        26,
        25,
        21,
        5,
        22,
        14,
        22,
        4,
        5,
        7,
        15,
        29,
        18,
        9,
        11,
        5,
        12,
        2,
        6,
        10,
        33,
        19,
        5,
        30,
        34,
        9,
        14,
        1,
        21,
        11,
        12,
        8,
        3,
        2,
        14,
        21,
        23,
        32,
        12,
        12,
        6,
        32,
        11,
        9,
        8,
        16,
        21,
        24,
        1,
        5,
        5,
        8,
        21,
        12,
        22,
        8,
        6,
        24,
        28,
        12,
        5,
        2,
        11,
        12,
        16,
        28,
        6,
        1,
        1,
        7,
        12,
        1,
        29,
        10,
        4,
        14,
        1,
        20,
        24,
        29,
        14,
        2,
        1,
        18,
        15,
        4,
        6,
        2,
        19,
        13,
        11,
        33,
        17,
        7,
        7,
        29,
        3,
        9,
        1,
        34,
        17,
        34,
        4,
        17,
        18,
        12,
        13,
        10,
        1,
        8,
        17,
        27,
        5,
        9,
        2,
        17,
        18,
        20,
        3,
        24,
        19,
        32,
        14,
        10,
        27,
        13,
        7,
        2,
        3,
        24,
        8,
        26,
        28,
        9,
        13,
        9,
        12,
        28,
        17,
        34,
        9,
        16,
        28,
        20,
        2,
        3,
        3,
        22,
        20,
        16,
        17,
        14,
        17,
        4,
        1,
        4,
        14,
        34,
        4,
        19,
        7,
        4,
        1,
        2,
        16,
        6,
        30,
        4,
        3,
        7,
        3,
        32,
        1,
        19,
        7,
        21,
        17,
        19,
        5,
        1,
        8,
        13,
        31,
        7,
        14,
        11,
        25,
        16,
        9,
        23,
        17,
        15,
        2,
        15,
        17,
        26,
        6,
        10,
        9,
        10,
        13,
        10,
        27,
        11,
        17,
        34,
        4,
        15,
        3,
        13,
        34,
        16,
        15,
        6,
        23,
        4,
        4,
        20,
        20,
        20,
        15,
        10,
        24,
        15,
        11,
        4,
        16,
        3,
        10,
        9,
        8,
        16,
        22,
        8,
        18,
        29,
        24,
        22,
        28,
        4,
        26,
        2,
        3,
        8,
        13,
        3,
        16,
        11,
        3,
        15,
        15,
        16,
        22,
        19,
        14,
        31,
        1,
        34,
        21,
        8,
        6,
        1,
        31,
        12,
        12,
        1,
        6,
        3,
        8,
        3,
        1,
        27,
        7,
        2,
        14,
        10,
        15,
        25,
        2,
        11,
        4,
        23,
        31,
        18,
        13,
        13,
        34,
        9,
        8,
        5,
        8,
        7,
        9,
        17,
        24,
        6,
        1,
        2,
        8,
        16,
        21,
        34,
        1,
        20,
        1,
        10,
        4,
        29,
        4,
        21,
        23,
        27,
        17,
        12,
        34,
        14,
        3,
        2,
        25,
        19,
        4,
        1,
        2,
        18,
        10,
        26,
        12,
        9,
        15,
        1,
        15,
        2,
        11,
        5,
        18,
        17,
        10,
        30,
        4,
        12,
        22,
        11,
        1,
        14,
        10,
        9,
        8,
        11,
        32,
        33,
        9,
        6,
        22,
        2,
        14,
        2,
        11,
        19,
        29,
        12,
        4,
        21,
        33,
        24,
        24,
        29,
        1,
        28,
        23,
        3,
        15,
        20,
        11,
        15,
        4,
        17,
        1,
        33,
        19,
        27,
        4,
        3,
        9,
        2,
        2,
        18,
        6,
        15,
        7,
        9,
        2,
        3,
        25,
        10,
        18,
        14,
        6,
        12,
        8,
        13,
        3,
        12,
        1,
        5,
        3,
        28,
        2,
        24,
        1,
        21,
        13,
        10,
        7,
        24,
        6,
        20,
        8,
        5,
        19,
        2,
        12,
        2,
        33,
        4,
        8,
        10,
        22,
        3,
        33,
        34,
        15,
        32,
        9,
        31,
        20,
        8,
        21,
        13,
        5,
        26,
        34,
        1,
        31,
        20,
        5,
        11,
        5,
        17,
        3,
        6,
        22,
        4,
        2,
        31,
        29,
        7,
        27,
        1,
        11,
        17,
        13,
        22,
        7,
        33,
        10,
        3,
        1,
        4,
        2,
        20,
        13,
        2,
        17,
        26,
        20,
        14,
        6,
        8,
        10,
        1,
        6,
        21,
        4,
        6,
        21,
        7,
        6,
        16,
        2,
        16,
        8,
        28,
        5,
        8,
        2,
        14,
        4,
        1,
        33,
        22,
        3,
        8,
        24,
        9,
        3,
        1,
        11,
        28,
        13,
        2,
        6,
        31,
        9,
        16,
        16,
        9,
        19,
        5,
        3,
        7,
        20,
        28,
        1,
        6,
        13,
        2,
        21,
        5,
        15,
        7,
        23,
        12,
        8,
        32,
        26,
        23,
        17,
        3,
        11,
        8,
        9,
        4,
        12,
        34,
        11,
        23,
        4,
        8,
        16,
        26,
        12,
        9,
        13,
        21,
        12,
        16,
        11,
        29,
        34,
        10,
        13,
        14,
        7,
        4,
        16,
        20,
        33,
        8,
        16,
        9,
        6,
        2,
        6,
        6,
        15,
        16,
        13,
        16,
        8,
        9,
        23,
        18,
        2,
        22,
        34,
        23,
        5,
        31,
        17,
        2,
        19,
