{
    "min_time": 0.0,
    "max_time": 0.05399584770202637,
    "all_time": 0.017502513408660887,
    "min_round": 5,
    "max_round": 13600,
    "all_rounds": 4154190,
    "more_winner": 0,
    "winner": [
        9,
        20,
        45,
        7,
        21,
        38,
        1,
        8,
        42,
        49,
        33,
        19,
        16,
        49,
        29,
        20,
        63,
        4,
        32,
        24,
        61,
        37,
        14,
        19,
        27,
        9,
        2,
        34,
        21,
        45,
        21,
        49,
        5,
        9,
        8,
        12,
        60,
        8,
        16,
        46,
        3,
        26,
        3,
        41,
        12,
        52,
        2,
        6,
        22,
        65,
        37,
        12,
        63,
        17,
        23,
        49,
        29,
        62,
        3,
        6,
        38,
        27,
        6,
        63,
        27,
        17,
        1,
        15,
        37,
        19,
        1,
        66,
        37,
        28,
        9,
        28,
        29,
        7,
        37,
        7,
        44,
        12,
        20,
        7,
        9,
        17,
        49,
        2,
        28,
        29,
        10,
        18,
        16,
        58,
        49,
        48,
        26,
        8,
        2,
        23,
        48,
        34,
        36,
        9,
        49,
        46,
        30,
        67,
        38,
        19,
        11,
        13,
        7,
        4,
        32,
        4,
        33,
        8,
        19,
        16,
        40,
        27,
        46,
        3,
        19,
        36,
        18,
        41,
        50,
        21,
        17,
        30,
        49,
        19,
        32,
        5,
        21,
        43,
        38,
        22,
        36,
        33,
        5,
        1,
        56,
        50,
        19,
        20,
        11,
        7,
        20,
        37,
        24,
        17,
        43,
        20,
        33,
        2,
        3,
        23,
        59,
        65,
        3,
        11,
        46,
        15,
        41,
        52,
        2,
        7,
        4,
        2,
        17,
        27,
        38,
        35,
        68,
        45,
        49,
        24,
        4,
        31,
        25,
        32,
        2,
        36,
        20,
        40,
        13,
        27,
        10,
        34,
        3,
        16,
        16,
        66,
        48,
        18,
        17,
        18,
        8,
        14,
        40,
        24,
        18,
        2,
        26,
        29,
        46,
        9,
        45,
        22,
        22,
        6,
        12,
        6,
        3,
        13,
        12,
        67,
        1,
        18,
        62,
        62,
        9,
        57,
        4,
        54,
        49,
        23,
        15,
        34,
        40,
        27,
        25,
        3,
        52,
        5,
        54,
        34,
        38,
        48,
        21,
        27,
        16,
        10,
        36,
        6,
        1,
        10,
        4,
        45,
        41,
        3,
        17,
        20,
        5,
        55,
        29,
        24,
        46,
        7,
        9,
        2,
        16,
        8,
        39,
        25,
        3,
        38,
        47,
        16,
        6,
        22,
        14,
        9,
        12,
        24,
        46,
        4,
        56,
        9,
        35,
        59,
        57,
        36,
        9,
        39,
        1,
        27,
        7,
        23,
        2,
        51,
        19,
        49,
        17,
        48,
        27,
        11,
        25,
        2,
        9,
        29,
        44,
        42,
        58,
        61,
        52,
        58,
        8,
        40,
        51,
        5,
        38,
        11,
        1,
        35,
        51,
        17,
        3,
        9,
        5,
        22,
        8,
        16,
        3,
        59,
        12,
        19,
        6,
        4,
        33,
        8,
        7,
        48,
        15,
        62,
        13,
        21,
        34,
        40,
        15,
        29,
        33,
        25,
        17,
        60,
        46,
        45,
        7,
        38,
        26,
        17,
        2,
        8,
        48,
        65,
        7,
        18,
        43,
        5,
        26,
        7,
        23,
        38,
        21,
        16,
        40,
        7,
        20,
        60,
        2,
        25,
        45,
        43,
        11,
        2,
        26,
        1,
        1,
        13,
        61,
        64,
        6,
        13,
        44,
        28,
        14,
        7,
        23,
        15,
        16,
        11,
        18,
        12,
        22,
        30,
        13,
        19,
        27,
        18,
        36,
        18,
        61,
        5,
        43,
        15,
        16,
        10,
        19,
        58,
        9,
        35,
        6,
        43,
        27,
        17,
        13,
        46,
        25,
        16,
        30,
        16,
        31,
        39,
        50,
        51,
        25,
        6,
        67,
        21,
        60,
        3,
        5,
        12,
        40,
        20,
        11,
        28,
        54,
        26,
        28,
        31,
        30,
        35,
        59,
        16,
        21,
        66,
        68,
        47,
        52,
        66,
        46,
        1,
        38,
        17,
        9,
        21,
        58,
        52,
        65,
        50,
        1,
        13,
        27,
        56,
        17,
        28,
        40,
        18,
        8,
        25,
        1,
        54,
        25,
        24,
        26,
        2,
        23,
        1,
        49,
        12,
        11,
        60,
        9,
        43,
        20,
        7,
        2,
        38,
        30,
        18,
        26,
        30,
        20,
        37,
        13,
        24,
        24,
        25,
        43,
        14,
        21,
        10,
        56,
        18,
        7,
        1,
        58,
        19,
        45,
        1,
        58,
        36,
        17,
        9,
        1,
        15,
        9,
        10,
        5,
        51,
        19,
        8,
        38,
        25,
        17,
        25,
        41,
        10,
        61,
        10,
        49,
        46,
        63,
        44,
        7,
        40,
        16,
        58,
        41,
        1,
        15,
        31,
        5,
        54,
        3,
        16,
        12,
        15,
        18,
        7,
        21,
        48,
        12,
        40,
        25,
        26,
        11,
        47,
        24,
        17,
        26,
        59,
        15,
        5,
        49,
        31,
        3,
        47,
        51,
        11,
        27,
        35,
        24,
        11,
        5,
        62,
        34,
        15,
        8,
        12,
        6,
        31,
        36,
        4,
        1,
        32,
        1,
        36,
        5,
        9,
        20,
        2,
        11,
        25,
        58,
        12,
        24,
        13,
        45,
        52,
        45,
        63,
        30,
        57,
        34,
