{
    "min_time": 0.0009975433349609375,
    "max_time": 0.07299923896789551,
    "all_time": 0.023323087215423585,
    "min_round": 5,
    "max_round": 17904,
    "all_rounds": 5497695,
    "more_winner": 0,
    "winner": [
        16,
        1,
        74,
        35,
        78,
        11,
        6,
        39,
        26,
        10,
        80,
        60,
        4,
        46,
        20,
        88,
        16,
        5,
        16,
        10,
        17,
        65,
        13,
        42,
        31,
        12,
        20,
        65,
        70,
        3,
        17,
        7,
        17,
        2,
        4,
        85,
        16,
        3,
        7,
        13,
        1,
        7,
        20,
        27,
        52,
        8,
        70,
        61,
        46,
        36,
        2,
        38,
        12,
        42,
        28,
        90,
        60,
        6,
        41,
        65,
        57,
        23,
        87,
        19,
        36,
        6,
        1,
        12,
        13,
        3,
        4,
        62,
        7,
        17,
        26,
        46,
        43,
        13,
        43,
        30,
        12,
        2,
        22,
        50,
        34,
        19,
        89,
        27,
        40,
        26,
        1,
        4,
        40,
        39,
        42,
        64,
        39,
        17,
        18,
        12,
        22,
        52,
        7,
        42,
        31,
        3,
        2,
        18,
        9,
        42,
        58,
        87,
        39,
        19,
        27,
        13,
        32,
        24,
        53,
        8,
        75,
        64,
        29,
        50,
        13,
        1,
        82,
        23,
        27,
        40,
        4,
        16,
        35,
        86,
        19,
        48,
        8,
        45,
        87,
        37,
        13,
        38,
        4,
        72,
        56,
        15,
        42,
        29,
        71,
        87,
        14,
        31,
        17,
        77,
        9,
        16,
        75,
        12,
        47,
        45,
        61,
        16,
        30,
        41,
        17,
        2,
        38,
        28,
        85,
        9,
        63,
        33,
        81,
        53,
        24,
        14,
        4,
        5,
        89,
        2,
        65,
        14,
        68,
        66,
        16,
        2,
        60,
        58,
        72,
        88,
        54,
        20,
        82,
        49,
        53,
        15,
        60,
        73,
        27,
        69,
        52,
        12,
        2,
        77,
        14,
        3,
        57,
        8,
        20,
        47,
        5,
        53,
        12,
        50,
        87,
        15,
        24,
        74,
        44,
        70,
        71,
        76,
        56,
        42,
        56,
        13,
        16,
        14,
        12,
        5,
        33,
        25,
        16,
        16,
        14,
        39,
        9,
        33,
        21,
        70,
        21,
        71,
        45,
        25,
        14,
        13,
        77,
        33,
        1,
        8,
        58,
        18,
        38,
        74,
        18,
        41,
        79,
        29,
        84,
        10,
        84,
        54,
        71,
        44,
        13,
        77,
        55,
        5,
        70,
        73,
        16,
        9,
        41,
        37,
        19,
        54,
        9,
        54,
        23,
        52,
        80,
        38,
        4,
        75,
        3,
        79,
        51,
        59,
        70,
        64,
        3,
        67,
        26,
        12,
        42,
        10,
        8,
        30,
        74,
        34,
        1,
        8,
        37,
        19,
        4,
        25,
        29,
        6,
        87,
        8,
        50,
        82,
        60,
        8,
        28,
        27,
        33,
        35,
        11,
        7,
        36,
        29,
        44,
        10,
        8,
        78,
        56,
        29,
        11,
        6,
        12,
        73,
        3,
        42,
        54,
        46,
        3,
        81,
        2,
        32,
        15,
        4,
        62,
        21,
        5,
        22,
        5,
        43,
        25,
        23,
        22,
        17,
        89,
        25,
        56,
        16,
        80,
        29,
        65,
        6,
        78,
        12,
        38,
        10,
        5,
        40,
        17,
        60,
        37,
        34,
        11,
        13,
        19,
        34,
        4,
        81,
        44,
        87,
        14,
        16,
        57,
        38,
        35,
        1,
        56,
        20,
        21,
        44,
        16,
        24,
        41,
        49,
        46,
        1,
        6,
        75,
        54,
        17,
        1,
        52,
        25,
        31,
        29,
        78,
        12,
        3,
        81,
        86,
        86,
        71,
        7,
        23,
        34,
        45,
        33,
        89,
        48,
        19,
        34,
        14,
        15,
        44,
        19,
        76,
        53,
        4,
        69,
        20,
        16,
        14,
        41,
        14,
        33,
        31,
        37,
        12,
        62,
        78,
        21,
        23,
        63,
        8,
        72,
        2,
        4,
        42,
        47,
        28,
        10,
        5,
        83,
        63,
        11,
        14,
        55,
        11,
        44,
        12,
        17,
        61,
        38,
        52,
        20,
        7,
        31,
        68,
        38,
        25,
        12,
        62,
        28,
        26,
        27,
        57,
        9,
        37,
        29,
        70,
        25,
        13,
        17,
        9,
        3,
        39,
        2,
        81,
        47,
        6,
        4,
        6,
        36,
        73,
        13,
        5,
        44,
        21,
        63,
        60,
        75,
        15,
        43,
        13,
        10,
        47,
        64,
        75,
        56,
        5,
        70,
        13,
        65,
        25,
        89,
        33,
        40,
        48,
        27,
        5,
        76,
        39,
        54,
        53,
        87,
        26,
        31,
        55,
        39,
        77,
        88,
        26,
        14,
        10,
        34,
        54,
        2,
        1,
        59,
        9,
        48,
        50,
        67,
        11,
        79,
        79,
        32,
        15,
        6,
        40,
        55,
        12,
        8,
        19,
        44,
        24,
        44,
        52,
        23,
        58,
        20,
        19,
        35,
        53,
        53,
        55,
        30,
        85,
        3,
        81,
        19,
        27,
        10,
        15,
        43,
        70,
        9,
        3,
        16,
        11,
        31,
        47,
        12,
        59,
        26,
        2,
        55,
        6,
        16,
        24,
        45,
        29,
        33,
        63,
        63,
        12,
        34,
        86,
        34,
        46,
        15,
        41,
        84,
        11,
        23,
        55,
        16,
