{
    "min_time": 0.0,
    "max_time": 0.041002750396728516,
    "all_time": 0.010197540998458862,
    "min_round": 5,
    "max_round": 7100,
    "all_rounds": 1967362,
    "more_winner": 0,
    "winner": [
        5,
        16,
        14,
        2,
        5,
        30,
        34,
        30,
        20,
        30,
        31,
        15,
        20,
        24,
        28,
        35,
        2,
        28,
        1,
        26,
        1,
        35,
        16,
        35,
        22,
        31,
        4,
        2,
        9,
        24,
        6,
        9,
        19,
        10,
        17,
        16,
        21,
        11,
        2,
        24,
        12,
        16,
        25,
        2,
        18,
        25,
        13,
        3,
        9,
        9,
        7,
        16,
        18,
        19,
        15,
        29,
        15,
        7,
        12,
        5,
        6,
        30,
        26,
        18,
        5,
        31,
        1,
        2,
        4,
        29,
        18,
        18,
        4,
        27,
        29,
        33,
        8,
        12,
        17,
        16,
        33,
        29,
        11,
        17,
        7,
        7,
        8,
        10,
        22,
        15,
        14,
        19,
        35,
        31,
        2,
        31,
        2,
        12,
        16,
        4,
        13,
        4,
        21,
        31,
        15,
        11,
        23,
        16,
        23,
        3,
        4,
        19,
        12,
        31,
        28,
        6,
        14,
        28,
        19,
        19,
        15,
        13,
        15,
        18,
        32,
        9,
        5,
        17,
        25,
        20,
        21,
        17,
        7,
        3,
        4,
        21,
        22,
        2,
        20,
        10,
        18,
        17,
        9,
        1,
        8,
        16,
        19,
        33,
        23,
        9,
        8,
        21,
        11,
        22,
        23,
        2,
        15,
        8,
        35,
        1,
        11,
        10,
        12,
        27,
        30,
        34,
        13,
        26,
        24,
        2,
        16,
        28,
        20,
        33,
        7,
        32,
        16,
        19,
        9,
        34,
        5,
        33,
        32,
        33,
        18,
        9,
        30,
        33,
        1,
        18,
        23,
        1,
        11,
        1,
        9,
        5,
        15,
        20,
        22,
        35,
        32,
        25,
        2,
        1,
        22,
        10,
        18,
        12,
        32,
        17,
        11,
        1,
        8,
        22,
        9,
        4,
        22,
        16,
        17,
        12,
        17,
        15,
        30,
        22,
        8,
        17,
        8,
        2,
        2,
        23,
        12,
        35,
        4,
        6,
        13,
        7,
        23,
        4,
        24,
        10,
        31,
        20,
        21,
        1,
        10,
        31,
        6,
        29,
        9,
        18,
        19,
        2,
        15,
        25,
        16,
        19,
        9,
        4,
        1,
        32,
        35,
        19,
        18,
        5,
        22,
        2,
        13,
        4,
        33,
        13,
        16,
        2,
        2,
        33,
        1,
        1,
        8,
        3,
        16,
        4,
        13,
        20,
        6,
        16,
        20,
        2,
        2,
        12,
        6,
        13,
        4,
        24,
        32,
        18,
        31,
        4,
        10,
        30,
        15,
        8,
        14,
        3,
        15,
        2,
        13,
        33,
        15,
        35,
        10,
        5,
        14,
        2,
        7,
        18,
        28,
        13,
        15,
        16,
        22,
        6,
        25,
        11,
        2,
        35,
        14,
        19,
        19,
        13,
        10,
        18,
        26,
        13,
        31,
        25,
        7,
        19,
        19,
        10,
        2,
        15,
        20,
        8,
        3,
        18,
        20,
        9,
        4,
        34,
        1,
        5,
        12,
        26,
        18,
        1,
        2,
        2,
        8,
        6,
        6,
        7,
        3,
        2,
        24,
        9,
        19,
        13,
        12,
        9,
        7,
        25,
        11,
        21,
        24,
        6,
        20,
        1,
        21,
        14,
        15,
        27,
        18,
        13,
        19,
        4,
        22,
        1,
        10,
        32,
        33,
        10,
        12,
        13,
        11,
        3,
        11,
        32,
        27,
        29,
        22,
        26,
        27,
        1,
        21,
        15,
        30,
        14,
        8,
        8,
        7,
        4,
        3,
        5,
        4,
        15,
        1,
        33,
        12,
        19,
        8,
        16,
        20,
        18,
        4,
        32,
        27,
        3,
        10,
        14,
        35,
        19,
        28,
        4,
        8,
        14,
        10,
        29,
        17,
        4,
        17,
        35,
        11,
        35,
        31,
        27,
        35,
        26,
        20,
        4,
        13,
        7,
        7,
        17,
        6,
        3,
        6,
        10,
        12,
        6,
        7,
        3,
        19,
        1,
        29,
        1,
        2,
        25,
        21,
        13,
        9,
        8,
        22,
        6,
        4,
        12,
        23,
        33,
        13,
        16,
        21,
        11,
        14,
        4,
        7,
        11,
        13,
        35,
        10,
        24,
        5,
        30,
        4,
        8,
        2,
        18,
        31,
        20,
        27,
        4,
        27,
        20,
        1,
        4,
        9,
        23,
        2,
        10,
        28,
        21,
        15,
        22,
        4,
        27,
        5,
        19,
        20,
        30,
        4,
        7,
        6,
        8,
        19,
        18,
        9,
        31,
        3,
        31,
        34,
        12,
        11,
        30,
        8,
        5,
        13,
        16,
        11,
        2,
        6,
        6,
        15,
        34,
        18,
        27,
        8,
        1,
        2,
        34,
        8,
        8,
        19,
        4,
        5,
        20,
        4,
        4,
        14,
        23,
        5,
        18,
        28,
        25,
        2,
        35,
        16,
        2,
        8,
        8,
        2,
        7,
        5,
        3,
        19,
        3,
        2,
        31,
        33,
        8,
        3,
        19,
        7,
        26,
        30,
        19,
        1,
        13,
        13,
        24,
        2,
        30,
        5,
        5,
        1,
        5,
        27,
        10,
        7,
        15,
        28,
        11,
        1,
        9,
        12,
        25,
        12,
        34,
        22,
        27,
        11,
        1,
        17,
        15,
        18,
        9,
        9,
        28,
        19,
