{
    "min_time": 0.0,
    "max_time": 0.10100221633911133,
    "all_time": 0.018658793687820436,
    "min_round": 5,
    "max_round": 8237,
    "all_rounds": 2294113,
    "more_winner": 0,
    "winner": [
        21,
        16,
        6,
        9,
        1,
        2,
        10,
        36,
        19,
        9,
        15,
        9,
        15,
        35,
        10,
        7,
        23,
        19,
        8,
        3,
        30,
        30,
        33,
        16,
        8,
        30,
        1,
        1,
        36,
        2,
        5,
        9,
        18,
        32,
        6,
        16,
        11,
        25,
        41,
        1,
        2,
        15,
        29,
        22,
        7,
        2,
        38,
        22,
        34,
        5,
        25,
        5,
        10,
        1,
        16,
        7,
        1,
        14,
        3,
        22,
        4,
        26,
        15,
        2,
        12,
        14,
        2,
        36,
        1,
        28,
        20,
        34,
        20,
        31,
        23,
        16,
        29,
        14,
        21,
        18,
        39,
        5,
        29,
        26,
        14,
        24,
        25,
        8,
        12,
        23,
        28,
        3,
        39,
        29,
        29,
        5,
        20,
        1,
        5,
        7,
        17,
        36,
        2,
        9,
        27,
        25,
        27,
        36,
        15,
        18,
        4,
        9,
        31,
        1,
        14,
        25,
        17,
        1,
        39,
        20,
        25,
        17,
        34,
        29,
        26,
        29,
        25,
        5,
        4,
        2,
        19,
        9,
        12,
        29,
        1,
        13,
        19,
        4,
        17,
        34,
        4,
        2,
        5,
        3,
        36,
        25,
        16,
        8,
        15,
        2,
        1,
        37,
        28,
        6,
        26,
        9,
        23,
        5,
        5,
        12,
        25,
        27,
        14,
        28,
        10,
        7,
        9,
        25,
        37,
        4,
        19,
        4,
        16,
        5,
        23,
        15,
        35,
        33,
        21,
        7,
        9,
        11,
        9,
        27,
        5,
        7,
        8,
        30,
        1,
        12,
        11,
        2,
        12,
        1,
        13,
        40,
        6,
        20,
        22,
        27,
        6,
        35,
        9,
        22,
        21,
        12,
        20,
        9,
        35,
        11,
        18,
        8,
        8,
        23,
        3,
        29,
        16,
        18,
        13,
        15,
        11,
        10,
        39,
        2,
        10,
        4,
        38,
        21,
        21,
        3,
        8,
        4,
        28,
        9,
        18,
        18,
        13,
        6,
        16,
        24,
        30,
        2,
        14,
        14,
        7,
        32,
        25,
        6,
        13,
        7,
        4,
        27,
        18,
        1,
        14,
        4,
        10,
        1,
        27,
        35,
        3,
        21,
        7,
        16,
        12,
        1,
        14,
        9,
        36,
        17,
        17,
        21,
        39,
        7,
        33,
        19,
        15,
        30,
        21,
        2,
        10,
        17,
        29,
        26,
        10,
        28,
        18,
        11,
        24,
        21,
        38,
        29,
        25,
        1,
        29,
        18,
        18,
        11,
        26,
        37,
        14,
        30,
        40,
        14,
        1,
        25,
        13,
        10,
        8,
        36,
        1,
        22,
        14,
        34,
        23,
        9,
        40,
        31,
        6,
        3,
        13,
        31,
        40,
        5,
        15,
        8,
        19,
        2,
        17,
        38,
        14,
        27,
        10,
        31,
        7,
        32,
        8,
        40,
        23,
        4,
        28,
        8,
        20,
        23,
        22,
        15,
        9,
        16,
        36,
        22,
        10,
        9,
        36,
        1,
        31,
        13,
        13,
        37,
        8,
        23,
        18,
        17,
        4,
        11,
        14,
        19,
        33,
        21,
        22,
        20,
        34,
        21,
        28,
        27,
        10,
        30,
        1,
        2,
        9,
        13,
        7,
        3,
        1,
        21,
        6,
        25,
        21,
        4,
        5,
        20,
        26,
        8,
        35,
        31,
        6,
        36,
        18,
        35,
        1,
        5,
        35,
        39,
        15,
        20,
        15,
        24,
        26,
        31,
        14,
        35,
        8,
        3,
        10,
        36,
        2,
        15,
        15,
        11,
        4,
        37,
        3,
        2,
        13,
        39,
        4,
        6,
        17,
        2,
        2,
        13,
        20,
        22,
        2,
        6,
        5,
        9,
        12,
        14,
        3,
        6,
        6,
        7,
        26,
        25,
        32,
        23,
        23,
        6,
        5,
        34,
        31,
        27,
        10,
        33,
        28,
        27,
        4,
        20,
        11,
        1,
        5,
        28,
        13,
        14,
        27,
        5,
        18,
        8,
        2,
        10,
        14,
        1,
        5,
        6,
        12,
        18,
        2,
        8,
        33,
        30,
        40,
        32,
        21,
        5,
        20,
        13,
        6,
        13,
        7,
        9,
        39,
        9,
        40,
        4,
        8,
        5,
        2,
        27,
        4,
        32,
        13,
        6,
        3,
        12,
        10,
        8,
        7,
        32,
        20,
        13,
        39,
        15,
        35,
        22,
        8,
        24,
        2,
        5,
        6,
        9,
        4,
        7,
        4,
        11,
        39,
        4,
        8,
        27,
        33,
        9,
        1,
        4,
        14,
        22,
        18,
        22,
        7,
        12,
        39,
        11,
        19,
        3,
        6,
        8,
        3,
        20,
        27,
        20,
        3,
        27,
        3,
        18,
        18,
        32,
        31,
        23,
        29,
        31,
        8,
        16,
        28,
        14,
        30,
        2,
        4,
        1,
        30,
        26,
        39,
        14,
        29,
        22,
        28,
        20,
        9,
        9,
        12,
        22,
        18,
        25,
        9,
        24,
        40,
        24,
        2,
        39,
        37,
        40,
        18,
        4,
        22,
        9,
        2,
        8,
        9,
        10,
        33,
        2,
        13,
        4,
        29,
        1,
        2,
        26,
        4,
        12,
        4,
        25,
        7,
        37,
        11,
        27,
        5,
        24,
        33,
