{
    "min_time": 0.0,
    "max_time": 0.246995210647583,
    "all_time": 0.01594937300682068,
    "min_round": 5,
    "max_round": 11100,
    "all_rounds": 2824652,
    "more_winner": 0,
    "winner": [
        9,
        43,
        27,
        19,
        9,
        1,
        21,
        20,
        31,
        6,
        25,
        16,
        23,
        2,
        30,
        7,
        11,
        9,
        17,
        15,
        38,
        7,
        17,
        27,
        3,
        10,
        2,
        17,
        35,
        46,
        30,
        17,
        1,
        17,
        20,
        29,
        40,
        4,
        13,
        44,
        42,
        8,
        21,
        43,
        24,
        5,
        7,
        14,
        31,
        33,
        7,
        3,
        14,
        17,
        22,
        21,
        40,
        39,
        33,
        35,
        2,
        27,
        39,
        40,
        2,
        24,
        22,
        37,
        18,
        42,
        10,
        15,
        2,
        40,
        26,
        14,
        9,
        19,
        23,
        35,
        4,
        25,
        28,
        1,
        4,
        6,
        7,
        19,
        7,
        27,
        44,
        6,
        45,
        10,
        8,
        46,
        16,
        48,
        14,
        34,
        2,
        13,
        28,
        15,
        6,
        38,
        21,
        31,
        19,
        44,
        39,
        34,
        38,
        21,
        3,
        17,
        33,
        28,
        15,
        16,
        15,
        27,
        15,
        13,
        18,
        4,
        27,
        6,
        1,
        17,
        41,
        21,
        6,
        39,
        43,
        10,
        45,
        22,
        37,
        19,
        14,
        1,
        44,
        10,
        41,
        24,
        8,
        40,
        3,
        35,
        33,
        31,
        16,
        47,
        5,
        19,
        46,
        10,
        30,
        17,
        38,
        3,
        34,
        4,
        26,
        16,
        22,
        2,
        10,
        1,
        30,
        24,
        5,
        5,
        2,
        48,
        5,
        34,
        7,
        15,
        5,
        41,
        37,
        37,
        21,
        44,
        33,
        6,
        26,
        1,
        20,
        39,
        1,
        6,
        38,
        22,
        44,
        11,
        22,
        2,
        39,
        26,
        45,
        36,
        18,
        44,
        16,
        14,
        40,
        11,
        23,
        23,
        25,
        25,
        1,
        11,
        1,
        26,
        14,
        2,
        12,
        18,
        23,
        47,
        37,
        47,
        5,
        13,
        43,
        1,
        34,
        26,
        32,
        39,
        19,
        8,
        24,
        10,
        39,
        34,
        22,
        6,
        13,
        25,
        18,
        8,
        14,
        16,
        41,
        21,
        16,
        21,
        13,
        3,
        48,
        1,
        14,
        33,
        22,
        24,
        8,
        11,
        9,
        32,
        10,
        24,
        12,
        21,
        46,
        14,
        14,
        1,
        24,
        4,
        24,
        17,
        17,
        6,
        11,
        11,
        31,
        43,
        28,
        4,
        25,
        15,
        18,
        10,
        33,
        3,
        11,
        48,
        1,
        20,
        33,
        28,
        28,
        13,
        10,
        7,
        40,
        10,
        24,
        6,
        29,
        16,
        7,
        2,
        21,
        17,
        6,
        2,
        9,
        42,
        3,
        36,
        13,
        1,
        4,
        39,
        18,
        6,
        9,
        19,
        45,
        32,
        3,
        20,
        23,
        48,
        12,
        15,
        17,
        22,
        4,
        35,
        46,
        18,
        13,
        12,
        11,
        16,
        46,
        44,
        15,
        15,
        16,
        6,
        4,
        1,
        9,
        10,
        5,
        31,
        38,
        44,
        33,
        46,
        10,
        1,
        21,
        34,
        5,
        11,
        48,
        23,
        29,
        40,
        41,
        37,
        25,
        41,
        4,
        17,
        3,
        15,
        30,
        43,
        32,
        38,
        31,
        21,
        12,
        17,
        2,
        2,
        20,
        10,
        17,
        15,
        10,
        37,
        45,
        39,
        42,
        48,
        44,
        21,
        40,
        22,
        48,
        11,
        47,
        40,
        18,
        42,
        9,
        1,
        43,
        2,
        20,
        16,
        9,
        13,
        31,
        7,
        14,
        24,
        33,
        20,
        14,
        3,
        47,
        42,
        48,
        4,
        18,
        35,
        29,
        6,
        11,
        39,
        7,
        6,
        47,
        21,
        46,
        1,
        1,
        31,
        14,
        26,
        43,
        22,
        27,
        2,
        1,
        33,
        14,
        33,
        32,
        6,
        26,
        5,
        10,
        12,
        29,
        35,
        1,
        1,
        40,
        4,
        3,
        11,
        33,
        9,
        8,
        14,
        30,
        13,
        5,
        43,
        8,
        6,
        14,
        13,
        45,
        18,
        43,
        7,
        24,
        2,
        29,
        27,
        15,
        21,
        45,
        15,
        44,
        30,
        10,
        1,
        5,
        34,
        24,
        13,
        4,
        8,
        32,
        26,
        37,
        29,
        10,
        20,
        17,
        44,
        42,
        19,
        5,
        2,
        17,
        44,
        4,
        9,
        13,
        29,
        30,
        20,
        27,
        6,
        18,
        42,
        7,
        19,
        24,
        24,
        45,
        2,
        6,
        39,
        1,
        4,
        24,
        15,
        27,
        37,
        33,
        24,
        2,
        31,
        12,
        20,
        39,
        19,
        2,
        12,
        25,
        48,
        4,
        15,
        1,
        1,
        17,
        12,
        36,
        23,
        6,
        10,
        13,
        27,
        8,
        11,
        31,
        1,
        18,
        3,
        29,
        23,
        18,
        5,
        24,
        9,
        40,
        6,
        8,
        4,
        19,
        19,
        45,
        18,
        8,
        26,
        24,
        27,
        27,
        4,
        39,
        40,
        12,
        31,
        12,
        37,
        6,
        31,
        29,
        17,
        13,
        14,
        8,
        21,
        2,
        14,
        8,
        12,
        25,
        4,
        43,
        1,
        4,
        35,
        8,
