{
    "min_time": 0.000997304916381836,
    "max_time": 0.09599757194519043,
    "all_time": 0.025292078495025634,
    "min_round": 5,
    "max_round": 21710,
    "all_rounds": 5835097,
    "more_winner": 1,
    "winner": [
        32,
        33,
        54,
        23,
        62,
        71,
        29,
        76,
        35,
        39,
        82,
        2,
        22,
        54,
        38,
        93,
        20,
        32,
        10,
        5,
        34,
        56,
        22,
        5,
        15,
        3,
        10,
        70,
        46,
        4,
        49,
        5,
        69,
        38,
        2,
        12,
        63,
        17,
        68,
        49,
        96,
        80,
        21,
        33,
        82,
        50,
        97,
        51,
        8,
        82,
        85,
        55,
        44,
        77,
        94,
        25,
        39,
        85,
        43,
        53,
        18,
        9,
        60,
        19,
        9,
        54,
        23,
        39,
        42,
        1,
        22,
        61,
        85,
        26,
        34,
        32,
        77,
        49,
        17,
        73,
        8,
        51,
        12,
        44,
        26,
        41,
        42,
        73,
        62,
        78,
        8,
        53,
        7,
        38,
        51,
        49,
        27,
        51,
        69,
        46,
        79,
        39,
        21,
        2,
        30,
        7,
        29,
        46,
        2,
        50,
        64,
        24,
        47,
        98,
        14,
        7,
        37,
        66,
        76,
        11,
        27,
        74,
        22,
        89,
        65,
        21,
        69,
        35,
        5,
        9,
        79,
        63,
        56,
        2,
        25,
        38,
        64,
        7,
        97,
        25,
        16,
        95,
        73,
        51,
        41,
        10,
        1,
        62,
        88,
        81,
        11,
        8,
        53,
        41,
        13,
        50,
        2,
        2,
        9,
        31,
        73,
        7,
        24,
        7,
        27,
        3,
        15,
        56,
        59,
        24,
        41,
        40,
        34,
        55,
        8,
        9,
        22,
        30,
        54,
        13,
        51,
        85,
        10,
        26,
        16,
        3,
        29,
        29,
        46,
        14,
        16,
        56,
        8,
        86,
        30,
        9,
        36,
        38,
        12,
        19,
        67,
        49,
        85,
        59,
        8,
        41,
        51,
        16,
        4,
        16,
        26,
        47,
        16,
        35,
        72,
        17,
        14,
        48,
        19,
        22,
        62,
        22,
        14,
        14,
        67,
        7,
        3,
        66,
        19,
        42,
        48,
        16,
        34,
        87,
        88,
        16,
        52,
        63,
        44,
        41,
        28,
        28,
        52,
        5,
        15,
        20,
        20,
        54,
        13,
        24,
        23,
        56,
        62,
        71,
        9,
        27,
        4,
        62,
        49,
        46,
        29,
        72,
        45,
        21,
        79,
        11,
        17,
        28,
        83,
        58,
        76,
        73,
        30,
        24,
        45,
        32,
        12,
        11,
        12,
        41,
        35,
        8,
        4,
        41,
        42,
        50,
        80,
        46,
        10,
        6,
        48,
        46,
        37,
        3,
        32,
        98,
        49,
        73,
        89,
        43,
        38,
        87,
        16,
        55,
        5,
        84,
        96,
        97,
        40,
        20,
        45,
        38,
        5,
        18,
        68,
        33,
        89,
        46,
        22,
        5,
        32,
        59,
        18,
        4,
        6,
        37,
        33,
        60,
        25,
        30,
        6,
        49,
        15,
        1,
        46,
        77,
        89,
        10,
        18,
        19,
        23,
        49,
        25,
        40,
        6,
        75,
        50,
        10,
        96,
        56,
        9,
        16,
        88,
        45,
        20,
        96,
        58,
        45,
        1,
        41,
        11,
        5,
        6,
        34,
        69,
        53,
        9,
        10,
        40,
        32,
        84,
        69,
        5,
        12,
        6,
        31,
        55,
        23,
        99,
        11,
        1,
        40,
        2,
        10,
        34,
        68,
        89,
        18,
        12,
        56,
        66,
        16,
        39,
        21,
        18,
        1,
        12,
        10,
        8,
        35,
        41,
        23,
        61,
        6,
        2,
        38,
        34,
        83,
        24,
        23,
        27,
        15,
        9,
        34,
        52,
        2,
        88,
        79,
        7,
        9,
        20,
        62,
        51,
        10,
        12,
        73,
        29,
        74,
        34,
        8,
        74,
        10,
        87,
        1,
        20,
        96,
        39,
        10,
        39,
        3,
        1,
        34,
        10,
        94,
        8,
        6,
        59,
        65,
        1,
        11,
        9,
        28,
        50,
        6,
        91,
        1,
        27,
        95,
        10,
        9,
        52,
        24,
        6,
        28,
        53,
        21,
        17,
        16,
        61,
        46,
        52,
        53,
        6,
        20,
        19,
        92,
        44,
        49,
        9,
        78,
        64,
        60,
        51,
        74,
        10,
        16,
        28,
        9,
        40,
        85,
        11,
        90,
        11,
        38,
        98,
        21,
        91,
        30,
        34,
        19,
        79,
        3,
        12,
        53,
        85,
        5,
        56,
        50,
        10,
        11,
        18,
        17,
        70,
        2,
        53,
        3,
        10,
        53,
        97,
        99,
        10,
        5,
        70,
        28,
        61,
        6,
        94,
        61,
        63,
        3,
        45,
        35,
        22,
        36,
        75,
        47,
        28,
        38,
        12,
        32,
        79,
        7,
        2,
        48,
        19,
        93,
        7,
        83,
        2,
        33,
        41,
        16,
        20,
        96,
        2,
        19,
        80,
        54,
        25,
        27,
        43,
        31,
        7,
        48,
        8,
        64,
        18,
        9,
        18,
        7,
        40,
        61,
        10,
        53,
        65,
        18,
        24,
        2,
        75,
        38,
        30,
        87,
        88,
        79,
        33,
        24,
        1,
        20,
        42,
        45,
        1,
        24,
        68,
        14,
        48,
        93,
        31,
        67,
        39,
        65,
        83,
        70,
        15,
        18,
        1,
